-- MySQL dump 10.13  Distrib 8.0.34, for Win64 (x86_64)
--
-- Host: localhost    Database: packpacker
-- ------------------------------------------------------
-- Server version	8.0.34

/*!40101 SET @OLD_CHARACTER_SET_CLIENT=@@CHARACTER_SET_CLIENT */;
/*!40101 SET @OLD_CHARACTER_SET_RESULTS=@@CHARACTER_SET_RESULTS */;
/*!40101 SET @OLD_COLLATION_CONNECTION=@@COLLATION_CONNECTION */;
/*!50503 SET NAMES utf8 */;
/*!40103 SET @OLD_TIME_ZONE=@@TIME_ZONE */;
/*!40103 SET TIME_ZONE='+00:00' */;
/*!40014 SET @OLD_UNIQUE_CHECKS=@@UNIQUE_CHECKS, UNIQUE_CHECKS=0 */;
/*!40014 SET @OLD_FOREIGN_KEY_CHECKS=@@FOREIGN_KEY_CHECKS, FOREIGN_KEY_CHECKS=0 */;
/*!40101 SET @OLD_SQL_MODE=@@SQL_MODE, SQL_MODE='NO_AUTO_VALUE_ON_ZERO' */;
/*!40111 SET @OLD_SQL_NOTES=@@SQL_NOTES, SQL_NOTES=0 */;

--
-- Table structure for table `alembic_version`
--

DROP TABLE IF EXISTS `alembic_version`;
/*!40101 SET @saved_cs_client     = @@character_set_client */;
/*!50503 SET character_set_client = utf8mb4 */;
CREATE TABLE `alembic_version` (
  `version_num` varchar(32) NOT NULL,
  PRIMARY KEY (`version_num`)
) ENGINE=InnoDB DEFAULT CHARSET=utf8mb4 COLLATE=utf8mb4_0900_ai_ci;
/*!40101 SET character_set_client = @saved_cs_client */;

--
-- Dumping data for table `alembic_version`
--

LOCK TABLES `alembic_version` WRITE;
/*!40000 ALTER TABLE `alembic_version` DISABLE KEYS */;
INSERT INTO `alembic_version` VALUES ('808d061448e5');
/*!40000 ALTER TABLE `alembic_version` ENABLE KEYS */;
UNLOCK TABLES;

--
-- Table structure for table `clinics`
--

DROP TABLE IF EXISTS `clinics`;
/*!40101 SET @saved_cs_client     = @@character_set_client */;
/*!50503 SET character_set_client = utf8mb4 */;
CREATE TABLE `clinics` (
  `id` int NOT NULL AUTO_INCREMENT,
  `name` varchar(255) DEFAULT NULL,
  `clinicLoc` varchar(255) DEFAULT NULL,
  `phone` varchar(255) DEFAULT NULL,
  `email` varchar(255) DEFAULT NULL,
  `created_at` datetime DEFAULT CURRENT_TIMESTAMP,
  `updated_at` datetime DEFAULT NULL,
  PRIMARY KEY (`id`),
  UNIQUE KEY `name` (`name`),
  KEY `ix_clinics_id` (`id`)
) ENGINE=InnoDB AUTO_INCREMENT=3 DEFAULT CHARSET=utf8mb4 COLLATE=utf8mb4_0900_ai_ci;
/*!40101 SET character_set_client = @saved_cs_client */;

--
-- Dumping data for table `clinics`
--

LOCK TABLES `clinics` WRITE;
/*!40000 ALTER TABLE `clinics` DISABLE KEYS */;
INSERT INTO `clinics` VALUES (1,'SAGE Concord','2055 Meridian Park Blvd','(925) 627-7243','concord@sagecenters.com','2023-09-21 18:27:36','2023-09-21 18:32:02');
/*!40000 ALTER TABLE `clinics` ENABLE KEYS */;
UNLOCK TABLES;

--
-- Table structure for table `clinics_and_procedures`
--

DROP TABLE IF EXISTS `clinics_and_procedures`;
/*!40101 SET @saved_cs_client     = @@character_set_client */;
/*!50503 SET character_set_client = utf8mb4 */;
CREATE TABLE `clinics_and_procedures` (
  `clinic_id` int DEFAULT NULL,
  `procedure_id` int DEFAULT NULL,
  KEY `clinic_id` (`clinic_id`),
  KEY `procedure_id` (`procedure_id`),
  CONSTRAINT `clinics_and_procedures_ibfk_1` FOREIGN KEY (`clinic_id`) REFERENCES `clinics` (`id`),
  CONSTRAINT `clinics_and_procedures_ibfk_2` FOREIGN KEY (`procedure_id`) REFERENCES `procedures` (`id`)
) ENGINE=InnoDB DEFAULT CHARSET=utf8mb4 COLLATE=utf8mb4_0900_ai_ci;
/*!40101 SET character_set_client = @saved_cs_client */;

--
-- Dumping data for table `clinics_and_procedures`
--

LOCK TABLES `clinics_and_procedures` WRITE;
/*!40000 ALTER TABLE `clinics_and_procedures` DISABLE KEYS */;
/*!40000 ALTER TABLE `clinics_and_procedures` ENABLE KEYS */;
UNLOCK TABLES;

--
-- Table structure for table `instruments`
--

DROP TABLE IF EXISTS `instruments`;
/*!40101 SET @saved_cs_client     = @@character_set_client */;
/*!50503 SET character_set_client = utf8mb4 */;
CREATE TABLE `instruments` (
  `id` int NOT NULL AUTO_INCREMENT,
  `name` varchar(255) DEFAULT NULL,
  `description` varchar(255) DEFAULT NULL,
  `img_url` varchar(255) DEFAULT NULL,
  `created_at` datetime DEFAULT CURRENT_TIMESTAMP,
  `updated_at` datetime DEFAULT NULL,
  `onHand` int DEFAULT NULL,
  `manufacturer` varchar(255) DEFAULT NULL,
  `serial_number` varchar(255) DEFAULT NULL,
  PRIMARY KEY (`id`),
  UNIQUE KEY `ix_instruments_name` (`name`),
  KEY `ix_instruments_id` (`id`)
) ENGINE=InnoDB AUTO_INCREMENT=949 DEFAULT CHARSET=utf8mb4 COLLATE=utf8mb4_0900_ai_ci;
/*!40101 SET character_set_client = @saved_cs_client */;

--
-- Dumping data for table `instruments`
--

LOCK TABLES `instruments` WRITE;
/*!40000 ALTER TABLE `instruments` DISABLE KEYS */;
INSERT INTO `instruments` VALUES (2,'Dingman Periosteal Elevator','Bendy-tipped scrapy-boi.','https://www.integralife.com/dingman-periosteal-elevator/product/surgical-instruments-hospitals-surgery-centers-tissue-banks-padgett-plastic-reconstructive-surgery-elevator-dingman-periosteal-elevator','2023-09-21 19:57:16','2023-10-16 13:28:32',5,'Miltex',NULL),(3,'Mini Hohmann Retractor','Knee-looker-inner','https://www.integralife.com/mini-hohmann-retractor/product/surgical-instruments-miltex-instruments-veterinary-orthopedic-mini-hohmann-retractor','2023-09-21 20:07:11','2023-10-16 13:28:35',1,'Miltex',NULL),(4,'Suction, Frazier Tip, #8','#8 Frazier Tip','https://www.integralife.com/frazier-suction-tube/product/surgical-instruments-hospitals-surgery-centers-tissue-banks-ruggles-redmond-suction-tubes-accessories-frazier-suction-tube','2023-09-21 20:49:59','2023-10-20 11:14:12',10,'Miltex',''),(5,'Pin Cutters, Gold-handled','Gold-handled Pin Cutters','https://surgicalmart.com/shop/orthopedic-instruments/wire-pin-cutters/t-c-wire-pin-cutter-18-5-side-cutting-with-adjustable-bolt-sm3610/','2023-09-23 13:04:43','2023-10-16 13:29:08',5,'Securos',NULL),(6,'Retractor, Senn','Rakey-man, grabby-fella, nurse-stabbinator.','https://packpacker.s3.us-west-1.amazonaws.com/Instruments/Senn.jpg','2023-09-26 11:19:22','2023-10-20 16:14:17',25,'Miltex',''),(7,'Retractor, Balfour, Baby','Small belly-spreader','https://packpacker.s3.us-west-1.amazonaws.com/Instruments/Balfour.jpg','2023-09-26 11:19:44','2023-10-16 13:34:37',4,'Miltex',NULL),(8,'Retractor, Finochetto, small','Cranky-chest crackinator.','','2023-09-26 11:20:10','2023-10-16 13:34:42',3,'Miltex',NULL),(9,'Retractor, Finochetto, medium','Cranky-chest crackinator.','','2023-09-26 11:20:19','2023-10-20 16:14:10',50,'Miltex',''),(10,'Retractor, Finochetto, large','Cranky-chest crackinator.','','2023-09-26 11:20:40','2023-10-20 11:20:38',5,'Miltex',''),(11,'Elevator, Freer','Frees things','https://packpacker.s3.us-west-1.amazonaws.com/Instruments/Freer.jpg','2023-09-26 11:21:49','2023-10-16 13:35:01',20,'Miltex',NULL),(12,'Forceps, Carmalt','Carmalts','','2023-09-26 11:22:33','2023-10-18 08:29:57',40,'Miltex',NULL),(13,'Hemostat, Kelly, Curved','All the way','','2023-09-26 11:22:54','2023-10-18 08:30:01',40,'Miltex',NULL),(14,'Hemostat, Mosquito','Wee snappy boy','','2023-09-26 11:23:06','2023-10-18 08:30:05',40,'Miltex',NULL),(15,'Thumb Forceps, Debakey','Can be holey or un-holey.','','2023-09-26 11:23:25','2023-10-18 08:30:08',20,'Miltex',NULL),(16,'Lone Star Retractor','Mark\'s Favorite Toy','','2023-09-26 11:23:40','2023-10-18 08:30:10',2,'Miltex',NULL),(17,'Gauze, 4x4','Gauze, non radiolucent','','2023-09-26 21:00:26','2023-10-19 10:06:03',150,'Disposable',NULL),(18,'Suction, Frazier Tip, #10','10 Frazier Tip','','2023-09-26 21:01:24','2023-10-16 13:26:58',3,'Miltex',NULL),(19,'Suction, Frazier Tip, #12','Suction, Frazier Tip, #12','','2023-09-26 21:01:43','2023-10-16 13:27:01',5,'Miltex',NULL),(20,'Suction, Poole Tip, Curved','Two pieces, inner and outer.','','2023-09-26 21:01:59','2023-10-16 13:27:04',8,'Miltex',NULL),(21,'Suction, Poole Tip, Straight','Nobody likes these.','','2023-09-26 21:02:10','2023-10-16 13:27:07',5,'Miltex',NULL),(23,'Duraprep','Sterile drape for wrapping legs.','','2023-09-26 21:02:48','2023-10-18 08:55:58',30,'3M',NULL),(24,'Retractor, Balfour, CSU','CSU Balfour','https://packpacker.s3.us-west-1.amazonaws.com/Instruments/Balfour.jpg','2023-09-26 21:06:16','2023-10-19 09:53:35',3,'Securos',NULL),(25,'Forceps, Rongeur, Double Action','Grabby-fellas','','2023-09-27 08:50:12','2023-10-19 09:53:43',20,'Miltex',NULL),(26,'Needle Driver, Baumgartner','The ones without scissors.','','2023-09-27 08:52:39','2023-10-19 09:53:47',20,'Miltex',NULL),(27,'Needle Driver, Olsen-Hegar','The ones with scissors.','','2023-09-27 08:53:49','2023-10-19 09:53:50',20,'Miltex',NULL),(28,'Osteotome','Variety size','','2023-09-27 08:54:29','2023-10-19 09:53:58',10,'Miltex',NULL),(29,'Scissors, Metzenbaum, Large','Dissecting scissors.','','2023-09-27 08:54:59','2023-10-19 09:54:02',20,'Miltex',NULL),(30,'Scissors, Mayo','More scissors','','2023-09-27 08:55:32','2023-10-19 09:54:05',10,'Miltex',NULL),(31,'Scissors, Sharp-Blunt','For cutting drapes.','','2023-09-27 08:55:50','2023-10-18 08:59:02',10,'Miltex',NULL),(32,'Thumb Forceps, Rat-tooth','Pinchy grabbers','','2023-09-27 08:56:27','2023-10-19 09:54:17',40,'Miltex',NULL),(33,'Thumb Forceps, Brown Adson','The usual grabbers','','2023-09-27 08:57:00','2023-10-19 09:54:23',30,'Miltex',NULL),(34,'Pliers','Pliers','','2023-09-27 08:57:48','2023-10-19 09:54:26',2,'Miltex',NULL),(35,'Pin Puller','Pin puller','','2023-09-27 08:57:58','2023-10-19 09:54:29',15,'Miltex',NULL),(36,'Cerclage Wire','Cerclage Wire, variety sizes','','2023-09-27 08:58:15','2023-10-19 09:54:32',1,'Miltex',NULL),(37,'Hobby Saw','Saws stuff','','2023-09-27 08:58:37',NULL,5,'Miltex',NULL),(38,'Gigli Wire','Gigli Wire','','2023-09-27 08:58:49',NULL,5,'Miltex',NULL),(39,'Loop Cerclage Wire','Variety Size','','2023-09-27 08:59:01',NULL,20,'Miltex',NULL),(40,'Arthrex Wires','Variety sizes','','2023-09-27 08:59:17','2023-10-18 08:34:53',10,'Arthrex',NULL),(41,'Pin Cutter, Dyke','Wire cutters that are sideways.','','2023-09-27 09:00:26',NULL,5,'Miltex',NULL),(42,'Pin Cutter, End-On','The ones Marty likes.','','2023-09-27 09:00:44',NULL,5,'Miltex',NULL),(43,'Wire Twister','Twists wire','','2023-09-27 09:00:57',NULL,2,'Miltex',NULL),(44,'Wire Passer','Passes wire','','2023-09-27 09:01:09',NULL,2,'Miltex',NULL),(45,'Bone Rasp','Rasps bone','','2023-09-27 09:01:22',NULL,10,'Miltex',NULL),(46,'Hand Chuck','Screws Stuff In?','','2023-09-27 09:01:43','2023-09-27 21:33:05',2,'Miltex',NULL),(47,'Stockinette, 2\"','Stockinette, 2\"','','2023-09-27 09:02:17',NULL,10,'Miltex',NULL),(48,'Stockinette, 4\"','Stockinette, 4\"','','2023-09-27 09:02:26',NULL,10,'Miltex',NULL),(49,'Stockinette, 6\"','Stockinette, 6\"','','2023-09-27 09:02:38',NULL,10,'Miltex',NULL),(50,'Vetwrap and Foil, 2\"','Vetwrap and Foil, 2\"','','2023-09-27 09:02:51',NULL,10,'Miltex',NULL),(51,'Vetwrap and Foil, 4\"','Vetwrap and Foil, 4\"','','2023-09-27 09:03:01',NULL,10,'Miltex',NULL),(52,'Towel Clamp','Towel Clamp','','2023-09-27 09:03:24',NULL,40,'Miltex',NULL),(53,'Cotton-Tipped Applicator','A pack of sterile q-tips, CTA','','2023-09-27 09:03:45','2023-10-05 14:41:04',20,'Miltex',NULL),(54,'Penrose Drain','Penrose Drain','','2023-09-27 09:03:58',NULL,10,'Miltex',NULL),(55,'Tongue Depressor','Sterile tongue blades','','2023-09-27 09:04:14',NULL,20,'Miltex',NULL),(56,'Drill Bit, 1.1','Drill Bit, 1.1','','2023-09-27 09:04:35',NULL,2,'Miltex',NULL),(57,'Drill Tap, 1.1','Drill Tap, 1.1','','2023-09-27 09:04:45',NULL,2,'Miltex',NULL),(58,'Drill Tap, 1.5','Drill Tap, 1.5','','2023-09-27 09:05:00',NULL,5,'Miltex',NULL),(59,'Drill Bit, 1.5','Drill Bit, 1.5','','2023-09-27 09:05:11',NULL,5,'Miltex',NULL),(60,'Drill Bit, 1.8','Drill Bit, 1.8','','2023-09-27 09:05:24',NULL,2,'Miltex',NULL),(61,'Drill Bit, 2.7','Drill Bit, 2.7','','2023-09-27 09:06:44',NULL,3,'Miltex',NULL),(62,'Drill Bit, 2.8','Drill Bit, 2.8','','2023-09-27 09:06:55',NULL,5,'Miltex',NULL),(63,'Drill Bit, 3.2','Drill Bit, 3.2','','2023-09-27 09:07:22',NULL,5,'Miltex',NULL),(64,'Drill Bit, 3.5','Drill Bit, 3.5','','2023-09-27 09:07:31',NULL,5,'Miltex',NULL),(65,'Drill Bit, 4.0','Drill Bit, 4.0','','2023-09-27 09:07:41',NULL,5,'Miltex',NULL),(66,'Drill Bit, 4.5','Drill Bit, 4.5','','2023-09-27 09:07:49',NULL,5,'Miltex',NULL),(67,'Drill Bit, 2.5','Drill Bit, 2.5','','2023-09-27 09:07:59',NULL,5,'Miltex',NULL),(68,'Drill Tap, 3.5','Drill Tap, 3.5','','2023-09-27 09:08:10',NULL,5,'Miltex',NULL),(69,'Drill Bit, Cannulated, 2.7','Drill Bit, Cannulated, 2.7','','2023-09-27 09:08:27',NULL,2,'Miltex',NULL),(70,'Drill Bit, Cannulated, 3.5','Drill Bit, Cannulated, 3.5','','2023-09-27 09:08:35',NULL,2,'Miltex',NULL),(71,'Gelpi, small','The babiest gelpis','','2023-09-27 09:09:01',NULL,20,'Miltex',NULL),(72,'Gelpi, medium','An in-betweener Gelpi.','','2023-09-27 09:09:20',NULL,40,'Miltex',NULL),(73,'Gelpi, large','The big boy','','2023-09-27 09:09:29',NULL,40,'Miltex',NULL),(74,'Handle, Quick Coupling','Quick-coupling handle','','2023-09-27 09:09:55',NULL,3,'Miltex',NULL),(75,'Lap Pad','Lap pads to mop up lots of stuff','','2023-09-27 09:10:13',NULL,50,'Miltex',NULL),(76,'Graft Cup','Sterile cups for mixing','','2023-09-27 09:10:38',NULL,10,'Miltex',NULL),(77,'Bone Anchor','I honestly have no idea what this does.','','2023-09-27 09:10:52',NULL,5,'Miltex',NULL),(78,'Pin, Toggle','This toggles stuff? I don\'t know what this does either.','','2023-09-27 09:11:17',NULL,20,'Miltex',NULL),(79,'Screwdriver, T8','T8 Screwdriver','','2023-09-27 09:46:46',NULL,2,'Miltex',NULL),(80,'Screwdriver, T15','T15 Screwdriver','','2023-09-27 09:47:10',NULL,2,'Miltex',NULL),(81,'Screwdriver, Tip, T8','T8 Screwdriver Tip','','2023-09-27 09:47:36',NULL,5,'Miltex',NULL),(82,'Screwdriver, Tip, T15','T15 Screwdriver Tip','','2023-09-27 09:47:49',NULL,5,'Miltex',NULL),(83,'Blade, 10','10 blade','','2023-09-27 09:48:34',NULL,50,'Miltex',NULL),(84,'Blade, 11','11 Blade','','2023-09-27 09:58:33',NULL,50,'Miltex',NULL),(85,'Blade, 15','15 Blade','','2023-09-27 09:58:42',NULL,50,'Miltex',NULL),(86,'Blade, TPLO, 24','The standard TPLO blade','','2023-09-27 09:59:41','2023-10-16 13:50:12',3,'Synthes',NULL),(87,'Blade, TPLO, 12','TPLO Saw blade','','2023-09-27 10:00:32','2023-10-16 13:50:15',2,'Synthes',NULL),(88,'Blade, TPLO, 14','TPLO blade','','2023-09-27 10:00:44','2023-10-16 13:50:18',2,'Synthes',NULL),(89,'Blade, TPLO, 16','TPLO blade','','2023-09-27 10:00:55','2023-10-16 13:50:21',2,'Synthes',NULL),(90,'Blade, TPLO, 18','TPLO blade','','2023-09-27 10:01:11','2023-10-16 13:50:24',2,'Synthes',NULL),(91,'Blade, TPLO, 20','TPLO blade','','2023-09-27 10:01:20','2023-10-16 13:50:27',2,'Synthes',NULL),(92,'Blade, TPLO, 22','TPLO blade','','2023-09-27 10:01:29','2023-10-16 13:50:30',2,'Synthes',NULL),(93,'Blade, TPLO, 26','TPLO blade','','2023-09-27 10:01:40','2023-10-16 13:50:36',2,'Synthes',NULL),(95,'Blade, TPLO, 30','TPLO blade','','2023-09-27 10:02:00','2023-10-16 13:50:39',2,'Synthes',NULL),(96,'Blade, TPLO, 28','TPLO blade','','2023-09-27 10:54:06','2023-10-16 13:50:42',2,'Synthes',NULL),(97,'Needle Driver, Crilewood','The other really good one without scissors','','2023-09-27 13:55:59',NULL,10,'Miltex',NULL),(98,'Calipers','Calipers','','2023-09-27 14:43:57',NULL,2,'Miltex',NULL),(99,'Slocum 3.5 Jig','Jig for TPLO','','2023-09-27 14:44:14','2023-10-16 13:51:18',4,'Synthes',NULL),(100,'Depth Gauge, small (20mm)','Measures depth of drill holes.','','2023-09-27 14:44:34','2023-10-02 13:30:54',5,'Miltex',NULL),(101,'Depth Gauge, large (50mm)','Measures depth of drill holes.','','2023-09-27 14:44:44','2023-10-02 13:30:49',4,'Miltex',NULL),(102,'Probe, Meniscal','Probe for the meniscus','','2023-09-27 14:44:59',NULL,2,'Miltex',NULL),(103,'Drill Guide, Locking','Drill guides for locking set.','','2023-09-27 14:46:02','2023-10-16 13:07:39',10,'Synthes',NULL),(104,'Drill Guide, Slocum, 2.5','Non-locking drill guide','','2023-09-27 14:46:16','2023-10-16 13:07:43',10,'Synthes',NULL),(105,'Plate Benders','Set of two benders for plates.','','2023-09-27 14:47:10',NULL,5,'Miltex',NULL),(106,'Cautery, Monopolar','Bovie Handle','','2023-09-27 14:47:38','2023-10-16 13:52:20',30,'Bovie',NULL),(107,'Cautery, Bipolar','Bipolar Cautery','','2023-09-27 14:47:52','2023-10-16 13:52:39',10,'Bovie',NULL),(108,'Cautery, Ligasure, large','Bigasure','','2023-09-27 14:48:06','2023-10-16 13:52:33',10,'Medtronic',NULL),(109,'Cautery, Ligasure, small','Smallasure','','2023-09-27 14:48:18','2023-10-16 13:52:35',10,'Medtronic',NULL),(110,'Forceps, Doyen','Long clampy boys','','2023-09-27 14:57:54',NULL,10,'Miltex',NULL),(111,'Bobby Pins','Sterile bobby pins','','2023-09-27 14:58:09',NULL,20,'Miltex',NULL),(112,'Hook, Spay','Spay Hook','','2023-09-27 14:58:18',NULL,10,'Miltex',NULL),(113,'Forceps, Bone, Lalonde','Clamp for bones','','2023-09-27 14:59:44',NULL,5,'Miltex',NULL),(114,'Forceps, Satinsky','I don\'t know what this does.','','2023-09-27 15:00:10',NULL,5,'Miltex',NULL),(115,'Spoon, Bladder','Bladder stone getter.','','2023-09-27 15:00:43',NULL,5,'Miltex',NULL),(116,'Spoon, Gall Bladder','Gets goop outta the gall bladder.','','2023-09-27 15:00:56',NULL,5,'Miltex',NULL),(117,'Hemostat, Ochsner','Hemostat','','2023-09-27 15:03:04',NULL,5,'Miltex',NULL),(118,'Curette, Ear','Gets ear wax out.','','2023-09-27 15:03:18',NULL,5,'Miltex',NULL),(119,'Curette, Bone','Gets bones out?','','2023-09-27 15:03:29',NULL,5,'Miltex',NULL),(120,'Sterile Towel','Blue towels.','','2023-09-27 15:03:44',NULL,100,'Miltex',NULL),(121,'Drapes, Utility','Drape Pack','','2023-09-27 15:04:01','2023-10-09 10:30:54',30,'Miltex',NULL),(122,'Stapler, TA-60','TA-60 Stapler','','2023-09-27 15:04:30',NULL,5,'Miltex',NULL),(123,'Cartridge, TA-60, Blue','Blue TA-60 Cartridge','','2023-09-27 15:04:47',NULL,20,'Miltex',NULL),(124,'Cartridge, TA-60, White','White TA-60 Cartridges','','2023-09-27 15:05:03',NULL,20,'Miltex',NULL),(125,'Stapler, 50mm GIA','GIA 50mm Stapler','','2023-09-27 15:05:38',NULL,3,'Miltex',NULL),(126,'Stapler, 60mm GIA','60mm GIA Stapler','','2023-09-27 15:06:02',NULL,5,'Miltex',NULL),(127,'Stapler, Skin','Attaches drapes to skin.','','2023-09-27 15:06:17',NULL,30,'Miltex',NULL),(128,'Retractor, Army-Navy','Army-Navy','','2023-09-27 15:11:10',NULL,2,'Miltex',NULL),(129,'Retractor, Ribbon','Ribbon retractor','','2023-09-27 15:11:21',NULL,3,'Miltex',NULL),(130,'Retractor, Rake','Rake Retractor','','2023-09-27 15:11:31',NULL,3,'Miltex',NULL),(131,'Forceps, Sponge','Sponge Forcep','','2023-09-27 15:11:51',NULL,5,'Miltex',NULL),(132,'Retractor, Weitlaner','Weitlaner Retractor','','2023-09-27 15:12:15',NULL,3,'Miltex',NULL),(133,'Hemostat, Mosquito, Curved','Curved Mosquito','','2023-09-27 15:12:46',NULL,5,'Miltex',NULL),(134,'Hemostat, Mosquito, Straight','Straight mosquito.','','2023-09-27 15:12:57',NULL,10,'Miltex',NULL),(135,'Forceps, Allis','10','','2023-09-27 15:13:19',NULL,5,'Miltex',NULL),(136,'Forceps, Babcocks','Stuff','','2023-09-27 15:13:37',NULL,20,'Miltex',NULL),(137,'Needle, 18G','18G needle','','2023-09-27 18:09:10',NULL,50,'Miltex',NULL),(138,'Syringe, 35mL','35mL Syringe','','2023-09-27 18:09:23',NULL,50,'Miltex',NULL),(139,'Bowl, Saline','Saline bowl','','2023-09-27 18:09:37',NULL,20,'Miltex',NULL),(140,'Screw, Locking, 1.5, 12mm','Locking 12mm 1.5','','2023-09-28 08:24:06','2023-10-16 13:07:47',10,'Synthes',NULL),(141,'Screw, Locking, 1.5, 10mm','10mm 1.5 locking screw','','2023-09-28 08:43:55','2023-10-16 13:08:52',10,'Synthes',NULL),(142,'Screw, Locking, 1.5, 14mm','Screw, Locking, 1.5, 14 mm','','2023-09-28 08:45:40','2023-10-16 13:08:55',10,'Synthes',NULL),(143,'Screw, Locking, 1.5, 16mm','Screw, Locking, 1.5, 16mm','','2023-09-28 08:45:51','2023-10-16 13:08:58',10,'Synthes',NULL),(144,'Screw, Locking, 1.5, 18mm','Screw, Locking, 1.5, 18mm','','2023-09-28 08:46:07','2023-10-16 13:09:01',10,'Synthes',NULL),(145,'Screw, Locking, 1.5, 20mm','Screw, Locking, 1.5, 20mm','','2023-09-28 08:46:17','2023-10-16 13:09:06',10,'Synthes',NULL),(146,'Screw, Locking, 1.5, 22mm','Screw, Locking, 1.5, 22mm','','2023-09-28 08:46:29','2023-10-16 13:09:09',10,'Synthes',NULL),(147,'Screw, Locking, 1.5, 24mm','Screw, Locking, 1.5, 24mm','','2023-09-28 08:46:44','2023-10-16 13:09:15',10,'Synthes',NULL),(148,'Screw, Locking, 1.5, 11mm','Screw, Locking, 1.5, 11mm','','2023-09-28 08:46:54','2023-10-16 13:09:23',10,'Synthes',NULL),(149,'Screw, Locking, 1.5, 9mm','Screw, Locking, 1.5, 9mm','','2023-09-28 08:47:06','2023-10-16 13:09:20',10,'Synthes',NULL),(150,'Screw, Locking, 1.5, 8mm','Screw, Locking, 1.5, 8mm','','2023-09-28 08:47:14','2023-10-16 13:09:26',10,'Synthes',NULL),(151,'Screw, Locking, 1.5, 7mm','Screw, Locking, 1.5, 7mm','','2023-09-28 08:47:27','2023-10-16 13:09:28',10,'Synthes',NULL),(152,'Screw, Locking, 1.5, 6mm','Screw, Locking, 1.5, 6mm','','2023-09-28 08:47:45','2023-10-16 13:09:31',10,'Synthes',NULL),(153,'Screw, Locking, 2.7, 10mm','Screw, Locking, 2.7, 10mm','','2023-09-28 08:54:44','2023-10-16 13:09:34',10,'Synthes',NULL),(154,'Screw, Locking, 2.7, 12mm','Screw, Locking, 2.7, 12mm','','2023-09-28 08:55:01','2023-10-16 13:09:37',10,'Synthes',NULL),(155,'Screw, Locking, 2.7, 14mm','Screw, Locking, 2.7, 14mm','','2023-09-28 08:55:17','2023-10-16 13:09:41',10,'Synthes',NULL),(156,'Screw, Locking, 2.7, 16mm','Screw, Locking, 2.7, 16mm','','2023-09-28 08:55:26','2023-10-16 13:09:45',10,'Synthes',NULL),(157,'Screw, Locking, 2.7, 18mm','Screw, Locking, 2.7, 18mm','','2023-09-28 08:55:36','2023-10-16 13:09:48',10,'Synthes',NULL),(158,'Screw, Locking, 2.7, 20mm','Screw, Locking, 2.7, 20mm','','2023-09-28 08:55:47','2023-10-16 13:11:50',10,'Synthes',NULL),(159,'Screw, Locking, 2.7, 22mm','Screw, Locking, 2.7, 22mm','','2023-09-28 08:55:56','2023-10-16 13:11:52',10,'Synthes',NULL),(160,'Screw, Locking, 2.7, 24mm','Screw, Locking, 2.7, 24mm','','2023-09-28 08:56:09','2023-10-16 13:11:55',10,'Synthes',NULL),(161,'Screw, Locking, 2.7, 26mm','Screw, Locking, 2.7, 26mm','','2023-09-28 08:56:16','2023-10-16 13:11:58',10,'Synthes',NULL),(162,'Screw, Locking, 2.7, 28mm','Screw, Locking, 2.7, 28mm','','2023-09-28 08:56:25','2023-10-16 13:12:01',10,'Synthes',NULL),(163,'Screw, Locking, 2.7, 30mm','Screw, Locking, 2.7, 30mm','','2023-09-28 08:56:36','2023-10-16 13:12:05',10,'Synthes',NULL),(164,'Screw, Locking, 2.7, 32mm','Screw, Locking, 2.7, 32mm','','2023-09-28 08:56:44','2023-10-16 13:12:08',10,'Synthes',NULL),(165,'Screw, Locking, 2.7, 34mm','Screw, Locking, 2.7, 34mm','','2023-09-28 08:56:53','2023-10-16 13:12:12',10,'Synthes',NULL),(166,'Screw, Locking, 3.5, 10mm','Screw, Locking, 3.5, 10mm','','2023-09-28 08:57:38','2023-10-16 13:12:15',10,'Synthes',NULL),(167,'Screw, Locking, 3.5, 12mm','Screw, Locking, 3.5, 12mm','','2023-09-28 08:57:48','2023-10-16 13:12:19',10,'Synthes',NULL),(168,'Screw, Locking, 3.5, 14mm','Screw, Locking, 3.5, 14mm','','2023-09-28 08:58:02','2023-10-16 13:12:28',10,'Synthes',NULL),(169,'Screw, Locking, 3.5, 16mm','Screw, Locking, 3.5, 16mm','','2023-09-28 08:58:14','2023-10-16 13:12:24',10,'Synthes',NULL),(170,'Screw, Locking, 3.5, 18mm','Screw, Locking, 3.5, 18mm','','2023-09-28 08:58:25','2023-10-16 13:12:31',10,'Synthes',NULL),(171,'Screw, Locking, 3.5, 20mm','Screw, Locking, 3.5, 20mm','','2023-09-28 08:58:35','2023-10-16 13:12:35',10,'Synthes',NULL),(172,'Screw, Locking, 3.5, 22mm','Screw, Locking, 3.5, 22mm','','2023-09-28 08:58:48','2023-10-16 13:12:38',10,'Synthes',NULL),(173,'Screw, Locking, 3.5, 24mm','Screw, Locking, 3.5, 24mm','','2023-09-28 08:58:58','2023-10-16 13:12:40',10,'Synthes',NULL),(174,'Screw, Locking, 3.5, 26mm','Screw, Locking, 3.5, 26mm','','2023-09-28 08:59:15','2023-10-16 13:12:44',10,'Synthes',NULL),(175,'Screw, Locking, 3.5, 28mm','Screw, Locking, 3.5, 28mm','','2023-09-28 09:00:44','2023-10-16 13:12:47',10,'Synthes',NULL),(176,'Screw, Locking, 3.5, 30mm','Screw, Locking, 3.5, 30mm','','2023-09-28 09:00:53','2023-10-16 13:12:55',10,'Synthes',NULL),(177,'Screw, Locking, 3.5, 32mm','Screw, Locking, 3.5, 32mm','','2023-09-28 09:01:02','2023-10-16 13:12:52',10,'Synthes',NULL),(178,'Screw, Locking, 3.5, 34mm','Screw, Locking, 3.5, 34mm','','2023-09-28 09:01:12','2023-10-16 13:12:59',10,'Synthes',NULL),(179,'Screw, Locking, 3.5, 36mm','Screw, Locking, 3.5, 36mm','','2023-09-28 09:01:19','2023-10-16 13:13:06',10,'Synthes',NULL),(180,'Screw, Locking, 3.5, 38mm','Screw, Locking, 3.5, 38mm','','2023-09-28 09:01:28','2023-10-16 13:13:09',10,'Synthes',NULL),(181,'Screw, Locking, 3.5, 40mm','Screw, Locking, 3.5, 40mm','','2023-09-28 09:01:38','2023-10-16 13:13:13',10,'Synthes',NULL),(182,'Screw, Locking, 3.5, 45mm','Screw, Locking, 3.5, 45mm','','2023-09-28 09:01:50','2023-10-16 13:13:16',10,'Synthes',NULL),(183,'Screw, Locking, 3.5, 50mm','Screw, Locking, 3.5, 50mm','','2023-09-28 09:02:01','2023-10-16 13:13:20',10,'Synthes',NULL),(184,'Screw, Locking, 3.5, 55mm','Screw, Locking, 3.5, 55mm','','2023-09-28 09:02:42','2023-10-16 13:13:23',10,'Synthes',NULL),(185,'Screw, Locking, 3.5, 60mm','Screw, Locking, 3.5, 60mm','','2023-09-28 09:02:51','2023-10-16 13:13:25',10,'Synthes',NULL),(186,'Drill, Arthrex, Battery Holder','Holder for Arthrex battery','','2023-09-28 09:11:10',NULL,2,'Miltex',NULL),(187,'Drill, Arthrex, Battery Aseptic Transfer Kit','Battery toilet seat','','2023-09-28 09:11:39','2023-09-28 09:12:10',2,'Miltex',NULL),(188,'Drill, Arthrex, Pin Collet','Pin Collet for Arthrex','','2023-09-28 09:11:59',NULL,1,'Miltex',NULL),(189,'Drill, Arthrex, Drill','The actual handpiece','','2023-09-28 09:12:34',NULL,2,'Miltex',NULL),(190,'Drill, Arthrex, Sagittal Saw Attachment','Sagittal saw for Arthrex drill','','2023-09-28 09:13:00',NULL,1,'Miltex',NULL),(191,'Drill, Arthrex, Quick Coupler','The thing that takes the drill bits.','','2023-09-28 09:16:41',NULL,2,'Miltex',NULL),(192,'Saw, TPLO, Handle','TPLO Saw Handle','','2023-09-28 09:17:03','2023-10-16 13:51:14',2,'Synthes',NULL),(193,'Saw, TPLO, Hose','The pneumatic hose for the TPLO saw','','2023-09-28 09:17:18','2023-10-16 13:51:10',3,'Synthes',NULL),(194,'Saw, TPLO, Allen Wrench','Allen wrench for TPLO saw','','2023-09-28 09:17:34','2023-10-16 13:51:06',3,'Synthes',NULL),(195,'Saw, TPLO, Blade Wrench','The thing that tightens the blade.','','2023-09-28 09:21:09','2023-10-16 13:51:04',5,'Synthes',NULL),(196,'Plate, 2.7 TPLO, Left','L 2.7 TPLO plate','','2023-09-28 09:55:56','2023-10-16 13:50:59',2,'Synthes',NULL),(197,'Plate, 2.7, TPLO, Right, ','2.7mm Right TPLO plate','','2023-09-28 09:56:20','2023-10-16 13:51:01',2,'Synthes',NULL),(198,'Plate, 3.5, TPLO, Left','3.5mm left TPLO plate','','2023-09-28 09:56:42','2023-10-16 13:50:56',2,'Synthes',NULL),(199,'Plate,  3.5, TPLO, Right','Right 3.5mm TPLO plate','','2023-09-28 09:57:03','2023-10-16 13:50:52',2,'Synthes',NULL),(200,'Plate,  3.5, TPLO, Left, Broad','Broad left TPLO 3.5 plate.','','2023-09-28 09:57:25','2023-10-16 13:50:47',2,'Synthes',NULL),(201,'Plate, 3.5, TPLO, Right, Broad','Right broad 3.5mm TPLO plate','','2023-09-28 09:57:39','2023-10-16 13:51:22',2,'Synthes',NULL),(202,'Plate, 3.5, TPLO, Left, Short','Left short TPLO plate','','2023-09-28 09:58:31','2023-10-16 13:51:24',2,'Synthes',NULL),(203,'Plate, 3.5, TPLO, Right, Short','Short right TPLO plate','','2023-09-28 09:58:43','2023-10-16 13:51:29',2,'Synthes',NULL),(204,'Screw, Cancellous, 4.0, 12mm','Screw, Cancellous, 4.0, 12mm','','2023-09-28 10:03:55',NULL,2,'Miltex',NULL),(205,'Screw, Cancellous, 4.0, 14mm','Screw, Cancellous, 4.0, 14mm','','2023-09-28 10:04:05',NULL,2,'Miltex',NULL),(206,'Screw, Cancellous, 4.0, 16mm','Screw, Cancellous, 4.0, 16mm','','2023-09-28 10:04:14',NULL,2,'Miltex',NULL),(207,'Screw, Cancellous, 4.0, 18mm','Screw, Cancellous, 4.0, 18mm','','2023-09-28 10:04:30',NULL,2,'Miltex',NULL),(208,'Screw, Cancellous, 4.0, 20mm','Screw, Cancellous, 4.0, 20mm','','2023-09-28 10:04:45',NULL,2,'Miltex',NULL),(209,'Screw, Cancellous, 4.0, 22mm','Screw, Cancellous, 4.0, 22mm','','2023-09-28 10:04:58',NULL,2,'Miltex',NULL),(210,'Screw, Cancellous, 4.0, 24mm','Screw, Cancellous, 4.0, 24mm','','2023-09-28 10:05:07',NULL,2,'Miltex',NULL),(211,'Screw, Cancellous, 4.0, 26mm','Screw, Cancellous, 4.0, 26mm','','2023-09-28 10:05:15',NULL,2,'Miltex',NULL),(212,'Screw, Cancellous, 4.0, 28mm','Screw, Cancellous, 4.0, 28mm','','2023-09-28 10:05:23',NULL,2,'Miltex',NULL),(213,'Screw, Cancellous, 4.0, 30mm','Screw, Cancellous, 4.0, 30mm','','2023-09-28 10:05:33',NULL,2,'Miltex',NULL),(214,'Screw, Cancellous, 4.0, 32mm','Screw, Cancellous, 4.0, 32mm','','2023-09-28 10:05:46',NULL,2,'Miltex',NULL),(215,'Screw, Cancellous, 4.0, 34mm','Screw, Cancellous, 4.0, 34mm','','2023-09-28 10:06:02',NULL,2,'Miltex',NULL),(216,'Screw, Cancellous, 4.0, 36mm','Screw, Cancellous, 4.0, 36mm','','2023-09-28 10:06:11',NULL,2,'Miltex',NULL),(217,'Screw, Cancellous, 4.0, 38mm','Screw, Cancellous, 4.0, 38mm','','2023-09-28 10:06:23',NULL,2,'Miltex',NULL),(218,'Screw, Cancellous, 4.0, 40mm','Screw, Cancellous, 4.0, 40mm','','2023-09-28 10:06:33',NULL,2,'Miltex',NULL),(219,'Screw, Cancellous, 4.0, 42mm','Screw, Cancellous, 4.0, 42mm','','2023-09-28 10:06:46','2023-10-02 15:02:01',10,'Miltex',NULL),(220,'Screw, Cancellous, 4.0, 44mm','Screw, Cancellous, 4.0, 44mm','','2023-09-28 10:07:00','2023-10-02 15:02:05',10,'Miltex',NULL),(221,'Screw, Cancellous, 4.0, 45mm','Screw, Cancellous, 4.0, 45mm','','2023-09-28 10:07:12',NULL,1,'Miltex',NULL),(222,'Screw, Cancellous, 4.0, 46mm','Screw, Cancellous, 4.0, 46mm','','2023-09-28 10:07:22',NULL,1,'Miltex',NULL),(223,'Screw, Cancellous, 4.0, 50mm','Screw, Cancellous, 4.0, 50mm','','2023-09-28 10:07:36',NULL,4,'Miltex',NULL),(224,'Screw, Cortical, 3.5, 12mm','Screw, Cortical, 3.5, 12mm','','2023-09-28 10:08:32','2023-10-02 14:58:22',4,'Miltex',NULL),(225,'Screw, Cortical, 3.5, 14mm','Screw, Cortical, 3.5, 14mm','','2023-09-28 10:08:45','2023-10-02 14:59:13',4,'Miltex',NULL),(226,'Screw, Cortical, 3.5, 16mm','Screw, Cortical, 3.5, 16mm','','2023-09-28 10:08:54','2023-10-02 14:58:35',4,'Miltex',NULL),(227,'Screw, Cortical, 3.5, 18mm','Screw, Cortical, 3.5, 18mm','','2023-09-28 10:09:02','2023-10-02 14:58:45',4,'Miltex',NULL),(228,'Screw, Cortical, 3.5, 20mm','Screw, Cortical, 3.5, 20mm','','2023-09-28 10:09:12','2023-10-02 14:59:00',4,'Miltex',NULL),(229,'Screw, Cortical, 3.5, 22mm','Screw, Cortical, 3.5, 22mm','','2023-09-28 10:09:22','2023-10-02 14:59:09',2,'Miltex',NULL),(230,'Screw, Cortical, 3.5, 24mm','Screw, Cortical, 3.5, 24mm','','2023-09-28 10:09:34','2023-10-02 14:59:21',4,'Miltex',NULL),(231,'Screw, Cortical, 3.5, 26mm','Screw, Cortical, 3.5, 26mm ','','2023-09-28 10:09:42','2023-10-02 14:59:31',4,'Miltex',NULL),(232,'Screw, Cortical, 3.5, 28mm','Screw, Cortical, 3.5, 28mm','','2023-09-28 10:09:54','2023-10-02 14:59:40',4,'Miltex',NULL),(233,'Screw, Cortical, 3.5, 30mm','Screw, Cortical, 3.5, 30mm','','2023-09-28 10:10:05','2023-10-02 14:59:48',4,'Miltex',NULL),(234,'Screw, Cortical, 3.5, 32mm','Screw, Cortical, 3.5, 32mm','','2023-09-28 10:10:14','2023-10-02 14:59:59',4,'Miltex',NULL),(235,'Screw, Cortical, 3.5, 34mm','Screw, Cortical, 3.5, 34mm','','2023-09-28 10:10:36','2023-10-02 15:00:05',4,'Miltex',NULL),(236,'Screw, Cortical, 3.5, 36mm','Screw, Cortical, 3.5, 36mm','','2023-09-28 10:10:45','2023-10-02 15:00:11',4,'Miltex',NULL),(237,'Screw, Cortical, 3.5, 38mm','Screw, Cortical, 3.5, 38mm','','2023-09-28 10:10:57','2023-10-02 15:00:17',4,'Miltex',NULL),(238,'Screw, Cortical, 3.5, 40mm','Screw, Cortical, 3.5, 40mm','','2023-09-28 10:11:06','2023-10-02 15:00:23',4,'Miltex',NULL),(239,'Screw, Cortical, 3.5, 42mm','Screw, Cortical, 3.5, 42mm','','2023-09-28 10:11:20','2023-10-02 15:00:29',4,'Miltex',NULL),(240,'Screw, Cortical, 3.5, 44mm','Screw, Cortical, 3.5, 44mm','','2023-09-28 10:11:28','2023-10-02 15:00:36',4,'Miltex',NULL),(241,'Elevator, AO','Wood handle elevator','','2023-09-28 10:40:40','2023-10-02 12:20:59',5,'Miltex',NULL),(242,'Screwdriver, Hex Head','Hex head screwdriver','','2023-09-28 10:41:03',NULL,5,'Miltex',NULL),(243,'Screwdriver, Cruciform','Cruciform Screwdriver','','2023-09-28 10:41:14',NULL,5,'Miltex',NULL),(244,'Mallet','Mallet','','2023-09-28 10:41:38','2023-10-16 13:29:43',5,'Surgical Direc',NULL),(245,'Gauge, Rotation, 5-18mm','The ring of rulers','','2023-09-28 10:42:34','2023-10-02 11:53:51',5,'Miltex',NULL),(246,'Scissors, Metzenbaum, Small','Small metz','','2023-09-28 11:08:21',NULL,10,'Miltex',NULL),(247,'Forceps, Bone, Crab Claw, Small','Small crabclaw','','2023-09-28 11:12:04',NULL,5,'Miltex',NULL),(248,'Forceps, Bone, Crab Claw, Medium','Forceps, Bone, Crab Claw, Medium','','2023-09-28 11:12:17',NULL,5,'Miltex',NULL),(249,'Forceps, Bone, Crab Claw, Large','Forceps, Bone, Crab Claw, Large','','2023-09-28 11:12:29',NULL,5,'Miltex',NULL),(250,'Forceps, Bone, Kern, Small','Forceps, Bone, Kern , Small','','2023-09-28 11:13:07','2023-09-28 11:13:39',5,'Miltex',NULL),(251,'Forceps, Bone, Kern, Medium','Forceps, Bone, Kern , Medium','','2023-09-28 11:13:18','2023-09-28 11:13:44',5,'Miltex',NULL),(252,'Forceps, Bone, Kern, Large','Forceps, Bone, Kern, Large','','2023-09-28 11:13:34',NULL,5,'Miltex',NULL),(253,'Clamp, Bone, ASIF, Large, Speedlock','Clamp, Bone, ASIF, Large, Speedlock','','2023-09-28 11:14:33',NULL,5,'Miltex',NULL),(254,'Clamp, Bone, ASIF, Small, Speedlock','Clamp, Bone, ASIF, Small, Speedlock','','2023-09-28 11:14:43',NULL,5,'Miltex',NULL),(255,'Clamp, Bone, ASIF, Small, Ratchet','Clamp, Bone, ASIF, Small, Ratchet','','2023-09-28 11:17:25',NULL,5,'Miltex',NULL),(256,'Clamp, Bone, ASIF, Large, Ratchet','Clamp, Bone, ASIF, Large, Ratchet','','2023-09-28 11:17:35',NULL,5,'Miltex',NULL),(257,'Forceps, Rongeur, Single Action','Single action rongeur','','2023-09-28 11:19:15',NULL,5,'Miltex',NULL),(258,'Curette, Ear, Angled, 45','Ear curette, 45 degree','','2023-09-29 09:26:22','2023-10-02 15:31:23',10,'Miltex',NULL),(259,'Handle, Scalpel','Blade Handle','','2023-10-02 11:23:22',NULL,20,'Miltex',NULL),(260,'Needle Driver, Mayo-Hegar','Mayo-Hegar Needle Holder','','2023-10-02 11:26:06',NULL,10,'Miltex',NULL),(261,'Needle Driver, Ortho','Ortho needle driver','','2023-10-02 11:27:56',NULL,20,'Miltex',NULL),(262,'Drill, Guide, Threaded 2.8','Drill, Guide, Threaded 2.8','','2023-10-02 11:36:07',NULL,8,'Miltex',NULL),(263,'Drill, Guide, Threaded 2.0','Drill, Guide, Threaded 2.0','','2023-10-02 11:36:17',NULL,8,'Miltex',NULL),(264,'Sterilometer','Sterilometer for confirming sterility.','https://packpacker.s3.us-west-1.amazonaws.com/Instruments/Sterilometer.jpg','2023-10-02 11:40:11','2023-10-05 14:06:32',100,'Miltex',NULL),(265,'Plate Bending Irons','Synthes plate bending irons','','2023-10-02 11:48:33',NULL,10,'Miltex',NULL),(266,'Bar, Alignment, 6\"','Alignment Bar 6\"','','2023-10-02 11:52:13',NULL,6,'Miltex',NULL),(267,'Bar, Alignment, 4\"','Bar, Alignment, 4\"','','2023-10-02 11:52:25',NULL,6,'Miltex',NULL),(268,'Osteotome, #10','#10 Osteotome','','2023-10-02 11:52:48',NULL,8,'Miltex',NULL),(269,'Handle, Tap, T','T-Handle for taps','','2023-10-02 11:53:25',NULL,4,'Miltex',NULL),(270,'Pin, 1/8, Partially Threaded','Pin, 1/8, Partially Threaded','','2023-10-02 11:54:20','2023-10-16 13:29:27',20,'Securos',NULL),(271,'Pin, 1/8, Smooth','Smooth 1/8 Pin','','2023-10-02 11:54:37','2023-10-16 13:29:32',20,'Securos',NULL),(272,'Pin, 1/16 (0.062), Partially Threaded','Pin, 1/16 (0.062), Partially Threaded','','2023-10-02 11:55:01','2023-10-16 13:29:35',20,'Securos',NULL),(273,'Pin, 1/16 (0.062), Smooth','Pin, 1/16 (0.062), Smooth','','2023-10-02 11:55:21','2023-10-16 13:29:54',20,'Securos',NULL),(274,'Set Screw, Jig','Extra jig screw','','2023-10-02 11:55:41',NULL,5,'Miltex',NULL),(275,'Set Screw, Saw','Extra saw set screw','','2023-10-02 11:55:57',NULL,5,'Miltex',NULL),(276,'Drill Bit, 2.0','2.0 Drill Bit','','2023-10-02 11:56:40',NULL,10,'Miltex',NULL),(277,'Drill Tap, 2.0','2.0 Tap','','2023-10-02 11:57:17',NULL,5,'Miltex',NULL),(278,'Drill Tap, 4.0','Drill Tap, 4.0','','2023-10-02 11:59:11',NULL,5,'Miltex',NULL),(279,'Screw, Cortical, 4.0, 16mm','Screw, Cortical, 4.0, 16mm','','2023-10-02 12:09:50',NULL,20,'Miltex',NULL),(280,'Screw, Cortical, 4.0, 18mm','Screw, Cortical, 4.0, 18mm','','2023-10-02 12:10:00',NULL,20,'Miltex',NULL),(281,'Screw, Cortical, 4.0, 20mm','Screw, Cortical, 4.0, 20','','2023-10-02 12:10:15',NULL,20,'Miltex',NULL),(282,'Screw, Cortical, 4.0, 22mm','Screw, Cortical, 4.0, 22mm','','2023-10-02 12:10:33',NULL,20,'Miltex',NULL),(283,'Screw, Cortical, 4.0, 24mm','Screw, Cortical, 4.0, 24mm','','2023-10-02 12:10:44',NULL,20,'Miltex',NULL),(284,'Screw, Cortical, 4.0, 26mm','Screw, Cortical, 4.0, 26mm','','2023-10-02 12:12:26',NULL,20,'Miltex',NULL),(285,'Screw, Cortical, 4.0, 28mm','Screw, Cortical, 4.0, 28mm','','2023-10-02 12:13:02',NULL,20,'Miltex',NULL),(286,'Screw, Cortical, 4.0, 30mm','Screw, Cortical, 4.0, 30mm','','2023-10-02 12:13:12',NULL,20,'Miltex',NULL),(287,'Screw, Cortical, 4.0, 32mm','Screw, Cortical, 4.0, 32mm','','2023-10-02 12:13:27',NULL,20,'Miltex',NULL),(288,'Screw, Cortical, 4.0, 35mm','Screw, Cortical, 4.0, 35mm','','2023-10-02 12:13:37',NULL,20,'Miltex',NULL),(289,'Screw, Cortical, 4.0, 40mm','Screw, Cortical, 4.0, 40mm','','2023-10-02 12:13:47',NULL,20,'Miltex',NULL),(290,'Screw, Cortical, 4.0, 45mm','Screw, Cortical, 4.0, 45mm','','2023-10-02 12:13:58',NULL,20,'Miltex',NULL),(291,'Screw, Cortical, 4.0, 50mm','Screw, Cortical, 4.0, 50mm','','2023-10-02 12:14:08',NULL,20,'Miltex',NULL),(292,'Screw, Cortical, 4.0, 55mm','Screw, Cortical, 4.0, 55mm','','2023-10-02 12:14:45',NULL,20,'Miltex',NULL),(293,'Drill Guide, 3.5, Green/Gold DCP','Green / Gold drill guide.','','2023-10-02 12:23:20','2023-10-19 09:59:20',5,'Securos',NULL),(294,'Wire, Cerclage, #18','Spool of Wire, Cerclage, #18','','2023-10-02 12:35:15',NULL,20,'Miltex',NULL),(295,'Wire, Cerclage, #20','Spool of Wire, Cerclage, #20','','2023-10-02 12:35:37',NULL,2,'Miltex',NULL),(296,'Hand Chuck, Key','Key for Hand Chuck. Make sure it is the correct size (large for Jacob\'s chuck, small for MicroAire)','','2023-10-02 12:35:54','2023-10-16 16:43:40',20,'Miltex',NULL),(297,'Hand Chuck, Extension','Extension for hand chuck','','2023-10-02 12:36:07',NULL,20,'Miltex',NULL),(298,'KWire, 0.062','0.062 KWire','','2023-10-02 12:37:42',NULL,20,'Miltex',NULL),(299,'Pin, 5/64','5/64 Pin','','2023-10-02 12:39:22','2023-10-16 13:29:57',20,'Securos',NULL),(300,'Pin, 3/32','3/32 Pin','','2023-10-02 12:39:44','2023-10-16 13:30:00',20,'Securos',NULL),(301,'KWire, 0.045','0.045 KWire','','2023-10-02 13:18:04',NULL,20,'Miltex',NULL),(302,'Kwire, 0.035','0.035 Kwire','','2023-10-02 13:18:17',NULL,20,'Miltex',NULL),(303,'Pin, 7/64','Pin, 7/64','','2023-10-02 13:18:57','2023-10-16 13:30:03',20,'Securos',NULL),(304,'Pin, 9/64','Pin, 9/64','','2023-10-02 13:19:21','2023-10-16 13:30:05',20,'Securos',NULL),(305,'Pin, 5/32','Pin, 5/32','','2023-10-02 13:19:42','2023-10-16 13:30:08',20,'Securos',NULL),(306,'Pin, 3/16','Pin, 3/16','','2023-10-02 13:19:53','2023-10-16 13:30:11',20,'Securos',NULL),(307,'Pin, 1/14','Pin, 1/14','','2023-10-02 13:20:05','2023-10-16 13:30:14',20,'Securos',NULL),(308,'Saw, Sagittal, Hand Piece','Saw, Sagittal, Hand Piece','','2023-10-02 13:24:08',NULL,3,'Miltex',NULL),(309,'Saw, Sagittal, Cable','Saw, Sagittal, Cable','','2023-10-02 13:24:16',NULL,3,'Miltex',NULL),(310,'Saw, Sagittal, Blade','Saw, Sagittal, Blade','','2023-10-02 13:24:29',NULL,5,'Miltex',NULL),(311,'Saw, Sagittal, Allen Wrench','Sagittal Saw allen wrench','','2023-10-02 13:24:48',NULL,5,'Miltex',NULL),(312,'Saw, Oscillating, Hand Piece','Saw, Oscillating, Hand Piece','','2023-10-02 13:25:27',NULL,3,'Miltex',NULL),(313,'Saw, Oscillating, Cable','Saw, Oscillating, Cable','','2023-10-02 13:25:36',NULL,5,'Miltex',NULL),(314,'Saw, Oscillating, Key','Saw, Oscillating, Key','','2023-10-02 13:25:49',NULL,3,'Miltex',NULL),(315,'Saw, Oscillating, Blade','Saw, Oscillating, Blade','','2023-10-02 13:26:00',NULL,5,'Miltex',NULL),(316,'Screwdriver, Hex Head, Small','Small hexagon screwdriver w/ holding sleeve','','2023-10-02 13:29:09',NULL,2,'Miltex',NULL),(317,'Slocum 2.7 Jig','Slocum 2.7 Jig','','2023-10-02 13:30:40',NULL,3,'Miltex',NULL),(318,'Drill Guide, 1.5/2.0 Green/Gold DCP','Drill Guide, 1.5/2.0 Green/Gold DCP','','2023-10-02 13:31:24','2023-10-19 09:59:25',3,'Securos',NULL),(319,'Drill Guide, 2.0/2.7 Green/Gold DCP','Drill Guide, 2.0/2.7 Green/Gold DCP','','2023-10-02 13:31:45','2023-10-19 09:59:22',3,'Securos',NULL),(320,'Sleeve, Drill, 1.5','Sleeve, Drill, 1.5','','2023-10-02 13:32:06',NULL,10,'Miltex',NULL),(321,'Sleeve, Drill, 2.0','Sleeve, Drill, 2.0','','2023-10-02 13:32:14',NULL,5,'Miltex',NULL),(322,'Handle, Quick Coupling, 2.0','Handle, Quick Coupling, 2.0','','2023-10-02 13:32:31',NULL,5,'Miltex',NULL),(323,'Drill Tap, 2.7','2.7 Drill Tap','','2023-10-02 13:33:26',NULL,5,'Miltex',NULL),(324,'Sleeve, Drill, 1.8','Sleeve, Drill, 1.8','','2023-10-02 13:34:50',NULL,5,'Miltex',NULL),(325,'Sleeve, Drill, 2.4','Sleeve, Drill, 2.4','','2023-10-02 13:34:57',NULL,5,'Miltex',NULL),(326,'Screw, Cortical, 2.0, 22mm','Screw, Cortical, 2.0, 22mm','','2023-10-02 13:42:35',NULL,20,'Miltex',NULL),(327,'Screw, Cortical, 2.0, 24mm','Screw, Cortical, 2.0, 24mm','','2023-10-02 13:42:46',NULL,20,'Miltex',NULL),(328,'Screw, Cortical, 2.0, 26mm','Screw, Cortical, 2.0, 26mm','','2023-10-02 13:42:53',NULL,10,'Miltex',NULL),(329,'Screw, Cortical, 2.0, 28mm','Screw, Cortical, 2.0, 28mm','','2023-10-02 13:43:10',NULL,20,'Miltex',NULL),(330,'Screw, Cortical, 2.0, 30mm','Screw, Cortical, 2.0, 30mm','','2023-10-02 13:43:20',NULL,20,'Miltex',NULL),(331,'Screw, Cortical, 2.0, 32mm','Screw, Cortical, 2.0, 32mm','','2023-10-02 13:43:27',NULL,10,'Miltex',NULL),(332,'Countersink, 2.7','Countersink, 2.7','','2023-10-02 13:49:44',NULL,3,'Miltex',NULL),(333,'Sleeve, Drill, 2.7','Sleeve, Drill, 2.7','','2023-10-02 13:50:00',NULL,3,'Miltex',NULL),(334,'Sleeve, Drill, 3.5','Sleeve, Drill, 3.5','','2023-10-02 13:50:14',NULL,10,'Miltex',NULL),(335,'Washer, Smooth, 7.0','Washer, Smooth, 7.0','','2023-10-02 13:50:43',NULL,10,'Miltex',NULL),(336,'Plate, 2.7, LC-DCP, 4 Hole','Plate, 2.7, LC-DCP, 4 Hole','','2023-10-02 13:52:04','2023-10-19 09:56:41',5,'Securos',NULL),(337,'Plate, 2.7, LC-DCP, 5 Hole','Plate, 2.7, LC-DCP, 5 Hole','','2023-10-02 13:54:00','2023-10-19 09:56:49',10,'Securos',NULL),(338,'Plate, 2.7, LC-DCP, 6 Hole','Plate, 2.7, LC-DCP, 6 Hole','','2023-10-02 13:54:14','2023-10-19 09:56:44',10,'Securos',NULL),(339,'Plate, 2.7, LC-DCP, 7 Hole','Plate, 2.7, LC-DCP, 7 Hole','','2023-10-02 13:54:28','2023-10-19 09:56:54',10,'Securos',NULL),(340,'Plate, 2.7, LC-DCP, 8 Hole','Plate, 2.7, LC-DCP, 8 Hole','','2023-10-02 13:54:42','2023-10-19 09:56:51',10,'Securos',NULL),(341,'Plate, 2.7, LC-DCP, 9 Hole','Plate, 2.7, LC-DCP, 9 Hole','','2023-10-02 13:54:51','2023-10-19 09:56:57',10,'Securos',NULL),(342,'Plate, 2.7, LC-DCP, 10 Hole','Plate, 2.7, LC-DCP, 10 Hole','','2023-10-02 13:54:59','2023-10-19 09:57:00',10,'Securos',NULL),(343,'Plate, 2.7, LC-DCP, 11 Hole','Plate, 2.7, LC-DCP, 11 Hole','','2023-10-02 13:55:07','2023-10-19 09:57:02',10,'Securos',NULL),(344,'Plate, 2.7, LC-DCP, 12 Hole','Plate, 2.7, LC-DCP, 12 Hole','','2023-10-02 13:55:16','2023-10-19 09:57:05',10,'Securos',NULL),(345,'Plate, 3.5, LC-DCP, 4 Hole','Plate, 3.5, LC-DCP, 4 Hole','','2023-10-02 13:55:51','2023-10-19 09:57:07',10,'Securos',NULL),(346,'Plate, 3.5, LC-DCP, 5 Hole','Plate, 3.5, LC-DCP, 5 Hole','','2023-10-02 13:56:00','2023-10-19 09:57:11',10,'Securos',NULL),(347,'Plate, 3.5, LC-DCP, 6 Hole','Plate, 3.5, LC-DCP, 6 Hole','','2023-10-02 13:56:08','2023-10-19 09:57:14',10,'Securos',NULL),(348,'Plate, 3.5, LC-DCP, 7 Hole','Plate, 3.5, LC-DCP, 7 Hole','','2023-10-02 13:56:17','2023-10-19 09:57:17',10,'Securos',NULL),(349,'Plate, 3.5, LC-DCP, 8 Hole','Plate, 3.5, LC-DCP, 8 Hole','','2023-10-02 13:56:31','2023-10-19 09:57:19',10,'Securos',NULL),(350,'Plate, 3.5, LC-DCP, 9 Hole','Plate, 3.5, LC-DCP, 9 Hole','','2023-10-02 13:56:39','2023-10-19 09:57:21',10,'Securos',NULL),(351,'Plate, 3.5, LC-DCP, 10 Hole','Plate, 3.5, LC-DCP, 10 Hole','','2023-10-02 13:56:48','2023-10-19 09:57:23',10,'Securos',NULL),(352,'Plate, 3.5, LC-DCP, 11 Hole','Plate, 3.5, LC-DCP, 11 Hole','','2023-10-02 13:56:59','2023-10-19 09:57:28',10,'Securos',NULL),(353,'Plate, 3.5, LC-DCP, 12 Hole','Plate, 3.5, LC-DCP, 12 Hole','','2023-10-02 13:57:07','2023-10-19 09:57:26',10,'Securos',NULL),(354,'Plate, 3.5, LC-DCP, Broad, 7 Hole','Plate, 3.5, LC-DCP, Broad, 7 Hole','','2023-10-02 14:00:01','2023-10-19 09:57:32',10,'Securos',NULL),(355,'Plate, 3.5, LC-DCP, Broad, 8 Hole','Plate, 3.5, LC-DCP, Broad, 8 Hole','','2023-10-02 14:00:12','2023-10-19 09:57:36',10,'Securos',NULL),(356,'Plate, 3.5, LC-DCP, Broad, 9 Hole','Plate, 3.5, LC-DCP, Broad, 9 Hole','','2023-10-02 14:00:20','2023-10-19 09:57:42',10,'Securos',NULL),(357,'Plate, 3.5, LC-DCP, Broad, 10 Hole','Plate, 3.5, LC-DCP, Broad, 10 Hole','','2023-10-02 14:00:29','2023-10-19 09:57:44',10,'Securos',NULL),(358,'Plate, 3.5, LC-DCP, Broad, 11 Hole','Plate, 3.5, LC-DCP, Broad, 11 Hole','','2023-10-02 14:00:36','2023-10-19 09:57:47',10,'Securos',NULL),(359,'Plate, 3.5, LC-DCP, Broad, 12 Hole','Plate, 3.5, LC-DCP, Broad, 12 Hole','','2023-10-02 14:00:46','2023-10-19 09:57:50',10,'Securos',NULL),(360,'Plate, 3.5, LC-DCP, Broad, 13 Hole','Plate, 3.5, LC-DCP, Broad, 13 Hole','','2023-10-02 14:00:54','2023-10-19 09:57:53',10,'Securos',NULL),(361,'Plate, 3.5, LC-DCP, Broad, 14 Hole','Plate, 3.5, LC-DCP, Broad, 14 Hole','','2023-10-02 14:01:04','2023-10-19 09:57:56',10,'Securos',NULL),(362,'Plate, 2.0/1.5, Cuttable, 50 Hole','Plate, 2.0/1.5, Cuttable, 50 Hole','','2023-10-02 14:01:44','2023-10-02 14:03:04',10,'Miltex',NULL),(363,'Plate, 2.7/2.0, Cuttable, 50 Hole','Plate, 2.7/2.0, Cuttable, 50 Hole','','2023-10-02 14:01:59','2023-10-02 14:02:58',10,'Miltex',NULL),(364,'Plate, 1.5, Round Edge Cuttable','Plate, 1.5, Round Edge Cuttable','','2023-10-02 14:03:23',NULL,10,'Miltex',NULL),(365,'Plate, 2.0, Round Edge Cuttable','Plate, 2.0, Round Edge Cuttable','','2023-10-02 14:03:35',NULL,10,'Miltex',NULL),(366,'Handle, Tap, Wooden','Wooden Tap Handle','','2023-10-02 14:05:18',NULL,3,'Miltex',NULL),(367,'Drill, Micro Aire, Hand Piece','Drill, Micro Aire, Hand Piece','','2023-10-02 14:21:39',NULL,5,'Miltex',NULL),(368,'Drill, Micro Aire, Hose','Drill, Micro Aire, Hose','','2023-10-02 14:21:48',NULL,5,'Miltex',NULL),(369,'Drill, Micro Aire, Sagittal Saw Coupler','Drill, Micro Aire, Sagittal Saw Coupler','','2023-10-02 14:22:01',NULL,5,'Miltex',NULL),(370,'Drill, Micro Aire, Wire Driver Coupler','Drill, Micro Aire, Wire Driver Coupler','','2023-10-02 14:22:17',NULL,5,'Miltex',NULL),(371,'Drill, Micro Aire, Pin Driver Coupler','Drill, Micro Aire, Pin Driver Coupler','','2023-10-02 14:22:28',NULL,5,'Miltex',NULL),(372,'Drill, Micro Aire, Jacob\'s Driver Coupler','Drill, Micro Aire, Jacob\'s Driver Coupler','','2023-10-02 14:23:10',NULL,5,'Miltex',NULL),(373,'Drill, Micro Aire, Synthes Driver Coupler','Drill, Micro Aire, Synthes Driver Coupler','','2023-10-02 14:23:48',NULL,5,'Miltex',NULL),(374,'Blade, Saw, Sagittal 4.0mm','Blade, Saw, Sagittal 4.0mm','','2023-10-02 14:25:50',NULL,5,'Miltex',NULL),(375,'Blade, Saw, Sagittal 14.0mm','Blade, Saw, Sagittal 14.0mm','','2023-10-02 14:26:00',NULL,5,'Miltex',NULL),(376,'Drill, TPS Micro Driver, Handpiece','Drill, TPS Micro Driver, Handpiece','','2023-10-02 14:26:38',NULL,3,'Miltex',NULL),(377,'Drill, TPS Micro Driver, Cable','Drill, TPS Micro Driver, Cable','','2023-10-02 14:26:50',NULL,3,'Miltex',NULL),(378,'Drill, TPS Micro Driver, Synthes Chuck Coupler','Drill, TPS Micro Driver, Synthes Chuck Coupler','','2023-10-02 14:27:31',NULL,3,'Miltex',NULL),(379,'Drill, TPS Micro Driver, Jacob\'s Chuck Coupler','Drill, TPS Micro Driver, Jacob\'s Chuck Coupler','','2023-10-02 14:27:50',NULL,3,'Miltex',NULL),(380,'Drill, TPS Micro Driver, Jacob\'s Chuck Coupler, Key','Drill, TPS Micro Driver, Jacob\'s Chuck Coupler, Key','','2023-10-02 14:28:01',NULL,3,'Miltex',NULL),(381,'Drill, TPS Micro Driver, Pin Driver Coupler 1.7-1.8','Drill, TPS Micro Driver, Pin Driver Coupler 1.7-1.8','','2023-10-02 14:28:24',NULL,3,'Miltex',NULL),(382,'Drill, TPS Micro Driver, Pin Driver Coupler 2.0-3.2','Drill, TPS Micro Driver, Pin Driver Coupler 2.0-3.2','','2023-10-02 14:28:38',NULL,3,'Miltex',NULL),(383,'Screw, Cortical, 1.5, 6mm','Screw, Cortical, 1.5, 6mm','','2023-10-02 14:31:40',NULL,20,'Miltex',NULL),(384,'Screw, Cortical, 1.5, 7mm','Screw, Cortical, 1.5, 7mm','','2023-10-02 14:31:49',NULL,10,'Miltex',NULL),(385,'Screw, Cortical, 1.5, 8mm','Screw, Cortical, 1.5, 8mm','','2023-10-02 14:32:01',NULL,10,'Miltex',NULL),(386,'Screw, Cortical, 1.5, 9mm','Screw, Cortical, 1.5, 9mm','','2023-10-02 14:32:11',NULL,10,'Miltex',NULL),(387,'Screw, Cortical, 1.5, 10mm','Screw, Cortical, 1.5, 10mm','','2023-10-02 14:32:18',NULL,10,'Miltex',NULL),(388,'Screw, Cortical, 1.5, 11mm','Screw, Cortical, 1.5, 11mm','','2023-10-02 14:32:29',NULL,10,'Miltex',NULL),(389,'Screw, Cortical, 1.5, 12mm','Screw, Cortical, 1.5, 12mm','','2023-10-02 14:32:36',NULL,10,'Miltex',NULL),(390,'Screw, Cortical, 1.5, 14mm','Screw, Cortical, 1.5, 14mm','','2023-10-02 14:32:44',NULL,10,'Miltex',NULL),(391,'Screw, Cortical, 1.5, 16mm','Screw, Cortical, 1.5, 16mm','','2023-10-02 14:32:52',NULL,10,'Miltex',NULL),(392,'Screw, Cortical, 1.5, 18mm','Screw, Cortical, 1.5, 18mm','','2023-10-02 14:33:01',NULL,10,'Miltex',NULL),(393,'Screw, Cortical, 1.5, 20mm','Screw, Cortical, 1.5, 20mm','','2023-10-02 14:33:10',NULL,10,'Miltex',NULL),(394,'Screw, Cortical, 2.0, 6mm','Screw, Cortical, 2.0, 6mm','','2023-10-02 14:33:41',NULL,10,'Miltex',NULL),(395,'Screw, Cortical, 2.0, 8mm','Screw, Cortical, 2.0, 8mm','','2023-10-02 14:33:48',NULL,10,'Miltex',NULL),(396,'Screw, Cortical, 2.0, 10mm','Screw, Cortical, 2.0, 10mm','','2023-10-02 14:33:56',NULL,10,'Miltex',NULL),(397,'Screw, Cortical, 2.0, 12mm','Screw, Cortical, 2.0, 12mm','','2023-10-02 14:34:05',NULL,10,'Miltex',NULL),(398,'Screw, Cortical, 2.0, 14mm','Screw, Cortical, 2.0, 14mm','','2023-10-02 14:34:12',NULL,10,'Miltex',NULL),(399,'Screw, Cortical, 2.0, 16mm','Screw, Cortical, 2.0, 16mm','','2023-10-02 14:34:24',NULL,10,'Miltex',NULL),(400,'Screw, Cortical, 2.0, 18mm','Screw, Cortical, 2.0, 18mm','','2023-10-02 14:34:30',NULL,10,'Miltex',NULL),(401,'Screw, Cortical, 2.0, 20mm','Screw, Cortical, 2.0, 20mm','','2023-10-02 14:34:39',NULL,10,'Miltex',NULL),(402,'Screw, Cortical, 2.0, 34mm','Screw, Cortical, 2.0, 34mm','','2023-10-02 14:34:57',NULL,10,'Miltex',NULL),(403,'Screw, Cortical, 2.0, 36mm','Screw, Cortical, 2.0, 36mm','','2023-10-02 14:35:04',NULL,10,'Miltex',NULL),(404,'Screw, Cortical, 2.0, 38mm','Screw, Cortical, 2.0, 38mm','','2023-10-02 14:35:15',NULL,10,'Miltex',NULL),(405,'Screw, Cortical, 2.0, 40mm','Screw, Cortical, 2.0, 40mm','','2023-10-02 14:35:24',NULL,10,'Miltex',NULL),(406,'Screw, Cortical, 2.4, 8mm','Screw, Cortical, 2.4, 8mm','','2023-10-02 14:35:50',NULL,10,'Miltex',NULL),(407,'Screw, Cortical, 2.4, 10mm','Screw, Cortical, 2.4, 10mm','','2023-10-02 14:36:02',NULL,10,'Miltex',NULL),(408,'Screw, Cortical, 2.4, 12mm','Screw, Cortical, 2.4, 12mm','','2023-10-02 14:36:09',NULL,10,'Miltex',NULL),(409,'Screw, Cortical, 2.4, 14mm','Screw, Cortical, 2.4, 14mm','','2023-10-02 14:36:17',NULL,10,'Miltex',NULL),(410,'Screw, Cortical, 2.4, 16mm','Screw, Cortical, 2.4, 16mm','','2023-10-02 14:36:24',NULL,10,'Miltex',NULL),(411,'Screw, Cortical, 2.4, 18mm','Screw, Cortical, 2.4, 18mm','','2023-10-02 14:36:32',NULL,10,'Miltex',NULL),(412,'Screw, Cortical, 2.4, 20mm','Screw, Cortical, 2.4, 20mm','','2023-10-02 14:36:38',NULL,10,'Miltex',NULL),(413,'Screw, Cortical, 2.4, 22mm','Screw, Cortical, 2.4, 22mm','','2023-10-02 14:36:46',NULL,10,'Miltex',NULL),(414,'Screw, Cortical, 2.4, 24mm','Screw, Cortical, 2.4, 24mm','','2023-10-02 14:36:54',NULL,10,'Miltex',NULL),(415,'Screw, Cortical, 2.4, 26mm','Screw, Cortical, 2.4, 26mm','','2023-10-02 14:37:19',NULL,10,'Miltex',NULL),(416,'Screw, Cortical, 2.4, 28mm','Screw, Cortical, 2.4, 28mm','','2023-10-02 14:37:27',NULL,10,'Miltex',NULL),(417,'Screw, Cortical, 2.4, 30mm','Screw, Cortical, 2.4, 30mm','','2023-10-02 14:37:33',NULL,10,'Miltex',NULL),(418,'Screw, Cortical, 2.4, 32mm','Screw, Cortical, 2.4, 32mm','','2023-10-02 14:37:41',NULL,10,'Miltex',NULL),(419,'Screw, Cortical, 2.4, 34mm','Screw, Cortical, 2.4, 34mm','','2023-10-02 14:37:47',NULL,10,'Miltex',NULL),(420,'Screw, Cortical, 2.4, 36mm','Screw, Cortical, 2.4, 36mm','','2023-10-02 14:37:53',NULL,10,'Miltex',NULL),(421,'Screw, Cortical, 2.4, 38mm','Screw, Cortical, 2.4, 38mm','','2023-10-02 14:37:59',NULL,10,'Miltex',NULL),(422,'Screw, Cortical, 2.4, 40mm','Screw, Cortical, 2.4, 40mm','','2023-10-02 14:38:06',NULL,10,'Miltex',NULL),(423,'Screw, Cortical, 2.7, 6mm','Screw, Cortical, 2.7, 6mm','','2023-10-02 14:55:33',NULL,10,'Miltex',NULL),(424,'Screw, Cortical, 2.7, 8mm','Screw, Cortical, 2.7, 8mm','','2023-10-02 14:55:46',NULL,10,'Miltex',NULL),(425,'Screw, Cortical, 2.7, 10mm','Screw, Cortical, 2.7, 10mm','','2023-10-02 14:56:00',NULL,10,'Miltex',NULL),(426,'Screw, Cortical, 2.7, 12mm','Screw, Cortical, 2.7, 12mm','','2023-10-02 14:56:07',NULL,10,'Miltex',NULL),(427,'Screw, Cortical, 2.7, 14mm','Screw, Cortical, 2.7, 14mm','','2023-10-02 14:56:13',NULL,10,'Miltex',NULL),(428,'Screw, Cortical, 2.7, 16mm','Screw, Cortical, 2.7, 16mm','','2023-10-02 14:56:20',NULL,10,'Miltex',NULL),(429,'Screw, Cortical, 2.7, 18mm','Screw, Cortical, 2.7, 18mm','','2023-10-02 14:56:27',NULL,10,'Miltex',NULL),(430,'Screw, Cortical, 2.7, 20mm','Screw, Cortical, 2.7, 20mm','','2023-10-02 14:56:34',NULL,10,'Miltex',NULL),(431,'Screw, Cortical, 2.7, 22mm','Screw, Cortical, 2.7, 22mm','','2023-10-02 14:56:40',NULL,10,'Miltex',NULL),(432,'Screw, Cortical, 2.7, 24mm','Screw, Cortical, 2.7, 24mm','','2023-10-02 14:56:47',NULL,10,'Miltex',NULL),(433,'Screw, Cortical, 2.7, 26mm','Screw, Cortical, 2.7, 26mm','','2023-10-02 14:57:00',NULL,10,'Miltex',NULL),(434,'Screw, Cortical, 2.7, 28mm','Screw, Cortical, 2.7, 28mm','','2023-10-02 14:57:09',NULL,10,'Miltex',NULL),(435,'Screw, Cortical, 2.7, 30mm','Screw, Cortical, 2.7, 30mm','','2023-10-02 14:57:17',NULL,10,'Miltex',NULL),(436,'Screw, Cortical, 2.7, 32mm','Screw, Cortical, 2.7, 30mm','','2023-10-02 14:57:21',NULL,10,'Miltex',NULL),(437,'Screw, Cortical, 2.7, 34mm','Screw, Cortical, 2.7, 34mm','','2023-10-02 14:57:28',NULL,10,'Miltex',NULL),(438,'Screw, Cortical, 2.7, 36mm','Screw, Cortical, 2.7, 36mm','','2023-10-02 14:57:38',NULL,10,'Miltex',NULL),(439,'Screw, Cortical, 2.7, 38mm','Screw, Cortical, 2.7, 38mm','','2023-10-02 14:57:44',NULL,10,'Miltex',NULL),(440,'Screw, Cortical, 2.7, 40mm','Screw, Cortical, 2.7, 40mm','','2023-10-02 14:57:52',NULL,10,'Miltex',NULL),(441,'Screw, Cortical, 3.5, 10mm','Screw, Cortical, 3.5, 10mm','','2023-10-02 15:00:57',NULL,10,'Miltex',NULL),(442,'Screw, Cortical, 3.5, 46mm','Screw, Cortical, 3.5, 46mm','','2023-10-02 15:01:15',NULL,10,'Miltex',NULL),(443,'Screw, Cortical, 3.5, 48mm','Screw, Cortical, 3.5, 48mm','','2023-10-02 15:01:23',NULL,10,'Miltex',NULL),(444,'Screw, Cancellous, 4.0, 55mm','Screw, Cancellous, 4.0, 55mm','','2023-10-02 15:01:55',NULL,10,'Miltex',NULL),(445,'Screw, Cancellous, 4.0, 10mm','Screw, Cancellous, 4.0, 10mm','','2023-10-02 15:02:16',NULL,10,'Miltex',NULL),(446,'Scope, 2.7','Scope, 2.7, 30 degree','','2023-10-02 15:10:07','2023-10-02 15:10:57',1,'Miltex',NULL),(447,'Conical Oburator, 1.9','Conical Oburator','','2023-10-02 15:10:23','2023-10-04 11:39:50',1,'Miltex',NULL),(448,'Sheath','Sheath for scope.','','2023-10-02 15:10:34',NULL,3,'Miltex',NULL),(449,'Scope, 2.4','Scope 2.4, 30 degree','','2023-10-02 15:10:53',NULL,1,'Miltex',NULL),(450,'Plate, 2.7, LCP, 4 Hole','Plate, 2.7, LCP, 4 Hole','','2023-10-02 15:15:49','2023-10-19 11:35:34',10,'Synthes',NULL),(451,'Plate, 2.7, LCP, 5 Hole','Plate, 2.7, LCP, 5 Hole','','2023-10-02 15:16:03','2023-10-19 11:35:30',10,'Synthes',NULL),(452,'Plate, 2.7, LCP, 6 Hole','Plate, 2.7, LCP, 6 Hole','','2023-10-02 15:16:11','2023-10-19 11:35:40',10,'Synthes',NULL),(453,'Plate, 2.7, LCP, 7 Hole','Plate, 2.7, LCP, 7 Hole','','2023-10-02 15:16:19','2023-10-19 11:35:45',10,'Synthes',NULL),(454,'Plate, 2.7, LCP, 8 Hole','Plate, 2.7, LCP, 7 Hole','','2023-10-02 15:16:34','2023-10-19 11:48:40',10,'Synthes',NULL),(455,'Plate, 2.7, LCP, 9 Hole','Plate, 2.7, LCP, 9 Hole','','2023-10-02 15:16:45','2023-10-19 11:48:37',10,'Synthes',NULL),(456,'Plate, 2.7, LCP, 10 Hole','Plate, 2.7, LCP, 10 Hole','','2023-10-02 15:16:52','2023-10-19 11:48:43',10,'Synthes',NULL),(457,'Plate, 2.7, LCP, 11 Hole','Plate, 2.7, LCP, 11 Hole','','2023-10-02 15:16:58','2023-10-19 11:49:10',10,'Synthes',NULL),(458,'Plate, 2.7, LCP, 12 Hole','Plate, 2.7, LCP, 12 Hole','','2023-10-02 15:17:03','2023-10-19 11:49:13',10,'Synthes',NULL),(459,'Plate, 3.5, LCP, 5 Hole','Plate, 3.5, LCP, 5 Hole','','2023-10-02 15:17:46','2023-10-19 11:49:17',10,'Synthes',NULL),(460,'Plate, 3.5, LCP, 6 Hole','Plate, 3.5, LCP, 6 Hole','','2023-10-02 15:17:56','2023-10-19 11:49:25',10,'Synthes',NULL),(461,'Plate, 3.5, LCP, 7 Hole','Plate, 3.5, LCP, 7 Hole','','2023-10-02 15:18:04','2023-10-19 11:49:28',10,'Synthes',NULL),(462,'Plate, 3.5, LCP, 8 Hole','Plate, 3.5, LCP, 8 Hole','','2023-10-02 15:18:17','2023-10-19 11:49:22',10,'Synthes',NULL),(463,'Plate, 3.5, LCP, 9 Hole','Plate, 3.5, LCP, 9 Hole','','2023-10-02 15:18:25','2023-10-19 11:49:31',10,'Synthes',NULL),(464,'Plate, 3.5, LCP, 10 Hole','Plate, 3.5, LCP, 10 Hole','','2023-10-02 15:18:35','2023-10-19 11:49:33',10,'Synthes',NULL),(465,'Plate, 3.5, LCP, 11 Hole','Plate, 3.5, LCP, 11 Hole','','2023-10-02 15:18:44','2023-10-19 11:49:36',10,'Synthes',NULL),(466,'Plate, 3.5, LCP, 12 Hole','Plate, 3.5, LCP, 12 Hole','','2023-10-02 15:18:49','2023-10-19 11:49:39',10,'Synthes',NULL),(467,'Plate, 3.5, LCP, 13 Hole','Plate, 3.5, LCP, 13 Hole','','2023-10-02 15:18:57','2023-10-19 11:49:47',10,'Synthes',NULL),(468,'Plate, 3.5, LCP, 14 Hole','Plate, 3.5, LCP, 14 Hole','','2023-10-02 15:19:05','2023-10-19 11:49:54',10,'Synthes',NULL),(469,'Plate, 3.5, LCP, 15 Hole','Plate, 3.5, LCP, 15 Hole','','2023-10-02 15:19:13','2023-10-19 11:49:51',10,'Synthes',NULL),(470,'Plate, 3.5, LCP, 16 Hole','Plate, 3.5, LCP, 16 Hole','','2023-10-02 15:19:19','2023-10-19 11:50:26',10,'Synthes',NULL),(471,'Plate, 3.5, LCP, Broad, 7 Hole','Plate, 3.5, LCP, Broad, 7 Hole','','2023-10-02 15:19:37','2023-10-19 11:50:23',10,'Synthes',NULL),(472,'Plate, 3.5, LCP, Broad, 8 Hole','Plate, 3.5, LCP, Broad, 8 Hole','','2023-10-02 15:19:57','2023-10-19 11:50:19',10,'Synthes',NULL),(473,'Plate, 3.5, LCP, Broad, 9 Hole','Plate, 3.5, LCP, Broad, 9 Hole','','2023-10-02 15:20:03','2023-10-19 11:50:16',10,'Synthes',NULL),(474,'Plate, 3.5, LCP, Broad, 10 Hole','Plate, 3.5, LCP, Broad, 10 Hole','','2023-10-02 15:20:08','2023-10-19 11:50:11',10,'Synthes',NULL),(475,'Plate, 3.5, LCP, Broad, 11 Hole','Plate, 3.5, LCP, Broad, 11 Hole','','2023-10-02 15:20:29','2023-10-19 11:50:13',10,'Synthes',NULL),(476,'Plate, 3.5, LCP, Broad, 12 Hole','Plate, 3.5, LCP, Broad, 12 Hole','','2023-10-02 15:20:39','2023-10-19 11:50:08',10,'Synthes',NULL),(477,'Plate, 3.5, LCP, Broad, 13 Hole','Plate, 3.5, LCP, Broad, 13 Hole','','2023-10-02 15:20:45','2023-10-19 11:50:01',10,'Synthes',NULL),(478,'Plate, 3.5, LCP, Broad, 14 Hole','Plate, 3.5, LCP, Broad, 14 Hole','','2023-10-02 15:20:52','2023-10-19 11:50:06',10,'Synthes',NULL),(479,'Plate, 3.5, LCP, Broad, 15 Hole','Plate, 3.5, LCP, Broad, 15 Hole','','2023-10-02 15:21:04','2023-10-19 11:49:59',10,'Synthes',NULL),(480,'Plate, 3.5, LCP, Broad, 16 Hole','Plate, 3.5, LCP, Broad, 16 Hole','','2023-10-02 15:21:15','2023-10-19 11:50:50',10,'Synthes',NULL),(481,'Plate, 3.5, LCP, Broad, 17 Hole','Plate, 3.5, LCP, Broad, 17 Hole','','2023-10-02 15:21:22','2023-10-19 11:50:41',10,'Synthes',NULL),(482,'Plate, 3.5, LCP, Broad, 18 Hole','Plate, 3.5, LCP, Broad, 18 Hole','','2023-10-02 15:21:30','2023-10-19 11:50:45',10,'Synthes',NULL),(483,'Plate, 3.5, LCP, Broad, 20 Hole','Plate, 3.5, LCP, Broad, 20 Hole','','2023-10-02 15:21:37','2023-10-19 11:50:38',10,'Synthes',NULL),(484,'Plate, 3.5, LCP, Broad, 22 Hole','Plate, 3.5, LCP, Broad, 22 Hole','','2023-10-02 15:21:44','2023-10-19 11:50:36',10,'Synthes',NULL),(485,'Drill, Hall Air, Hand Piece','Drill, Hall Air, Hand Piece','','2023-10-02 15:27:45','2023-10-02 15:28:13',2,'Miltex',NULL),(486,'Drill, Hall Air, Hose','Drill, Hall Air, Hose','','2023-10-02 15:28:05',NULL,1,'Miltex',NULL),(487,'Drill, Hall Air, Burrs','Drill, Hall Air, Burrs, Back Pack, Variety, Burr','','2023-10-02 15:30:40',NULL,3,'Miltex',NULL),(488,'Drill, Hall Air, Burr Guards','Drill, Hall Air, Burr Guards, Variety, Back','','2023-10-02 15:30:54',NULL,3,'Miltex',NULL),(489,'Curette, Ear, Angled, 90','Curette, Ear, Angled, 90 degree','','2023-10-02 15:31:36',NULL,10,'Miltex',NULL),(490,'Hook, Cross Ear, With Spoon','Hook, Cross Ear, With Spoon','','2023-10-02 15:31:54',NULL,10,'Miltex',NULL),(491,'Curette, Excavator','Curette, Excavator','','2023-10-02 15:32:08',NULL,3,'Miltex',NULL),(492,'Pick, Root Tip','Pick, Root Tip','','2023-10-02 15:32:17',NULL,10,'Miltex',NULL),(493,'Retractor, Inge Lamina','Inge Lamina Spreader','','2023-10-02 15:33:27',NULL,2,'Miltex',NULL),(494,'Dean Knife Needle','Disc Knife','','2023-10-02 15:33:36',NULL,2,'Miltex',NULL),(495,'Forceps, Dressing, Bishop Harmon w/o Teeth','Forceps, Dressing, Bishop Harmon without Teeth','','2023-10-02 15:34:16',NULL,1,'Miltex',NULL),(496,'Forceps, Tissue, Bishop Harmon w/ Teeth','Forceps, Tissue, Bishop Harmon w/ Teeth','','2023-10-02 15:34:28',NULL,2,'Miltex',NULL),(497,'Suction, Frazier Tip, #7','Suction, Frazier Tip, #7','','2023-10-02 15:34:52',NULL,1,'Miltex',NULL),(498,'Washer, Smooth, 4.5','Washer, Smooth, 4.5','','2023-10-02 15:50:45',NULL,10,'Miltex',NULL),(499,'Plate, 1.5, T, 4 Holes','Plate, 1.5, T, 4 Holes','','2023-10-02 15:51:13',NULL,3,'Miltex',NULL),(500,'Plate, 2.0, T, 4 Holes','Plate, 2.0, T, 4 Holes','','2023-10-02 15:51:27',NULL,4,'Miltex',NULL),(501,'Plate, 1.5, LC-DCP, 4 Hole','Plate, 1.5, LC-DCP, 4 Hole','','2023-10-02 15:52:16','2023-10-19 09:57:58',10,'Securos',NULL),(502,'Plate, 1.5, LC-DCP, 5 Hole','Plate, 1.5, LC-DCP, 5 Hole','','2023-10-02 15:52:25','2023-10-19 09:58:01',10,'Securos',NULL),(503,'Plate, 1.5, LC-DCP, 6 Hole','Plate, 1.5, LC-DCP, 6 Hole','','2023-10-02 15:52:32','2023-10-19 09:58:04',10,'Securos',NULL),(504,'Plate, 1.5, LC-DCP, 7 Hole','Plate, 1.5, LC-DCP, 7 Hole','','2023-10-02 15:52:40','2023-10-19 09:58:08',10,'Securos',NULL),(505,'Plate, 1.5, LC-DCP, 8 Hole','Plate, 1.5, LC-DCP, 8 Hole','','2023-10-02 15:52:47','2023-10-19 09:58:13',10,'Securos',NULL),(506,'Plate, 1.5, LC-DCP, 9 Hole','Plate, 1.5, LC-DCP, 9 Hole','','2023-10-02 15:52:57','2023-10-19 09:58:16',10,'Securos',NULL),(507,'Plate, 1.5, LC-DCP, 10 Hole','Plate, 1.5, LC-DCP, 10 Hole','','2023-10-02 15:53:05','2023-10-19 09:58:19',10,'Securos',NULL),(508,'Plate, 2.0, LC-DCP, 4 Hole','Plate, 2.0, LC-DCP, 4 Hole','','2023-10-02 15:53:34','2023-10-19 09:58:22',10,'Securos',NULL),(509,'Plate, 2.0, LC-DCP, 5 Hole','Plate, 2.0, LC-DCP, 5 Hole','','2023-10-02 15:53:39','2023-10-19 09:58:24',10,'Securos',NULL),(510,'Plate, 2.0, LC-DCP, 6 Hole','Plate, 2.0, LC-DCP, 6 Hole','','2023-10-02 15:53:46','2023-10-19 09:58:27',10,'Securos',NULL),(511,'Plate, 2.0, LC-DCP, 7 Hole','Plate, 2.0, LC-DCP, 7 Hole','','2023-10-02 15:53:55','2023-10-19 09:58:29',10,'Securos',NULL),(512,'Plate, 2.0, LC-DCP, 8 Hole','Plate, 2.0, LC-DCP, 8 Hole','','2023-10-02 15:54:03','2023-10-19 09:58:32',10,'Securos',NULL),(513,'Plate, 2.0, LC-DCP, 9 Hole','Plate, 2.0, LC-DCP, 9 Hole','','2023-10-02 15:54:08','2023-10-19 09:58:35',10,'Securos',NULL),(514,'Plate, 2.0, LC-DCP, 10 Hole','Plate, 2.0, LC-DCP, 10 Hole','','2023-10-02 15:54:13','2023-10-19 09:58:38',10,'Securos',NULL),(515,'Plate, 2.4, LC-DCP, 4 Hole','Plate, 2.4, LC-DCP, 4 Hole','','2023-10-02 15:54:30','2023-10-19 09:58:42',10,'Securos',NULL),(516,'Plate, 2.4, LC-DCP, 5 Hole','Plate, 2.4, LC-DCP, 5 Hole','','2023-10-02 15:54:37','2023-10-19 09:58:56',10,'Securos',NULL),(517,'Plate, 2.4, LC-DCP, 6 Hole','Plate, 2.4, LC-DCP, 6 Hole','','2023-10-02 15:54:43','2023-10-19 09:58:45',10,'Securos',NULL),(518,'Plate, 2.4, LC-DCP, 7 Hole','Plate, 2.4, LC-DCP, 7 Hole','','2023-10-02 15:54:50','2023-10-19 09:59:01',10,'Securos',NULL),(519,'Plate, 2.4, LC-DCP, 8 Hole','Plate, 2.4, LC-DCP, 8 Hole','','2023-10-02 15:54:56','2023-10-19 09:58:58',10,'Securos',NULL),(520,'Plate, 2.4, LC-DCP, 9 Hole','Plate, 2.4, LC-DCP, 9 Hole','','2023-10-02 15:55:02','2023-10-19 09:58:53',10,'Securos',NULL),(521,'Plate, 1.5, Straight Cuttable','10','','2023-10-02 15:55:35',NULL,10,'Miltex',NULL),(522,'Plate, 2.0, Straight Cuttable','Plate, 2.0, Straight Cuttable','','2023-10-02 15:55:44',NULL,10,'Miltex',NULL),(523,'Plate, 2.0, T, 3.8mm, 4 Holes','Plate, 2.0, T, 3.8mm, 4 Holes','','2023-10-02 15:56:52',NULL,10,'Miltex',NULL),(524,'Plate, 2.0, T, Finger Plate, 2 Hole','Plate, 2.0, T, Finger Plate, 2 Hole','','2023-10-02 15:57:06',NULL,2,'Miltex',NULL),(525,'Plate, Acetabular, Extra Small','Plate, Acetabular, Extra Small','','2023-10-02 15:57:26',NULL,10,'Miltex',NULL),(526,'Plate, Acetabular, Small','Plate, Acetabular, Small','','2023-10-02 15:57:38',NULL,10,'Miltex',NULL),(527,'Plate, 2.0, Arthrodesis','2.0 Arthrodesis Plate','','2023-10-02 15:57:53',NULL,10,'Miltex',NULL),(528,'Plate, 2.0, L, Finger, Left','Plate, 2.0, L, Finger, Left','','2023-10-02 15:58:27',NULL,10,'Miltex',NULL),(529,'Plate, 2.0, L, Finger, Right','Plate, 2.0, L, Finger, Right','','2023-10-02 15:58:34',NULL,10,'Miltex',NULL),(530,'Plate, 2.0, Oblique, Finger, Left','Plate, 2.0, Oblique, Finger, Left','','2023-10-02 15:58:52',NULL,10,'Miltex',NULL),(531,'Plate, 2.0, Oblique, Finger, Right','Plate, 2.0, Oblique, Finger, Right','','2023-10-02 15:58:59',NULL,10,'Miltex',NULL),(532,'Drill Guide, 2.4/1.8','Drill Guide, 2.4/1.8','','2023-10-02 16:00:22',NULL,10,'Miltex',NULL),(533,'Drill Guide, 2.0/1.5','Drill Guide, 2.0/1.5','','2023-10-02 16:00:41',NULL,10,'Miltex',NULL),(534,'Sleeve, Drill, 1.1','Sleeve Drill 1.1','','2023-10-02 16:00:55',NULL,10,'Miltex',NULL),(535,'Handle, Quick Coupling, Small','Handle, Quick Coupling, Small','','2023-10-02 16:02:40',NULL,10,'Miltex',NULL),(536,'Countersink, Mini','Mini Countersink','','2023-10-02 16:03:48',NULL,5,'Miltex',NULL),(537,'Screwdriver, Hexagonal, 2.4','2.4 Screwdriver, Hex Head','','2023-10-04 09:03:57',NULL,3,'Miltex',NULL),(538,'Screwdriver, Cruciform, 1.5/2.0','Screwdriver, Cruciform, 1.5/2.0','','2023-10-04 09:05:38',NULL,3,'Miltex',NULL),(539,'Drill Guide, 1.1/1.5','Drill Guide, 1.1/1.5','','2023-10-04 09:06:44','2023-10-04 09:06:52',10,'Miltex',NULL),(540,'Drill Guide, 2.0/2.7, Synthes','Synthes 2.0/2.7 Drill Guide','','2023-10-04 09:08:47',NULL,3,'Miltex',NULL),(541,'Plate Bending Irons, 1.5/2.0','Plate Bending Irons, 1.5/2.0','','2023-10-04 09:09:19',NULL,3,'Miltex',NULL),(542,'Drill Guide, 2.0, DCP','2.0 DCP Drill Guide','','2023-10-04 09:10:05','2023-10-19 09:59:32',4,'Securos',NULL),(543,'Drill Guide, 1.8/2.4','Securos 1.8/2.4 Drill Guide','','2023-10-04 09:11:04','2023-10-16 13:35:27',4,'Securos',NULL),(544,'Plate, 2.0, T Plate, 2 Hole','Plate, 2.0, T Plate, Synthes VP1322.02','','2023-10-04 09:15:23','2023-10-04 09:24:33',5,'Miltex',NULL),(545,'Plate, 2.0, L, Left, 2 Hole','Plate, 2.0, L, Left, 2 Hole','','2023-10-04 09:16:36','2023-10-04 09:17:22',10,'Miltex',NULL),(546,'Plate, 2.0, L, Right, 2 Hole','Plate, 2.0, L, Right, 2 Hole','','2023-10-04 09:16:44','2023-10-04 09:17:33',10,'Miltex',NULL),(547,'Plate, 2.0, Oblique, Left, 2 Hole','Plate, 2.0, Oblique, Left, 2 Hole','','2023-10-04 09:17:53',NULL,10,'Miltex',NULL),(548,'Plate, 2.0, Oblique, Right, 2 Hole','Plate, 2.0, Oblique, Right, 2 Hole','','2023-10-04 09:18:01',NULL,10,'Miltex',NULL),(549,'Plate, 1.5, Straight, 20 Hole','Plate, 1.5, Straight, 20 Hole','','2023-10-04 09:18:27',NULL,10,'Miltex',NULL),(550,'Plate, 2.0, Straight, 20 Hole','Plate, 2.0, Straight, 20 Hole','','2023-10-04 09:18:42',NULL,10,'Miltex',NULL),(551,'Screwdriver, Tip, T6, 2.0/2.4','Screwdriver, Tip, T6, 2.0/2.4','','2023-10-04 09:22:10',NULL,2,'Miltex',NULL),(552,'Depth Gauge, PAX, 30mm','Depth Gauge, 30mm, PAX','','2023-10-04 09:22:37','2023-10-18 08:18:36',1,'Securos',NULL),(553,'Plate, 2.0, T Plate, 5 Hole, Reconstruction','Plate, 2.0, T Plate, 5 Hole, PAX','','2023-10-04 09:23:32','2023-10-16 13:19:35',10,'Securos',NULL),(554,'Plate, 2.0, T Plate, 6 Hole, Reconstruction','Plate, 2.0, T Plate, 6 Hole, PAX','','2023-10-04 09:23:44','2023-10-16 13:19:39',10,'Securos',NULL),(555,'Plate, 2.0, T Plate, 7 Hole, Reconstruction','Plate, 2.0, T Plate, 7 Hole, PAX','','2023-10-04 09:23:51','2023-10-16 13:19:42',10,'Securos',NULL),(556,'Plate, 2.0, T Plate, 8 Hole, Reconstruction','Plate, 2.0, T Plate, 8 Hole, PAX','','2023-10-04 09:23:58','2023-10-16 13:19:45',10,'Securos',NULL),(557,'Plate, 2.0, T Plate, 9 Hole, Reconstruction','Plate, 2.0, T Plate, 9 Hole, PAX','','2023-10-04 09:24:13','2023-10-16 13:19:48',10,'Securos',NULL),(558,'Plate, 2.0, PAX, 3 Hole, Reconstruction','Plate, 2.0, PAX, 3 Hole, Reconstruction','','2023-10-04 09:26:30','2023-10-16 13:19:50',2,'Securos',NULL),(559,'Plate, 2.0, PAX, 4 Hole, Reconstruction','Plate, 2.0, PAX, 4 Hole, Reconstruction','','2023-10-04 09:26:38','2023-10-16 13:19:53',5,'Securos',NULL),(560,'Plate, 2.0, PAX, 5 Hole, Reconstruction','Plate, 2.0, PAX, 5 Hole, Reconstruction','','2023-10-04 09:26:49','2023-10-16 13:19:56',5,'Securos',NULL),(561,'Plate, 2.0, PAX, 6 Hole, Reconstruction','Plate, 2.0, PAX, 6 Hole, Reconstruction','','2023-10-04 09:26:58','2023-10-16 13:19:59',5,'Securos',NULL),(562,'Plate, 2.0, PAX, 7 Hole, Reconstruction','Plate, 2.0, PAX, 7 Hole, Reconstruction','','2023-10-04 09:27:06','2023-10-16 13:20:36',5,'Securos',NULL),(563,'Plate, 2.0, PAX, 8 Hole, Reconstruction','Plate, 2.0, PAX, 8 Hole, Reconstruction','','2023-10-04 09:27:14','2023-10-16 13:20:33',5,'Securos',NULL),(564,'Plate, 2.0, PAX, 9 Hole, Reconstruction','Plate, 2.0, PAX, 9 Hole, Reconstruction','','2023-10-04 09:27:27','2023-10-16 13:20:30',10,'Securos',NULL),(565,'Plate, 2.0, PAX, 10 Hole, Reconstruction','Plate, 2.0, PAX, 10 Hole, Reconstruction','','2023-10-04 09:27:36','2023-10-16 13:20:26',5,'Securos',NULL),(566,'Plate, 2.4, PAX, 4 Hole, Reconstruction','Plate, 2.4, PAX, 4 Hole, Reconstruction','','2023-10-04 09:27:55','2023-10-16 13:20:23',5,'Securos',NULL),(567,'Plate, 2.4, PAX, 5 Hole, Reconstruction','Plate, 2.4, PAX, 5 Hole, Reconstruction','','2023-10-04 09:28:06','2023-10-16 13:20:20',5,'Securos',NULL),(568,'Plate, 2.4, PAX, 6 Hole, Reconstruction','Plate, 2.4, PAX, 6 Hole, Reconstruction','','2023-10-04 09:28:22','2023-10-16 13:20:17',5,'Securos',NULL),(569,'Plate, 2.4, PAX, 7 Hole, Reconstruction','Plate, 2.4, PAX, 7 Hole, Reconstruction','','2023-10-04 09:28:32','2023-10-16 13:20:12',5,'Securos',NULL),(570,'Plate, 2.4, PAX, 8 Hole, Reconstruction','Plate, 2.4, PAX, 8 Hole, Reconstruction','','2023-10-04 09:28:41','2023-10-16 13:20:09',5,'Securos',NULL),(571,'Plate, 2.4, PAX, 9 Hole, Reconstruction','Plate, 2.4, PAX, 9 Hole, Reconstruction','','2023-10-04 09:28:48','2023-10-16 13:20:07',5,'Securos',NULL),(572,'Plate, 2.4, PAX, 10 Hole, Reconstruction','Plate, 2.4, PAX, 10 Hole, Reconstruction','','2023-10-04 09:28:56','2023-10-18 08:18:48',5,'Securos',NULL),(573,'Plate, 2.4, PAX, 12 Hole, Reconstruction','Plate, 2.4, PAX, 12 Hole, Reconstruction','','2023-10-04 09:29:05','2023-10-18 08:18:45',5,'Securos',NULL),(574,'Plate, 2.4, PAX, 14 Hole, Reconstruction','Plate, 2.4, PAX, 14 Hole','','2023-10-04 09:29:13','2023-10-18 08:18:42',5,'Securos',NULL),(575,'Plate, 2.4, PAX, T, 4 Hole, Reconstruction','Plate, 2.4, PAX, T, 4 Hole, Reconstruction','','2023-10-04 09:29:31','2023-10-18 08:18:51',5,'Securos',NULL),(576,'Plate, 2.4, PAX, T, 5 Hole, Reconstruction','Plate, 2.4, PAX, T, 5 Hole, Reconstruction','','2023-10-04 09:29:48','2023-10-18 08:18:54',5,'Securos',NULL),(577,'Plate, 2.4, PAX, T, 6 Hole, Reconstruction','Plate, 2.4, PAX, T, 6 Hole, Reconstruction','','2023-10-04 09:29:57','2023-10-18 08:18:58',5,'Securos',NULL),(578,'Plate, 2.4, PAX, T, 7 Hole, Reconstruction','Plate, 2.4, PAX, T, 7 Hole, Reconstruction','','2023-10-04 09:30:04','2023-10-18 08:19:01',5,'Securos',NULL),(579,'Plate, 2.4, PAX, T, 8 Hole, Reconstruction','Plate, 2.4, PAX, T, 8 Hole, Reconstruction','','2023-10-04 09:30:10','2023-10-18 08:19:05',5,'Securos',NULL),(580,'Plate, 2.4, PAX, T, 9 Hole, Reconstruction','Plate, 2.4, PAX, T, 9 Hole, Reconstruction','','2023-10-04 09:30:20','2023-10-18 08:19:08',5,'Securos',NULL),(581,'Plate, 2.0, PAX, T, 4 Hole, Reconstruction','Plate, 2.0, PAX, T, 4 Hole, Reconstruction ','','2023-10-04 09:30:33','2023-10-18 08:19:12',5,'Securos',NULL),(582,'Plate, 2.0, PAX, T, 5 Hole, Reconstruction','Plate, 2.0, PAX, T, 5 Hole, Reconstruction','','2023-10-04 09:30:43','2023-10-18 08:19:16',5,'Securos',NULL),(583,'Plate, 2.0, PAX, T, 6 Hole, Reconstruction','Plate, 2.0, PAX, T, 6 Hole, Reconstruction','','2023-10-04 09:30:51','2023-10-18 08:19:19',5,'Securos',NULL),(584,'Plate, 2.0, PAX, T, 7 Hole, Reconstruction','Plate, 2.0, PAX, T, 7 Hole, Reconstruction','','2023-10-04 09:30:59','2023-10-18 08:19:23',5,'Securos',NULL),(585,'Plate, 2.0, PAX, T, 8 Hole, Reconstruction','Plate, 2.0, PAX, T, 8 Hole, Reconstruction','','2023-10-04 09:31:05','2023-10-18 08:19:25',5,'Securos',NULL),(586,'Plate, 2.0, PAX, T, 9 Hole, Reconstruction','Plate, 2.0, PAX, T, 9 Hole, Reconstruction','','2023-10-04 09:31:13','2023-10-18 08:19:29',5,'Securos',NULL),(587,'Drill Bit, 1.3','1.3mm Drill Bit, PAX','','2023-10-04 09:31:48','2023-10-18 08:19:38',1,'Securos',NULL),(588,'Drill Bit, 1.7','Drill Bit, 1.7, PAX','','2023-10-04 09:32:00','2023-10-18 08:19:35',1,'Securos',NULL),(589,'Plate, 2.0, PAX, 3 Hole, Straight','Plate, 2.0, PAX, 3 Hole, Straight','','2023-10-04 09:38:53','2023-10-18 08:19:32',5,'Securos',NULL),(590,'Plate, 2.0, PAX, 4 Hole, Straight','Plate, 2.0, PAX, 4 Hole, Straight','','2023-10-04 09:39:08','2023-10-18 08:19:41',5,'Securos',NULL),(591,'Plate, 2.0, PAX, 5 Hole, Straight','Plate, 2.0, PAX, 5 Hole, Straight','','2023-10-04 09:39:19','2023-10-18 08:19:44',5,'Securos',NULL),(592,'Plate, 2.0, PAX, 6 Hole, Straight','Plate, 2.0, PAX, 6 Hole, Straight','','2023-10-04 09:39:26','2023-10-18 08:19:54',5,'Securos',NULL),(593,'Plate, 2.0, PAX, 7 Hole, Straight','Plate, 2.0, PAX, 7 Hole, Straight','','2023-10-04 09:39:36','2023-10-18 08:19:51',5,'Securos',NULL),(594,'Plate, 2.0, PAX, 8 Hole, Straight','Plate, 2.0, PAX, 8 Hole, Straight','','2023-10-04 09:39:43','2023-10-18 08:19:48',5,'Securos',NULL),(595,'Plate, 2.0, PAX, 9 Hole, Straight','Plate, 2.0, PAX, 9 Hole, Straight','','2023-10-04 09:39:50','2023-10-18 08:19:57',5,'Securos',NULL),(596,'Plate, 2.0, PAX, 10 Hole, Straight','Plate, 2.0, PAX, 10 Hole, Straight','','2023-10-04 09:39:58','2023-10-18 08:20:03',5,'Securos',NULL),(597,'Plate, 2.0, PAX, 20 Hole, Straight','Plate, 2.0, PAX, 20 Hole, Straight','','2023-10-04 09:40:07','2023-10-18 08:20:00',5,'Securos',NULL),(598,'Plate, 2.4, PAX, 5 Hole, Straight','Plate, 2.4, PAX, 5 Hole, Straight','','2023-10-04 09:40:38','2023-10-18 08:20:06',5,'Securos',NULL),(599,'Plate, 2.4, PAX, 6 Hole, Straight','Plate, 2.4, PAX, 6 Hole, Straight','','2023-10-04 09:40:46','2023-10-18 08:20:15',5,'Securos',NULL),(600,'Plate, 2.4, PAX, 7 Hole, Straight','Plate, 2.4, PAX, 7 Hole, Straight','','2023-10-04 09:40:54','2023-10-18 08:20:12',5,'Securos',NULL),(601,'Plate, 2.4, PAX, 8 Hole, Straight','Plate, 2.4, PAX, 8 Hole, Straight','','2023-10-04 09:41:06','2023-10-18 08:20:19',5,'Securos',NULL),(602,'Plate, 2.4, PAX, 9 Hole, Straight','Plate, 2.4, PAX, 9 Hole, Straight','','2023-10-04 09:41:15','2023-10-18 08:20:24',5,'Securos',NULL),(603,'Plate, 2.4, PAX, 10 Hole, Straight','Plate, 2.4, PAX, 10 Hole, Straight','','2023-10-04 09:41:22','2023-10-18 08:20:31',5,'Securos',NULL),(604,'Plate, 2.4, PAX, 12 Hole, Straight','Plate, 2.4, PAX, 12 Hole, Straight','','2023-10-04 09:41:32','2023-10-18 08:20:27',5,'Securos',NULL),(605,'Plate, 2.4, PAX, 14 Hole, Straight','Plate, 2.4, PAX, 14 Hole, Straight','','2023-10-04 09:41:44','2023-10-18 08:20:33',5,'Securos',NULL),(606,'Plate, 2.4, PAX, 20 Hole, Straight','Plate, 2.4, Pax, 20 Hole, Straight','','2023-10-04 09:41:53','2023-10-18 08:20:37',5,'Securos',NULL),(607,'Plate, 2.7, PAX, 4 Hole, Reconstruction','Plate, 2.7, PAX, 4 Hole, Reconstruction','','2023-10-04 09:54:13','2023-10-18 08:20:40',5,'Securos',NULL),(608,'Plate, 2.7, PAX, 5 Hole, Reconstruction','Plate, 2.7, PAX, 5 Hole, Reconstruction','','2023-10-04 09:54:23','2023-10-18 08:20:45',5,'Securos',NULL),(609,'Plate, 2.7, PAX, 6 Hole, Reconstruction','Plate, 2.7, PAX, 6 Hole, Reconstruction','','2023-10-04 09:54:35','2023-10-18 08:20:43',5,'Securos',NULL),(610,'Plate, 2.7, PAX, 7 Hole, Reconstruction','Plate, 2.7, PAX, 7 Hole, Reconstruction','','2023-10-04 09:54:43','2023-10-18 08:20:47',5,'Securos',NULL),(611,'Plate, 2.7, PAX, 8 Hole, Reconstruction','Plate, 2.7, PAX, 8 Hole, Reconstruction','','2023-10-04 09:54:51','2023-10-18 08:20:50',5,'Securos',NULL),(612,'Plate, 2.7, PAX, 9 Hole, Reconstruction','Plate, 2.7, PAX, 9 Hole, Reconstruction','','2023-10-04 09:55:02','2023-10-18 08:20:54',5,'Securos',NULL),(613,'Plate, 2.7, PAX, 10 Hole, Reconstruction','Plate, 2.7, PAX, 10 Hole, Reconstruction','','2023-10-04 09:55:14','2023-10-18 08:20:57',5,'Securos',NULL),(614,'Plate, 2.7, PAX, 12 Hole, Reconstruction','Plate, 2.7, PAX, 12 Hole, Reconstruction','','2023-10-04 09:55:28','2023-10-18 08:21:00',5,'Securos',NULL),(615,'Plate, 2.7, PAX, 14 Hole, Reconstruction','Plate, 2.7, PAX, 14 Hole, Reconstruction','','2023-10-04 09:55:37','2023-10-18 08:21:03',5,'Securos',NULL),(616,'Plate, 2.7, PAX, 16 Hole, Reconstruction','Plate, 2.7, PAX, 16 Hole, Reconstruction','','2023-10-04 09:55:48','2023-10-18 08:21:06',5,'Securos',NULL),(617,'Plate, 2.7, PAX, 4 Hole, Straight','Plate, 2.7, PAX, 4 Hole, Straight','','2023-10-04 09:56:36','2023-10-18 08:21:08',5,'Securos',NULL),(618,'Plate, 2.7, PAX, 5 Hole, Straight','Plate, 2.7, PAX, 5 Hole, Straight','','2023-10-04 09:56:47','2023-10-18 08:21:11',5,'Securos',NULL),(619,'Plate, 2.7, PAX, 6 Hole, Straight','Plate, 2.7, PAX, 6 Hole, Straight','','2023-10-04 09:56:57','2023-10-18 08:21:13',5,'Securos',NULL),(620,'Plate, 2.7, PAX, 7 Hole, Straight','Plate, 2.7, PAX, 7 Hole, Straight','','2023-10-04 09:57:06','2023-10-18 08:21:16',5,'Securos',NULL),(621,'Plate, 2.7, PAX, 8 Hole, Straight','Plate, 2.7, PAX, 8 Hole, Straight','','2023-10-04 09:57:13','2023-10-18 08:21:19',5,'Securos',NULL),(622,'Plate, 2.7, PAX, 9 Hole, Straight','Plate, 2.7, PAX, 9 Hole, Straight','','2023-10-04 09:57:22','2023-10-18 08:23:13',5,'Securos',NULL),(623,'Plate, 2.7, PAX, 10 Hole, Straight','Plate, 2.7, PAX, 10 Hole, Straight','','2023-10-04 09:57:30','2023-10-18 08:23:16',5,'Securos',NULL),(624,'Plate, 2.7, PAX, 12 Hole, Straight','Plate, 2.7, PAX, 12 Hole, Straight','','2023-10-04 09:57:37','2023-10-18 08:23:20',5,'Securos',NULL),(625,'Plate, 2.7, PAX, 14 Hole, Straight','Plate, 2.7, PAX, 14 Hole, Straight','','2023-10-04 09:57:46','2023-10-18 08:23:23',5,'Securos',NULL),(626,'Plate, 2.7, PAX, 16 Hole, Straight','Plate, 2.7, PAX, 16 Hole, Straight','','2023-10-04 09:57:53','2023-10-18 08:23:26',5,'Securos',NULL),(627,'Plate, 3.5, PAX, 4 Hole, Reconstruction','Plate, 3.5, PAX, 4 Hole, Reconstruction','','2023-10-04 09:58:18','2023-10-18 08:23:29',5,'Securos',NULL),(628,'Plate, 3.5, PAX, 5 Hole, Reconstruction','Plate, 3.5, PAX, 5 Hole, Reconstruction','','2023-10-04 09:58:27','2023-10-18 08:23:08',5,'Securos',NULL),(629,'Plate, 3.5, PAX, 6 Hole, Reconstruction','Plate, 3.5, PAX, 6 Hole, Reconstruction','','2023-10-04 09:58:34','2023-10-18 08:23:05',5,'Securos',NULL),(630,'Plate, 3.5, PAX, 7 Hole, Reconstruction','Plate, 3.5, PAX, 7 Hole, Reconstruction','','2023-10-04 09:58:40','2023-10-18 08:23:01',5,'Securos',NULL),(631,'Plate, 3.5, PAX, 8 Hole, Reconstruction','Plate, 3.5, PAX, 8 Hole, Reconstruction','','2023-10-04 09:58:47','2023-10-18 08:22:58',5,'Securos',NULL),(632,'Plate, 3.5, PAX, 9 Hole, Reconstruction','Plate, 3.5, PAX, 9 Hole, Reconstruction','','2023-10-04 09:58:56','2023-10-18 08:22:54',5,'Securos',NULL),(633,'Plate, 3.5, PAX, 10 Hole, Reconstruction','Plate, 3.5, PAX, 10 Hole, Reconstruction','','2023-10-04 09:59:05','2023-10-18 08:22:50',5,'Securos',NULL),(634,'Plate, 3.5, PAX, 11 Hole, Reconstruction','Plate, 3.5, PAX, 11 Hole, Reconstruction','','2023-10-04 09:59:18','2023-10-18 08:22:47',5,'Securos',NULL),(635,'Plate, 3.5, PAX, 12 Hole, Reconstruction','Plate, 3.5, PAX, 12 Hole, Reconstruction','','2023-10-04 09:59:26','2023-10-18 08:22:43',5,'Securos',NULL),(636,'Plate, 3.5, PAX, 14 Hole, Reconstruction','Plate, 3.5, PAX, 14 Hole, Reconstruction','','2023-10-04 09:59:34','2023-10-18 08:22:40',5,'Securos',NULL),(637,'Plate, 3.5, PAX, 15 Hole, Reconstruction','Plate, 3.5, PAX, 15 Hole, Reconstruction','','2023-10-04 09:59:46','2023-10-18 08:22:37',5,'Securos',NULL),(638,'Plate, 3.5, PAX, 16 Hole, Reconstruction','Plate, 3.5, PAX, 16 Hole, Reconstruction','','2023-10-04 09:59:54','2023-10-18 08:22:31',5,'Securos',NULL),(639,'Plate, 3.5, PAX, 4 Hole, Straight','Plate, 3.5, PAX, 4 Hole, Straight','','2023-10-04 10:00:14','2023-10-18 08:22:28',5,'Securos',NULL),(640,'Plate, 3.5, PAX, 5 Hole, Straight','Plate, 3.5, PAX, 5 Hole, Straight','','2023-10-04 10:00:22','2023-10-18 08:22:25',5,'Securos',NULL),(641,'Plate, 3.5, PAX, 6 Hole, Straight','Plate, 3.5, PAX, 6 Hole, Straight','','2023-10-04 10:00:32','2023-10-18 08:22:22',5,'Securos',NULL),(642,'Plate, 3.5, PAX, 7 Hole, Straight','Plate, 3.5, PAX, 7 Hole, Straight','','2023-10-04 10:00:41','2023-10-18 08:22:03',5,'Securos',NULL),(643,'Plate, 3.5, PAX, 8 Hole, Straight','Plate, 3.5, PAX, 8 Hole, Straight','','2023-10-04 10:00:50','2023-10-18 08:22:07',5,'Securos',NULL),(644,'Plate, 3.5, PAX, 9 Hole, Straight','Plate, 3.5, PAX, 9 Hole, Straight','','2023-10-04 10:01:00','2023-10-18 08:22:10',5,'Securos',NULL),(645,'Plate, 3.5, PAX, 10 Hole, Straight','Plate, 3.5, PAX, 10 Hole, Straight','','2023-10-04 10:01:09','2023-10-18 08:22:13',5,'Securos',NULL),(646,'Plate, 3.5, PAX, 11 Hole, Straight','Plate, 3.5, PAX, 11 Hole, Straight','','2023-10-04 10:01:17','2023-10-18 08:22:17',5,'Securos',NULL),(647,'Plate, 3.5, PAX, 12 Hole, Straight','Plate, 3.5, PAX, 12 Hole, Straight','','2023-10-04 10:01:27','2023-10-18 08:21:57',5,'Securos',NULL),(648,'Plate, 3.5, PAX, 13 Hole, Straight','Plate, 3.5, PAX, 13 Hole, Straight','','2023-10-04 10:01:34','2023-10-18 08:21:54',5,'Securos',NULL),(649,'Plate, 3.5, PAX, 14 Hole, Straight','Plate, 3.5, PAX, 14 Hole, Straight','','2023-10-04 10:01:42','2023-10-18 08:21:51',5,'Securos',NULL),(650,'Plate, 3.5, PAX, 15 Hole, Straight','Plate, 3.5, PAX, 15 Hole, Straight','','2023-10-04 10:01:49','2023-10-18 08:21:47',5,'Securos',NULL),(651,'Plate, 3.5, PAX, 16 Hole, Straight','Plate, 3.5, PAX, 16 Hole, Straight','','2023-10-04 10:01:58','2023-10-18 08:21:45',5,'Securos',NULL),(652,'Plate, 3.5, PAX, 18 Hole, Straight','Plate, 3.5, PAX, 18 Hole, Straight','','2023-10-04 10:02:06','2023-10-18 08:21:40',5,'Securos',NULL),(653,'Forceps, Plate Holding, 140mm','PAX Forceps','','2023-10-04 10:04:28','2023-10-18 08:21:36',2,'Securos',NULL),(654,'Drill Guide, 2.0/2.4','2.0/2.4 Drill Guide','','2023-10-04 10:04:45',NULL,2,'Miltex',NULL),(655,'Screw, Locking, PAX, 2.0, 6mm','Screw, Locking, PAX, 2.0, 6mm','','2023-10-04 10:07:40','2023-10-16 13:17:51',10,'Securos',NULL),(656,'Screw, Locking, PAX, 2.0, 8mm','Screw, Locking, PAX, 2.0, 8mm','','2023-10-04 10:07:51','2023-10-16 13:17:54',10,'Securos',NULL),(657,'Screw, Locking, PAX, 2.0, 10mm','Screw, Locking, PAX, 2.0, 10mm','','2023-10-04 10:07:58','2023-10-16 13:18:07',10,'Securos',NULL),(658,'Screw, Locking, PAX, 2.0, 12mm','Screw, Locking, PAX, 2.0, 12mm','','2023-10-04 10:08:08','2023-10-16 13:18:02',10,'Securos',NULL),(659,'Screw, Locking, PAX, 2.0, 14mm','Screw, Locking, PAX, 2.0, 14mm','','2023-10-04 10:08:16','2023-10-16 13:18:00',10,'Securos',NULL),(660,'Screw, Locking, PAX, 2.0, 16mm','Screw, Locking, PAX, 2.0, 16mm','','2023-10-04 10:08:24','2023-10-16 13:18:10',10,'Securos',NULL),(661,'Screw, Locking, PAX, 2.0, 18mm','Screw, Locking, PAX, 2.0, 18mm','','2023-10-04 10:08:31','2023-10-16 13:18:13',10,'Securos',NULL),(662,'Screw, Locking, PAX, 2.0, 20mm','Screw, Locking, PAX, 2.0, 20mm','','2023-10-04 10:08:38','2023-10-16 13:18:19',10,'Securos',NULL),(663,'Screw, Locking, PAX, 2.4, 6mm','Screw, Locking, PAX, 2.4, 6mm','','2023-10-04 10:08:53','2023-10-16 13:19:00',10,'Securos',NULL),(664,'Screw, Locking, PAX, 2.4, 8mm','Screw, Locking, PAX, 2.4, 8mm','','2023-10-04 10:09:05','2023-10-18 08:23:53',10,'Securos',NULL),(665,'Screw, Locking, PAX, 2.4, 10mm','Screw, Locking, PAX, 2.4, 10mm','','2023-10-04 10:09:12','2023-10-16 13:19:03',10,'Securos',NULL),(666,'Screw, Locking, PAX, 2.4, 12mm','Screw, Locking, PAX, 2.4, 12mm','','2023-10-04 10:09:18','2023-10-16 13:19:08',5,'Securos',NULL),(667,'Screw, Locking, PAX, 2.4, 14mm','Screw, Locking, PAX, 2.4, 14mm','','2023-10-04 10:09:29','2023-10-16 13:17:44',10,'Securos',NULL),(668,'Screw, Locking, PAX, 2.4, 16mm','Screw, Locking, PAX, 2.4, 16mm','','2023-10-04 10:09:37','2023-10-16 13:20:56',10,'Securos',NULL),(669,'Screw, Locking, PAX, 2.4, 18mm','Screw, Locking, PAX, 2.4, 18mm','','2023-10-04 10:09:44','2023-10-16 13:21:00',10,'Securos',NULL),(670,'Screw, Locking, PAX, 2.4, 20mm','Screw, Locking, PAX, 2.4, 20mm','','2023-10-04 10:09:51','2023-10-16 13:21:04',10,'Securos',NULL),(671,'Screw, Locking, PAX, 2.4, 22mm','Screw, Locking, PAX, 2.4, 22mm','','2023-10-04 10:09:59','2023-10-16 13:21:08',10,'Securos',NULL),(672,'Screw, Locking, PAX, 2.4, 24mm','Screw, Locking, PAX, 2.4, 24mm','','2023-10-04 10:10:07','2023-10-16 13:21:10',10,'Securos',NULL),(673,'Depth Gauge, PAX, 60mm','Depth Gauge, PAX, 60mm','','2023-10-04 10:15:36','2023-10-18 08:21:30',2,'Securos',NULL),(674,'Drill Guide, 2.0/2.5','Drill Guide, 2.0/2.5 Securos','','2023-10-04 10:16:46','2023-10-16 13:35:35',5,'Securos',NULL),(675,'Screw, Locking, PAX, 2.7, 8mm','Screw, Locking, PAX, 2.7, 8mm','','2023-10-04 10:18:33','2023-10-16 13:21:13',10,'Securos',NULL),(676,'Screw, Locking, PAX, 2.7, 10mm','Screw, Locking, PAX, 2.7, 10mm','','2023-10-04 10:18:45','2023-10-16 13:21:16',10,'Securos',NULL),(677,'Screw, Locking, PAX, 2.7, 12mm','Screw, Locking, PAX, 2.7, 12mm','','2023-10-04 10:18:53','2023-10-16 13:21:19',10,'Securos',NULL),(678,'Screw, Locking, PAX, 2.7, 14mm','Screw, Locking, PAX, 2.7, 14mm','','2023-10-04 10:18:58','2023-10-16 13:21:22',10,'Securos',NULL),(679,'Screw, Locking, PAX, 2.7, 16mm','Screw, Locking, PAX, 2.7, 16mm','','2023-10-04 10:19:16','2023-10-16 13:21:32',10,'Securos',NULL),(680,'Screw, Locking, PAX, 2.7, 18mm','Screw, Locking, PAX, 2.7, 18mm','','2023-10-04 10:19:23','2023-10-16 13:21:29',10,'Securos',NULL),(681,'Screw, Locking, PAX, 2.7, 20mm','Screw, Locking, PAX, 2.7, 20mm','','2023-10-04 10:19:31','2023-10-16 13:21:35',10,'Securos',NULL),(682,'Screw, Locking, PAX, 2.7, 22mm','Screw, Locking, PAX, 2.7, 22mm','','2023-10-04 10:19:43','2023-10-16 13:21:38',10,'Securos',NULL),(683,'Screw, Locking, PAX, 2.7, 24mm','Screw, Locking, PAX, 2.7, 24mm','','2023-10-04 10:20:15','2023-10-16 13:21:41',10,'Securos',NULL),(684,'Screw, Locking, PAX, 2.7, 26mm','Screw, Locking, PAX, 2.7, 26mm','','2023-10-04 10:20:21','2023-10-16 13:21:44',10,'Securos',NULL),(685,'Screw, Locking, PAX, 2.7, 28mm','Screw, Locking, PAX, 2.7, 28mm','','2023-10-04 10:20:27','2023-10-16 13:21:46',10,'Securos',NULL),(686,'Screw, Locking, PAX, 2.7, 30mm','Screw, Locking, PAX, 2.7, 30mm','','2023-10-04 10:20:32','2023-10-16 13:21:49',10,'Securos',NULL),(687,'Screw, Locking, PAX, 2.7, 32mm','Screw, Locking, PAX, 2.7, 32mm','','2023-10-04 10:20:38','2023-10-16 13:21:54',10,'Securos',NULL),(688,'Screw, Locking, PAX, 2.7, 34mm','Screw, Locking, PAX, 2.7, 34mm','','2023-10-04 10:20:44','2023-10-16 13:21:57',10,'Securos',NULL),(689,'Screw, Locking, PAX, 2.7, 36mm','Screw, Locking, PAX, 2.7, 36mm','','2023-10-04 10:20:50','2023-10-16 13:22:02',10,'Securos',NULL),(690,'Screw, Locking, PAX, 2.7, 38mm','Screw, Locking, PAX, 2.7, 38mm','','2023-10-04 10:20:56','2023-10-16 13:22:05',10,'Securos',NULL),(691,'Screw, Locking, PAX, 2.7, 40mm','Screw, Locking, PAX, 2.7, 40mm','','2023-10-04 10:21:01','2023-10-16 13:22:08',10,'Securos',NULL),(692,'Screw, Locking, PAX, 2.7, 45mm','Screw, Locking, PAX, 2.7, 45mm','','2023-10-04 10:21:07','2023-10-16 13:22:10',10,'Securos',NULL),(693,'Screw, Locking, PAX, 2.7, 50mm','Screw, Locking, PAX, 2.7, 50mm','','2023-10-04 10:21:12','2023-10-16 13:22:13',10,'Securos',NULL),(694,'Screw, Locking, PAX, 3.5, 8mm','Screw, Locking, PAX, 3.5, 8mm','','2023-10-04 10:21:25','2023-10-16 13:22:15',10,'Securos',NULL),(695,'Screw, Locking, PAX, 3.5, 10mm','Screw, Locking, PAX, 3.5, 10mm','','2023-10-04 10:21:44','2023-10-16 13:22:17',10,'Securos',NULL),(696,'Screw, Locking, PAX, 3.5, 12mm','Screw, Locking, PAX, 3.5, 12mm','','2023-10-04 10:21:51','2023-10-16 13:22:20',10,'Securos',NULL),(697,'Screw, Locking, PAX, 3.5, 14mm','Screw, Locking, PAX, 3.5, 14mm','','2023-10-04 10:21:57','2023-10-16 13:22:22',10,'Securos',NULL),(698,'Screw, Locking, PAX, 3.5, 16mm','Screw, Locking, PAX, 3.5, 16mm','','2023-10-04 10:22:04','2023-10-16 13:22:25',10,'Securos',NULL),(699,'Screw, Locking, PAX, 3.5, 18mm','Screw, Locking, PAX, 3.5, 18mm','','2023-10-04 10:22:10','2023-10-16 13:22:55',10,'Securos',NULL),(700,'Screw, Locking, PAX, 3.5, 20mm','Screw, Locking, PAX, 3.5, 20mm','','2023-10-04 10:22:17','2023-10-16 13:22:52',10,'Securos',NULL),(701,'Screw, Locking, PAX, 3.5, 22mm','Screw, Locking, PAX, 3.5, 22mm','','2023-10-04 10:22:31','2023-10-16 13:22:49',10,'Securos',NULL),(702,'Screw, Locking, PAX, 3.5, 24mm','Screw, Locking, PAX, 3.5, 24mm','','2023-10-04 10:22:36','2023-10-16 13:22:46',10,'Securos',NULL),(703,'Screw, Locking, PAX, 3.5, 26mm','Screw, Locking, PAX, 3.5, 26mm','','2023-10-04 10:22:41','2023-10-16 13:22:44',10,'Securos',NULL),(704,'Screw, Locking, PAX, 3.5, 28mm','Screw, Locking, PAX, 3.5, 28mm','','2023-10-04 10:22:48','2023-10-16 13:22:41',10,'Securos',NULL),(705,'Screw, Locking, PAX, 3.5, 30mm','Screw, Locking, PAX, 3.5, 30mm','','2023-10-04 10:22:53','2023-10-16 13:22:38',10,'Securos',NULL),(706,'Screw, Locking, PAX, 3.5, 32mm','Screw, Locking, PAX, 3.5, 32mm','','2023-10-04 10:22:58','2023-10-16 13:22:35',10,'Securos',NULL),(707,'Screw, Locking, PAX, 3.5, 34mm','Screw, Locking, PAX, 3.5, 34mm','','2023-10-04 10:23:07','2023-10-16 13:22:32',10,'Securos',NULL),(708,'Screw, Locking, PAX, 3.5, 36mm','Screw, Locking, PAX, 3.5, 36mm','','2023-10-04 10:23:13','2023-10-16 13:22:29',10,'Securos',NULL),(709,'Screw, Locking, PAX, 3.5, 38mm','Screw, Locking, PAX, 3.5, 38mm','','2023-10-04 10:23:18','2023-10-16 13:23:30',10,'Securos',NULL),(710,'Screw, Locking, PAX, 3.5, 40mm','Screw, Locking, PAX, 3.5, 40mm','','2023-10-04 10:23:33','2023-10-16 13:23:26',10,'Securos',NULL),(711,'Screw, Locking, PAX, 3.5, 42mm','Screw, Locking, PAX, 3.5, 42mm','','2023-10-04 10:23:40','2023-10-16 13:23:23',10,'Securos',NULL),(712,'Screw, Locking, PAX, 3.5, 44mm','Screw, Locking, PAX, 3.5, 44mm','','2023-10-04 10:23:46','2023-10-16 13:23:20',10,'Securos',NULL),(713,'Screw, Locking, PAX, 3.5, 46mm','Screw, Locking, PAX, 3.5, 46mm','','2023-10-04 10:23:50','2023-10-16 13:23:17',10,'Securos',NULL),(714,'Screw, Locking, PAX, 3.5, 50mm','Screw, Locking, PAX, 3.5, 50mm','','2023-10-04 10:23:55','2023-10-16 13:23:14',10,'Securos',NULL),(715,'Screw, Locking, PAX, 3.5, 52mm','Screw, Locking, PAX, 3.5, 52mm','','2023-10-04 10:23:59','2023-10-16 13:23:12',10,'Securos',NULL),(716,'Screw, Locking, PAX, 3.5, 54mm','Screw, Locking, PAX, 3.5, 54mm','','2023-10-04 10:24:04','2023-10-16 13:23:08',10,'Securos',NULL),(717,'Screw, Locking, PAX, 3.5, 56mm','Screw, Locking, PAX, 3.5, 56mm','','2023-10-04 10:24:14','2023-10-16 13:23:05',10,'Securos',NULL),(718,'Screwdriver, T6, SD6','Screwdriver, T6, SD6','','2023-10-04 10:35:20',NULL,3,'Miltex',NULL),(719,'Plate, 2.0, TPLO, Left','Plate, 2.0, TPLO, Left','','2023-10-04 10:36:08','2023-10-16 13:51:26',5,'Synthes',NULL),(720,'Plate, 2.0, TPLO, Right','Plate, 2.0, TPLO, Right','','2023-10-04 10:36:17','2023-10-16 13:51:31',10,'Synthes',NULL),(721,'Plate, 2.4, TPLO, Left','Plate, 2.4, TPLO, Left','','2023-10-04 10:36:34','2023-10-16 13:51:36',5,'Synthes',NULL),(722,'Plate, 2.4, TPLO, Right','Plate, 2.4, TPLO, Right','','2023-10-04 10:36:41','2023-10-16 13:51:34',10,'Synthes',NULL),(723,'Screw, Locking, 2.0, 6mm','Screw, Locking, 2.0, 6mm','','2023-10-04 10:37:11','2023-10-16 13:23:35',10,'Synthes',NULL),(724,'Screw, Locking, 2.0, 8mm','Screw, Locking, 2.0, 8mm','','2023-10-04 10:37:19','2023-10-16 13:23:43',10,'Synthes',NULL),(725,'Screw, Locking, 2.0, 10mm','Screw, Locking, 2.0, 10mm','','2023-10-04 10:37:28','2023-10-16 13:23:40',10,'Synthes',NULL),(726,'Screw, Locking, 2.0, 12mm','Screw, Locking, 2.0, 12mm','','2023-10-04 10:37:39','2023-10-16 13:23:46',10,'Synthes',NULL),(727,'Screw, Locking, 2.0, 14mm','Screw, Locking, 2.0, 14mm','','2023-10-04 10:37:46','2023-10-16 13:23:49',10,'Synthes',NULL),(728,'Screw, Locking, 2.0, 16mm','Screw, Locking, 2.0, 16mm','','2023-10-04 10:37:56','2023-10-16 13:23:52',10,'Synthes',NULL),(729,'Screw, Locking, 2.0, 18mm','Screw, Locking, 2.0, 18mm','','2023-10-04 10:38:04','2023-10-16 13:23:55',10,'Synthes',NULL),(730,'Screw, Locking, 2.0, 20mm','Screw, Locking, 2.0, 20mm','','2023-10-04 10:38:11','2023-10-16 13:23:58',10,'Synthes',NULL),(731,'Screw, Locking, 2.0, 22mm','Screw, Locking, 2.0, 22mm','','2023-10-04 10:38:18','2023-10-16 13:24:01',10,'Synthes',NULL),(732,'Screw, Locking, 2.0, 24mm','Screw, Locking, 2.0, 24mm','','2023-10-04 10:38:22','2023-10-16 13:24:04',10,'Synthes',NULL),(733,'Screw, Locking, 2.0, 26mm','Screw, Locking, 2.0, 26mm','','2023-10-04 10:38:28','2023-10-16 13:24:06',10,'Synthes',NULL),(734,'Screw, Locking, 2.0, 28mm','Screw, Locking, 2.0, 28mm','','2023-10-04 10:38:39','2023-10-16 13:24:41',10,'Synthes',NULL),(735,'Screw, Locking, 2.0, 30mm','Screw, Locking, 2.0, 30mm','','2023-10-04 10:38:50','2023-10-16 13:24:38',10,'Synthes',NULL),(736,'Drill Guide, 1.5 LCP Threaded','Drill Guide, 1.5 LCP Threaded','','2023-10-04 10:40:05','2023-10-19 11:50:33',10,'Synthes',NULL),(737,'Drill Guide, 1.8 LCP Threaded','Drill Guide, 1.8 LCP Threaded','','2023-10-04 10:40:12','2023-10-19 11:50:31',10,'Synthes',NULL),(738,'Screw, Locking, 2.4, 6mm','Screw, Locking, 2.4, 6mm','','2023-10-04 10:44:07','2023-10-16 13:24:36',10,'Synthes',NULL),(739,'Screw, Locking, 2.4, 8mm','Screw, Locking, 2.4, 8mm','','2023-10-04 10:44:16','2023-10-16 13:24:33',10,'Synthes',NULL),(740,'Screw, Locking, 2.4, 10mm','Screw, Locking, 2.4, 10mm','','2023-10-04 10:44:22','2023-10-16 13:24:29',10,'Synthes',NULL),(741,'Screw, Locking, 2.4, 12mm','Screw, Locking, 2.4, 12mm','','2023-10-04 10:44:31','2023-10-16 13:24:25',10,'Synthes',NULL),(742,'Screw, Locking, 2.4, 14mm','Screw, Locking, 2.4, 14mm','','2023-10-04 10:44:37','2023-10-16 13:24:22',10,'Synthes',NULL),(743,'Screw, Locking, 2.4, 16mm','Screw, Locking, 2.4, 16mm','','2023-10-04 10:44:42','2023-10-16 13:24:19',10,'Synthes',NULL),(744,'Screw, Locking, 2.4, 18mm','Screw, Locking, 2.4, 18mm','','2023-10-04 10:44:49','2023-10-16 13:24:17',10,'Synthes',NULL),(745,'Screw, Locking, 2.4, 20mm','Screw, Locking, 2.4, 20mm','','2023-10-04 10:44:58','2023-10-16 13:24:13',10,'Synthes',NULL),(746,'Screw, Locking, 2.4, 22mm','Screw, Locking, 2.4, 22mm','','2023-10-04 10:45:02','2023-10-16 13:24:46',10,'Synthes',NULL),(747,'Screw, Locking, 2.4, 24mm','Screw, Locking, 2.4, 24mm','','2023-10-04 10:45:08','2023-10-16 13:24:49',10,'Synthes',NULL),(748,'Screw, Locking, 2.4, 26mm','Screw, Locking, 2.4, 26mm','','2023-10-04 10:45:12','2023-10-16 13:25:00',10,'Synthes',NULL),(749,'Screw, Locking, 2.4, 28mm','Screw, Locking, 2.4, 28mm','','2023-10-04 10:45:17','2023-10-16 13:25:06',10,'Synthes',NULL),(750,'Screw, Locking, 2.4, 30mm','Screw, Locking, 2.4, 30mm','','2023-10-04 10:45:26','2023-10-16 13:25:08',10,'Synthes',NULL),(751,'Handle, Quick Coupling, T','Handle, Quick Coupling, T','','2023-10-04 10:54:23',NULL,5,'Miltex',NULL),(752,'Chuck, Mini, Quick Coupling, Synthes','Chuck, Mini, Quick Coupling, Synthes','','2023-10-04 10:54:54',NULL,5,'Miltex',NULL),(753,'Countersink, 3.5/4.0','Countersink, 3.5/4.0','','2023-10-04 10:55:48',NULL,5,'Miltex',NULL),(754,'Drill Guide, 2.5/3.5 Green/Gold DCP','Drill Guide, 2.5/3.5 Green/Gold DCP','','2023-10-04 10:58:02','2023-10-19 09:59:36',5,'Securos',NULL),(755,'Sleeve, Drill, 2.5/3.5','Sleeve, Drill, 2.5/3.5','','2023-10-04 10:58:42',NULL,5,'Miltex',NULL),(756,'Plate, 2.7, Oblique, L, Left, 3 Hole','Plate, 2.7, Oblique, L, Left, 3 Hole','','2023-10-04 11:04:36','2023-10-04 11:05:08',10,'Miltex',NULL),(757,'Plate, 2.7, Oblique, L,  Right, 3 Hole','Plate, 2.7, Oblique, L, Right, 3 Hole','','2023-10-04 11:04:45','2023-10-04 11:05:19',5,'Miltex',NULL),(758,'Plate, 2.7, L, Left, 3 Hole','Plate, 2.7, L, Left, 3 Hole','','2023-10-04 11:05:46',NULL,5,'Miltex',NULL),(759,'Plate, 2.7, L, Right, 3 Hole','Plate, 2.7, L, Right, 3 Hole','','2023-10-04 11:05:55',NULL,5,'Miltex',NULL),(760,'Plate, 2.0/2.7 Pancarpal Arthrodesis, 9 Hole','Plate, 2.0/2.7 Pancarpal Arthrodesis, 9 Hole','','2023-10-04 11:06:19',NULL,5,'Miltex',NULL),(761,'Plate, 2.7/3.5, T, 5 Hole','Plate, 2.7/3.5, T, 5 Hole','','2023-10-04 11:06:57',NULL,5,'Miltex',NULL),(762,'Plate, 2.7/3.5, T, 7 Hole','Plate, 2.7/3.5, T, 7 Hole','','2023-10-04 11:08:17',NULL,5,'Miltex',NULL),(763,'Plate, 2.7/3.5, T, 9 Hole','Plate, 2.7/3.5, T, 9 Hole','','2023-10-04 11:08:29',NULL,5,'Miltex',NULL),(764,'Plate, 2.7/3.5, Pancarpal Arthrodesis, 9 Hole','Plate, 2.7/3.5, Pancarpal Arthrodesis, 9 Hole','','2023-10-04 11:09:00',NULL,5,'Miltex',NULL),(765,'Plate, LC-DCP, Acetabular 0','Plate, LC-DCP, Acetabular 0','','2023-10-04 11:10:04','2023-10-19 09:59:03',5,'Securos',NULL),(766,'Plate, LC-DCP, Acetabular 1','Plate, LC-DCP, Acetabular 1','','2023-10-04 11:10:11','2023-10-19 09:59:05',5,'Securos',NULL),(767,'Plate, LC-DCP, Acetabular 2','Plate, LC-DCP, Acetabular 2','','2023-10-04 11:10:16','2023-10-19 09:59:08',5,'Securos',NULL),(768,'Plate, LC-DCP, Acetabular 3','Plate, LC-DCP, Acetabular 3','','2023-10-04 11:10:21','2023-10-19 09:58:49',5,'Securos',NULL),(769,'Plate, LC-DCP, Acetabular 4','Plate, LC-DCP, Acetabular 4','','2023-10-04 11:10:27','2023-10-19 09:59:15',5,'Securos',NULL),(770,'Plate, LC-DCP, Acetabular 5','Plate, LC-DCP, Acetabular 5','','2023-10-04 11:10:33','2023-10-19 09:59:12',5,'Securos',NULL),(771,'Sleeve, Drill, 2.0/2.7','Sleeve, Drill, 2.0/2.7','','2023-10-04 11:27:02',NULL,5,'Miltex',NULL),(772,'Suture Tensioner','Suture Tensioner, Arthrex, Tensiometer','','2023-10-04 11:33:14',NULL,2,'Miltex',NULL),(773,'Guide, Femoral Targeting','Arthrex Femoral Targeting Guide','','2023-10-04 11:33:36',NULL,2,'Miltex',NULL),(774,'Drill Guide, 3.5/4.0','Arthrex','','2023-10-04 11:33:54',NULL,2,'Miltex',NULL),(775,'Scissor, FiberWire','Scissor, FiberWire, Arthrex','','2023-10-04 11:34:06',NULL,1,'Miltex',NULL),(776,'Drill Guide, 1.1-1.6, Graft Anchors','Drill Guide, 1.1-1.6, Graft Anchors, Arthrex','','2023-10-04 11:34:26',NULL,2,'Miltex',NULL),(777,'8\" Suture Passing Wire','8\" Suture Passing Wire','','2023-10-04 11:34:41',NULL,2,'Miltex',NULL),(778,'Gemini Switching Stick','Gemini Switching Stick','','2023-10-04 11:34:51',NULL,2,'Miltex',NULL),(779,'Drill Bit, Mini Tightrope','Drill Bit, Mini Tightrope','','2023-10-04 11:35:13',NULL,2,'Miltex',NULL),(780,'Kwire, 0.049','Kwire, 0.049','','2023-10-04 11:37:11',NULL,10,'Miltex',NULL),(781,'Scope, 1.9','Scope, 1.9','','2023-10-04 11:38:03',NULL,1,'Miltex',NULL),(782,'Scope, Case, 1.9','Scope, Case, 1.9','','2023-10-04 11:38:12',NULL,1,'Miltex',NULL),(783,'Scope, Case, 2.4','Scope, Case, 2.4','','2023-10-04 11:38:22',NULL,1,'Miltex',NULL),(784,'Scope, Case, 2.7','Scope, Case, 2.7','','2023-10-04 11:38:29',NULL,1,'Miltex',NULL),(785,'Mid-Size Video Case','Mid-Size Video Case','','2023-10-04 11:38:55',NULL,1,'Miltex',NULL),(786,'5mm Dual Fused Light Guide','Arthrex 5mm Dual Fused Light Guide','','2023-10-04 11:39:15',NULL,1,'Miltex',NULL),(787,'4K Camera Head','4K Camera Head, Arthrex','','2023-10-04 11:39:30',NULL,1,'Miltex',NULL),(788,'Conical Oburator, 2.4','Conical Oburator, 2.4','','2023-10-04 11:40:02',NULL,1,'Miltex',NULL),(789,'Conical Oburator, 2.7','Conical Oburator, 2.7','','2023-10-04 11:40:10',NULL,1,'Miltex',NULL),(790,'Conical Oburator, 3.0','Conical Oburator, 3.0','','2023-10-04 11:40:19',NULL,1,'Miltex',NULL),(791,'Scope, Sheath, 1.9','Scope, Sheath, 1.9','','2023-10-04 11:40:56',NULL,1,'Miltex',NULL),(792,'Scope, Sheath, 2.4','Scope, Sheath, 2.4','','2023-10-04 11:41:04',NULL,1,'Miltex',NULL),(793,'Scope, Sheath, 3.0','Scope, Sheath, 3.0','','2023-10-04 11:41:12',NULL,1,'Miltex',NULL),(794,'Scope, Sheath, 2.7','Scope, Sheath, 2.7','','2023-10-04 11:42:10',NULL,1,'Miltex',NULL),(795,'Scope, 3.0','Scope, 3.0','','2023-10-04 11:45:45',NULL,1,'Miltex',NULL),(796,'Scope, Case, 3.0','Scope, Case, 3.0','','2023-10-04 11:45:55',NULL,1,'Miltex',NULL),(797,'Scope, 5.5, 4K, 30, 300mm','Scope, 5.5, 4K, 30, 300mm','','2023-10-04 11:47:38',NULL,1,'Miltex',NULL),(798,'Scope, 5.5, 4K, 0, 300mm','Scope, 5.5, 4K, 0, 300mm','','2023-10-04 11:47:47',NULL,1,'Miltex',NULL),(799,'Forceps, Nasal, 13cm, Blakesley Rhinoforce II','Forceps, Nasal, 13cm, Blakesley Rhinoforce II, Karl Storz','','2023-10-04 11:49:06',NULL,1,'Miltex',NULL),(800,'Pointed Straight Tip Grasper','Small Joint Pointed Straight Tip Grasper w/ 2.75mm Straight Shaft w/ SR Handle','','2023-10-04 11:49:31','2023-10-04 11:50:00',2,'Miltex',NULL),(801,'Straight Tip Punch','Slender Straight Tip Punch w/ 2.75mm Straight Shaft','','2023-10-04 11:50:27',NULL,1,'Miltex',NULL),(802,'NR Handle Grasper','Straight Grasper w/ Poionted Straight Tip, 2.75mm with NR Handle','','2023-10-04 11:51:21',NULL,1,'Miltex',NULL),(803,'Alligator Grasper','Graspers w/ Alligator Hook Tip and 2.75mm Straight Shaft with SR Handle','','2023-10-04 11:51:46',NULL,1,'Miltex',NULL),(804,'Punch, 2.75mm','Punch, 2.75mm','','2023-10-04 11:51:59',NULL,1,'Miltex',NULL),(805,'Cannula, 2.9 x 5, Arthroscopy','Cannula, 2.9 x 5, Arthroscopy','','2023-10-04 11:52:14',NULL,1,'Miltex',NULL),(806,'Cannula, 3.7 x 5, Arthroscopy','Cannula, 3.7 x 5, Arthroscopy','','2023-10-04 11:52:25',NULL,1,'Miltex',NULL),(807,'Cannula, 4.3 x 5, Arthroscopy','Cannula, 4.3 x 5, Arthroscopy','','2023-10-04 11:52:40',NULL,1,'Miltex',NULL),(808,'Joint Hook Probe','Small Joint Hook Probe','','2023-10-04 11:52:51',NULL,1,'Miltex',NULL),(809,'Probe, Stainless Steel','Probe, Stainless Steel, Arthroscopy','','2023-10-04 11:53:02','2023-10-04 11:53:07',1,'Miltex',NULL),(810,'Probe, Hooked, 3.4','Probe w/ Hook 3.4mm Tip w/5mm markings','','2023-10-04 11:53:31','2023-10-04 11:58:47',1,'Miltex',NULL),(811,'Probe, Graduated','Graduated black probe w/ 2.5mm tip length','','2023-10-04 11:53:48',NULL,1,'Miltex',NULL),(812,'Smilie 3mm Meniscotome','Smilie 3mm Meniscotome','','2023-10-04 11:54:02',NULL,1,'Miltex',NULL),(813,'Switching Stick, 3.7','Switching Stick, 3.7 Arthroscopy','','2023-10-04 11:54:29',NULL,1,'Miltex',NULL),(814,'Switching Stick, 2.9','Switching Stick, 2.9, Arthroscopy','','2023-10-04 11:54:40',NULL,1,'Miltex',NULL),(815,'Syringe, 12mL','Syringe, 12mL','','2023-10-04 11:55:12',NULL,50,'Miltex',NULL),(816,'Syringe 6mL','Syringe 6mL','','2023-10-04 11:55:19',NULL,50,'Miltex',NULL),(817,'Gauze, Radiopaque','Radiopaque gauze','','2023-10-04 11:55:36','2023-10-04 11:56:19',50,'Miltex',NULL),(818,'Obturator, Cannulated','Obturator, Cannulated, Arthroscopy','','2023-10-04 11:58:20',NULL,1,'Miltex',NULL),(819,'Probe, Hooked, 4.8','Probe, Hooked, 4.8','','2023-10-04 11:58:37',NULL,1,'Miltex',NULL),(820,'Hook Knife','Hook Knife','','2023-10-04 11:58:59',NULL,1,'Miltex',NULL),(821,'Switching Stick, 2.6','Switching Stick, 2.6, 305mm length','','2023-10-04 11:59:19',NULL,1,'Miltex',NULL),(822,'Osteotome, 5\"','Osteotome, Swiss Pattern, 5\"','','2023-10-04 12:00:08',NULL,1,'Miltex',NULL),(823,'Thrust Lever, Standard','Thrust Lever, Standard, Ventura','','2023-10-04 12:00:34',NULL,1,'Miltex',NULL),(824,'Thrust Lever, Mini','Thrust Lever, Mini, Ventura','','2023-10-04 12:00:49',NULL,1,'Miltex',NULL),(825,'Retractor, Five Finger','Retractor, Five Finger, Laparascopy, 10mm x 32cm','','2023-10-04 12:04:53',NULL,1,'Miltex',NULL),(826,'Retractor, Three Finger','Retractor, Three Finger, Laparascopy, 5mm x 32 cm','','2023-10-04 12:05:24',NULL,1,'Miltex',NULL),(827,'Needle, Insufflation','Needle, Insufflation, Varess, 100mm','','2023-10-04 12:05:39',NULL,1,'Miltex',NULL),(828,'Probe, Graduated, 5mm','Probe, Graduated, 5mm, Palpation','','2023-10-04 12:06:14',NULL,1,'Miltex',NULL),(829,'Cannula, Laparascopy','TERNAMIAN EndoTIP Cannula w/o valve, with thread and rotation insufflation stopcock, 6mm, working length 10.5cm','','2023-10-04 12:06:45',NULL,1,'Miltex',NULL),(830,'Hemostat, Kelly, Straight','Straight Kelly','','2023-10-04 12:09:48',NULL,50,'Miltex',NULL),(831,'Needle Holder, Barraquer, curved non locking','Needle Holder, Barraquer, curved non locking','','2023-10-04 12:39:50',NULL,5,'Miltex',NULL),(832,'Blade Holder, Beaver','Blade Holder, Beaver','','2023-10-04 12:40:02',NULL,5,'Miltex',NULL),(833,'Caliper, Castroviejo','Caliper, Castroviejo','','2023-10-04 12:40:58',NULL,5,'Miltex',NULL),(834,'Forceps, Colibri, 0.12mm','Forceps, Colibri, 0.12mm','','2023-10-04 12:41:11','2023-10-04 12:41:24',5,'Miltex',NULL),(835,'Spatula, Cyclodialysis','Spatula, Cyclodialysis','','2023-10-04 12:43:53',NULL,5,'Miltex',NULL),(836,'Forceps, tying, curved','Harms tying forceps, curved','','2023-10-04 12:44:29',NULL,5,'Miltex',NULL),(837,'Forceps, tying, straight','Harms tying forceps, straight','','2023-10-04 12:45:08',NULL,5,'Miltex',NULL),(838,'Forceps, corneal, Pierse','Forceps, corneal, Pierse','','2023-10-04 12:45:21',NULL,5,'Miltex',NULL),(839,'Forceps, Colibri, Polack','Forceps, Colibri, Polack','','2023-10-04 12:45:38',NULL,5,'Miltex',NULL),(840,'Dissector, corneal, Troutman','Dissector, corneal, Troutman','','2023-10-04 12:46:30',NULL,5,'Miltex',NULL),(841,'Scissor, Tenotomy, Blunt, Westcott','Scissor, Tenotomy, Blunt, Westcott','','2023-10-04 12:46:50','2023-10-04 13:01:32',5,'Miltex',NULL),(842,'Scissors, Vannas','Scissors, Vannas','','2023-10-04 12:47:01',NULL,5,'Miltex',NULL),(843,'Needle Holder, Derf','Derf Needle Holder','','2023-10-04 12:49:31',NULL,5,'Miltex',NULL),(844,'Scissor, Tenotomy, Stevens','Scissor, tenotomy, Stevens','','2023-10-04 12:49:43','2023-10-04 12:54:30',5,'Miltex',NULL),(845,'Hook, muscle, Jameson','Hook, muscle, Jameson','','2023-10-04 12:50:50',NULL,5,'Miltex',NULL),(846,'Scissor, Enucleation','Scissor, Enucleation','','2023-10-04 12:54:07',NULL,5,'Miltex',NULL),(847,'Curette, Chalazion, Small','Curette, Chalazion, Small, Meyerhoefer','','2023-10-04 12:58:19',NULL,5,'Miltex',NULL),(848,'Curette, Chalazion, Large','Curette, Chalazion, Large, Meyerhoefer','','2023-10-04 12:58:31',NULL,5,'Miltex',NULL),(849,'Clamp, Chalazion','Desmarres','','2023-10-04 12:59:04',NULL,5,'Miltex',NULL),(850,'Corneal shield, suction remover','Corneal shield, suction remover','','2023-10-04 12:59:22',NULL,5,'Miltex',NULL),(851,'Forceps, Colibri, 0.3mm','Forceps, Colibri, 0.3mm','','2023-10-04 13:02:33',NULL,5,'Miltex',NULL),(852,'Forceps, fixation, Grafe','Grafe fixation forceps, locking','','2023-10-04 13:03:01',NULL,5,'Miltex',NULL),(853,'Plate, eyelid, Jaeger','Plate, eyelid, Jaeger','','2023-10-04 13:03:10',NULL,5,'Miltex',NULL),(854,'Calipers, Jameson','Calipers, Jameson','','2023-10-04 13:03:24',NULL,5,'Miltex',NULL),(855,'Needle Holder, Castroviejo','Needle Holder, Castroviejo, curved, non-locking','','2023-10-04 13:06:47',NULL,5,'Miltex',NULL),(856,'Akahoshi Nucleus Chopper','Akahoshi Nucleus Chopper','','2023-10-04 13:11:38',NULL,5,'Miltex',NULL),(857,'Forceps, fixation, Bores','Forceps, fixation, Bores','','2023-10-04 13:11:57',NULL,5,'Miltex',NULL),(858,'Scissor, Castroviejo, Left','Scissor, Castroviejo, Left','','2023-10-04 13:12:47',NULL,5,'Miltex',NULL),(859,'Scissor, Castroviejo, Right','Scissor, Castroviejo, Right','','2023-10-04 13:12:53',NULL,5,'Miltex',NULL),(860,'Scissor, Intraocular','Scissor, Intraocular','','2023-10-04 13:13:12',NULL,5,'Miltex',NULL),(861,'Nucleus Rotater','Nucleus Rotater','','2023-10-04 13:13:27',NULL,5,'Miltex',NULL),(862,'Singer Sweep Polisher','Singer Sweep Polisher','','2023-10-04 13:13:41',NULL,5,'Miltex',NULL),(863,'Troutman Lens Loop','Troutman Lens Loop','','2023-10-04 13:14:05',NULL,5,'Miltex',NULL),(864,'Forceps, Utrata','Forceps, Utrata','','2023-10-04 13:14:14',NULL,5,'Miltex',NULL),(865,'Forceps, IOL','Forceps, IOL','','2023-10-04 13:16:24',NULL,5,'Miltex',NULL),(866,'EasyPHACO handpiece','EasyPHACO handpiece','','2023-10-04 13:23:34',NULL,1,'Miltex',NULL),(867,'I/A handpiece','I/A handpiece','','2023-10-04 13:23:44',NULL,1,'Miltex',NULL),(868,'Irrigation Sleeve for small animal','Irrigation Sleeve for small animal','','2023-10-04 13:23:58',NULL,2,'Miltex',NULL),(869,'Test chamber for phaco','Test chamber for phaco','','2023-10-04 13:24:07',NULL,1,'Miltex',NULL),(870,'Key for phaco tips','Key for phaco tips','','2023-10-04 13:24:16',NULL,1,'Miltex',NULL),(871,'Tip, Phaco, Straight','Tip, Phaco, Straight','','2023-10-04 13:24:28',NULL,5,'Miltex',NULL),(872,'Tip, Phaco, Kelman','Tip, Phaco, Kelman','','2023-10-04 13:24:38',NULL,5,'Miltex',NULL),(873,'I/A 45','I/A 45 quick tip','','2023-10-04 13:25:00','2023-10-04 13:25:04',5,'Miltex',NULL),(874,'I/A Straight','I/A Straight quick tip','','2023-10-04 13:25:17','2023-10-04 13:25:23',5,'Miltex',NULL),(875,'I/A J Hook','I/A J Hook, quick tip','','2023-10-04 13:25:36','2023-10-04 13:25:40',5,'Miltex',NULL),(876,'Ophtho bowl','Ophtho bowl','','2023-10-04 13:31:32',NULL,20,'Miltex',NULL),(877,'Diamond Burr','Cannot touch fabric, ophtho','','2023-10-04 13:32:41',NULL,10,'Miltex',NULL),(878,'Needle, 25g','25g needle','','2023-10-04 13:53:23',NULL,50,'Miltex',NULL),(879,'Suction Hose','Suction Hose','','2023-10-04 13:56:18',NULL,50,'Miltex',NULL),(880,'Light Handle Cover','Light Handle Cover','','2023-10-04 13:56:34',NULL,10,'Miltex',NULL),(881,'Scalpel, #10','Scalpel, #10','','2023-10-04 13:56:52',NULL,10,'Miltex',NULL),(882,'Gown, Surgical','Surgical Gown','','2023-10-04 13:57:01',NULL,25,'Miltex',NULL),(883,'Table Drape','Table Drape','','2023-10-04 13:57:47',NULL,20,'Miltex',NULL),(884,'Cotton-Tipped Applicator, Ophtho','Ophtho CTA','','2023-10-05 14:40:56',NULL,20,'Miltex',NULL),(885,'Slide, Glass, Frosted','Frosted Glass Slides','','2023-10-09 09:39:56',NULL,50,'Miltex',NULL),(886,'Needle, 22g','22g needle','','2023-10-09 09:40:07',NULL,50,'Miltex',NULL),(887,'Compass','Measures','','2023-10-09 09:41:40','2023-10-09 09:41:52',2,'Miltex',NULL),(888,'Ioban','Incise Drape','','2023-10-09 09:44:06',NULL,50,'Miltex',NULL),(889,'Cannula, 19g','19g cannula','','2023-10-09 10:26:32',NULL,50,'Miltex',NULL),(890,'Blade, Bard-Parker, #15','Bard Parker 15 Blade','','2023-10-09 10:26:48',NULL,50,'Miltex',NULL),(891,'Suture, Vicryl, 4-0','Suture, Vicryl, 4-0, polyglactin','','2023-10-09 10:27:12',NULL,50,'Miltex',NULL),(892,'Suture, Vicryl, 5-0','polyglactin','','2023-10-09 10:27:28',NULL,50,'Miltex',NULL),(893,'Fluorescein Stain Strip','Fluorescein sodium ophthalmic strip','','2023-10-09 10:27:48',NULL,50,'Miltex',NULL),(894,'Casette, Biopsy','Biopsy Casette','','2023-10-09 10:28:01',NULL,50,'Miltex',NULL),(895,'Marker, Surgical, Sterile','Pen, Surgical Marker','','2023-10-09 10:28:35',NULL,50,'Miltex',NULL),(896,'Fenestrated Ophthalmology Drape','Fenestrated Ophtho Drape','','2023-10-09 10:31:19',NULL,50,'Miltex',NULL),(897,'Balanced Salt Solution','15mL Balanced Salt solution','','2023-10-09 10:33:54',NULL,20,'Miltex',NULL),(898,'Neo Poly Dex ointment','NPD, Neo/Poly/Dex Ointment','','2023-10-09 10:35:37',NULL,50,'Miltex',NULL),(899,'Punch, Biopsy, 2mm','Punch, Biopsy, 2mm','','2023-10-09 10:35:51',NULL,50,'Miltex',NULL),(900,'Punch, Biopsy, 4mm','Punch, Biopsy, 4mm','','2023-10-09 10:35:58',NULL,50,'Miltex',NULL),(901,'Proparacaine Ophthalmic Solution','Proparacaine','','2023-10-09 10:36:23',NULL,50,'Miltex',NULL),(902,'2.5% Lidocaine / 2.5% Prilocaine Cream','EMLA','','2023-10-09 10:41:22',NULL,50,'Miltex',NULL),(903,'Blade, Beaver, #64','Beaver Blade','','2023-10-09 10:41:32',NULL,50,'Miltex',NULL),(904,'Cannula, 23g','Cannula, 23g','','2023-10-09 10:43:46',NULL,50,'Miltex',NULL),(905,'Cannula, 25g','Cannula, 25g','','2023-10-09 10:43:54',NULL,50,'Miltex',NULL),(906,'Cannula, 27g','Cannula, 27g','','2023-10-09 10:44:03',NULL,50,'Miltex',NULL),(907,'Speculum, Barraquer Wire Eyelid','Speculum, Barraquer Wire Eyelid','','2023-10-09 10:46:31',NULL,10,'Miltex',NULL),(908,'Suture, Vicryl, 6-0','Suture, Vicryl, 6-0','','2023-10-09 10:47:17',NULL,50,'Miltex',NULL),(909,'2.5% Phenylephrine Ophthalmic solution','2.5% Phenylephrine Ophthalmic solution','','2023-10-09 10:47:36',NULL,50,'Miltex',NULL),(910,'Non-Fenestrated Ophthalmology Drape','Non-Fenestrated Ophthalmology Drape','','2023-10-09 10:51:36',NULL,50,'Miltex',NULL),(911,'Shoe Cover','Keep them feeties away from surgery.','','2023-10-09 10:52:22',NULL,50,'Miltex',NULL),(912,'Sleeve, Sterile Surgical','Sleeve, Sterile Surgical for surgery stool armrest','','2023-10-09 10:52:37',NULL,5,'Miltex',NULL),(913,'Cellulose Spears','Weck-cel','','2023-10-09 10:52:51',NULL,50,'Miltex',NULL),(914,'Knife, Sideport, 1mm','Knife, Sideport, 1mm','','2023-10-09 10:53:13',NULL,50,'Miltex',NULL),(915,'Knife, Keratome Slit, 3.2mm','Knife, Keratome Slit, 3.2mm','','2023-10-09 10:53:38',NULL,5,'Miltex',NULL),(916,'Suture, Vicryl, 8-0','Suture, Vicryl, 8-0','','2023-10-09 10:53:50',NULL,5,'Miltex',NULL),(917,'Suture, Vicryl, 9-0','Suture, Vicryl, 9-0','','2023-10-09 10:53:56',NULL,50,'Miltex',NULL),(918,'Viscoelastic w/ cannula','Viscoelastic w/ cannula','','2023-10-09 10:54:10',NULL,50,'Miltex',NULL),(919,'Neo Poly Bac Ointment','Neo Poly Bac Ointment','','2023-10-09 10:54:23',NULL,50,'Miltex',NULL),(920,'Microscope Handle Cover','Microscope Handle Cover','','2023-10-09 10:55:08',NULL,50,'Miltex',NULL),(921,'Blade Angled Crescent, 1.25mm','Blade Angled Crescent, 1.25mm','','2023-10-09 11:04:33',NULL,10,'Miltex',NULL),(922,'Blade, Angled Crescent, 2mm ','Blade, Angled Crescent, 2mm  ','','2023-10-09 11:04:46',NULL,5,'Miltex',NULL),(923,'Clamp, Diffenbach serrefine','Diffenbach','','2023-10-09 11:15:29',NULL,5,'Miltex',NULL),(924,'Orogastric Tube','GDV Tube','','2023-10-09 11:54:59',NULL,5,'Miltex',NULL),(925,'Image Intensifier Covering','Fluoroscope Covering, Head','','2023-10-12 10:46:05','2023-10-12 10:47:36',5,'Miltex',NULL),(926,'C-Arm Covering','Fluoroscopy Covering, Orbit Joint','','2023-10-12 10:46:31',NULL,5,'Miltex',NULL),(927,'Collimator Covering','Fluoroscopy, bottom, lower, x-ray, radiograph','','2023-10-12 10:47:02',NULL,5,'Miltex',NULL),(930,'Drill, Arthrex, 1','Individual Arthrex Drill','','2023-10-18 08:35:27','2023-10-19 12:01:30',1,'Arthrex','01655'),(931,'Drill, Arthrex, 2','Individual Drill','','2023-10-18 08:35:48','2023-10-18 08:38:03',1,'Arthrex','ADD SN'),(932,'Saw, TPLO, 1','Individual Saw','','2023-10-18 08:37:21','2023-10-19 10:40:21',1,'Who Makes This','1234567'),(933,'Saw, TPLO, 2','Individual Saw','','2023-10-18 08:37:47','2023-10-20 14:53:02',1,'Who Makes This','Add real SN');
/*!40000 ALTER TABLE `instruments` ENABLE KEYS */;
UNLOCK TABLES;

--
-- Table structure for table `instruments_and_procedures`
--

DROP TABLE IF EXISTS `instruments_and_procedures`;
/*!40101 SET @saved_cs_client     = @@character_set_client */;
/*!50503 SET character_set_client = utf8mb4 */;
CREATE TABLE `instruments_and_procedures` (
  `instrument_id` int DEFAULT NULL,
  `procedure_id` int DEFAULT NULL,
  `quantity` int NOT NULL DEFAULT '1',
  KEY `instrument_id` (`instrument_id`),
  KEY `procedure_id` (`procedure_id`),
  CONSTRAINT `instruments_and_procedures_ibfk_1` FOREIGN KEY (`instrument_id`) REFERENCES `instruments` (`id`),
  CONSTRAINT `instruments_and_procedures_ibfk_2` FOREIGN KEY (`procedure_id`) REFERENCES `procedures` (`id`)
) ENGINE=InnoDB DEFAULT CHARSET=utf8mb4 COLLATE=utf8mb4_0900_ai_ci;
/*!40101 SET character_set_client = @saved_cs_client */;

--
-- Dumping data for table `instruments_and_procedures`
--

LOCK TABLES `instruments_and_procedures` WRITE;
/*!40000 ALTER TABLE `instruments_and_procedures` DISABLE KEYS */;
INSERT INTO `instruments_and_procedures` VALUES (5,1,1),(23,3,1),(5,7,1),(106,7,1),(3,5,1),(257,5,1),(5,5,1),(878,5,2),(106,2,1),(878,6,2),(887,6,1),(102,6,1),(257,6,1),(48,6,1),(23,6,1),(127,67,1),(890,67,1),(895,67,1),(891,67,1),(892,67,1),(893,67,1),(894,67,1),(889,67,1),(897,67,1),(889,69,1),(901,69,1),(899,69,1),(900,69,1),(893,69,1),(898,69,1),(889,70,1),(127,70,1),(897,70,1),(890,70,1),(893,70,1),(892,70,1),(898,70,1),(127,71,1),(889,71,1),(890,71,1),(895,71,1),(891,71,1),(892,71,1),(893,71,1),(898,71,1),(902,90,1),(901,90,1),(903,90,1),(17,90,1),(893,90,1),(898,90,1),(894,90,1),(904,93,1),(905,93,1),(906,93,1),(816,93,1),(17,93,1),(901,93,1),(893,93,1),(907,73,1),(850,73,1),(889,73,1),(127,73,1),(897,73,1),(903,73,1),(901,73,1),(909,73,1),(908,73,1),(893,73,1),(898,73,1),(907,75,1),(920,75,1),(127,75,1),(912,75,2),(911,75,2),(897,75,1),(889,75,1),(913,75,1),(901,75,1),(909,75,1),(832,75,1),(914,75,1),(915,75,1),(918,75,1),(916,75,1),(917,75,1),(919,75,1),(920,76,1),(907,76,1),(837,76,1),(864,76,1),(835,76,1),(127,76,1),(912,76,2),(911,76,2),(897,76,1),(889,76,1),(913,76,1),(901,76,1),(909,76,1),(903,76,1),(914,76,1),(915,76,1),(918,76,1),(916,76,1),(917,76,1),(919,76,1),(920,77,1),(907,77,1),(127,77,1),(912,77,2),(911,77,2),(897,77,1),(889,77,1),(913,77,1),(901,77,1),(909,77,1),(903,77,1),(921,77,1),(922,77,1),(918,77,1),(916,77,1),(917,77,1),(919,77,1),(106,1,1),(48,1,1),(23,1,1),(888,1,1),(84,1,1),(106,4,1),(248,4,1),(251,4,1),(888,8,1),(23,8,1),(51,8,1),(106,11,1),(55,15,1),(135,15,1),(106,33,1),(106,100,1),(106,54,1),(45,54,1),(51,54,1),(106,9,1);
/*!40000 ALTER TABLE `instruments_and_procedures` ENABLE KEYS */;
UNLOCK TABLES;

--
-- Table structure for table `packs`
--

DROP TABLE IF EXISTS `packs`;
/*!40101 SET @saved_cs_client     = @@character_set_client */;
/*!50503 SET character_set_client = utf8mb4 */;
CREATE TABLE `packs` (
  `id` int NOT NULL AUTO_INCREMENT,
  `name` varchar(255) DEFAULT NULL,
  `created_at` datetime DEFAULT CURRENT_TIMESTAMP,
  `updated_at` datetime DEFAULT NULL,
  `description` varchar(255) DEFAULT NULL,
  `img_url` varchar(255) DEFAULT NULL,
  PRIMARY KEY (`id`),
  UNIQUE KEY `ix_packs_name` (`name`),
  KEY `ix_packs_id` (`id`)
) ENGINE=InnoDB AUTO_INCREMENT=63 DEFAULT CHARSET=utf8mb4 COLLATE=utf8mb4_0900_ai_ci;
/*!40101 SET character_set_client = @saved_cs_client */;

--
-- Dumping data for table `packs`
--

LOCK TABLES `packs` WRITE;
/*!40000 ALTER TABLE `packs` DISABLE KEYS */;
INSERT INTO `packs` VALUES (1,'Ortho Pack','2023-09-21 20:17:35','2023-10-02 12:15:47','Ortho pack','https://packpacker.s3.us-west-1.amazonaws.com/Packs/Ortho+Pack.jpg'),(2,'Arthrex Drill 1','2023-09-23 12:55:21','2023-10-02 12:15:30','No Sagittal Saw attachment','https://packpacker.s3.us-west-1.amazonaws.com/Packs/Arthrex+Drill.jpg'),(3,'Arthrex Drill 2','2023-09-23 12:57:15','2023-10-02 12:15:36','No pin collet','https://packpacker.s3.us-west-1.amazonaws.com/Packs/Arthrex+Drill.jpg'),(4,'Basic Pack','2023-09-26 08:17:33',NULL,'Part of every good setup','https://packpacker.s3.us-west-1.amazonaws.com/Packs/Basic+Pack.jpg'),(5,'TPLO Complete Set','2023-09-26 10:02:12',NULL,'Instruments, Screws, and plates.','https://packpacker.s3.us-west-1.amazonaws.com/Packs/TPLO+Complete.jpg'),(6,'2.7/3.5 TPLO Locking Set','2023-09-26 10:02:27','2023-10-04 10:33:27','All instruments except screwdriver in Chexall pack.','https://packpacker.s3.us-west-1.amazonaws.com/Packs/2735Locking.jpg'),(7,'TPLO Mini Set','2023-09-26 10:02:36',NULL,'Instruments, Screws, and plates.',NULL),(8,'Mini Frag Set','2023-09-26 10:02:54',NULL,'Instruments, Screws, and plates.',NULL),(9,'Synthes Small Frag Plates (2.7-3.5)','2023-09-26 10:03:00','2023-10-02 15:13:24','Synthes Small Frag Plates (2.7-3.5)',NULL),(10,'MicroAire Drill','2023-09-26 10:03:30',NULL,'Instruments, Screws, and plates.',NULL),(11,'TPLO Saw','2023-09-26 10:04:02',NULL,'Saw, hose, 24 blade.','https://packpacker.s3.us-west-1.amazonaws.com/Packs/TPLO+Saw.jpg'),(12,'Saggital Saw','2023-09-26 10:04:16',NULL,'Saw, hose.',NULL),(13,'Oscillating Saw','2023-09-26 10:04:29',NULL,'Saw, hose.',NULL),(14,'Minor Pack','2023-09-26 10:05:11',NULL,'Blue towel with gauze, needle holders, scissors.',NULL),(15,'Pin Pack','2023-09-26 10:05:34',NULL,'Variety of pins.',NULL),(16,'Back Pack','2023-09-26 10:06:00',NULL,'Stuff and a Hall air drill.',NULL),(17,'Dental Pack','2023-09-26 10:06:16',NULL,'Stuff for dentals.',NULL),(18,'Laparoscopy Tray','2023-09-26 10:06:46',NULL,'Stuff for laparoscopies.',NULL),(19,'2.7 Scope','2023-09-26 10:07:03','2023-10-02 15:09:28','Stuff for arthroscopies.',NULL),(20,'Scope camera and light source','2023-09-26 10:07:25',NULL,'Scope camera and light source.',NULL),(21,'Arthroscopy Tray','2023-09-26 10:07:49','2023-10-04 11:48:34','Instruments for Arthroscopy.',NULL),(22,'1.9 Scope','2023-09-26 10:08:19',NULL,'Scope.',NULL),(23,'2.4 Mini Set','2023-09-26 10:08:26','2023-10-02 15:49:59','Non-Locking, No Screws',NULL),(24,'Tabletop Plate Bender','2023-09-26 10:08:44',NULL,'Bends plates on the table.',NULL),(25,'Tightrope Pack','2023-09-26 10:09:03',NULL,'Has stuff.',NULL),(26,'K-Wire Pack','2023-09-26 10:09:21',NULL,'Has k-wires of a variety of sizes.',NULL),(27,'Cruciate Crimping Pack','2023-09-26 10:12:11',NULL,'Has stuff.',NULL),(28,'1.5-4.0 Instruments and Plates','2023-09-26 10:12:28',NULL,'Has stuff.',NULL),(29,'Laceration Pack','2023-10-02 11:24:56',NULL,'ER Lac Pack',NULL),(30,'2.7-4.0 Instruments And Plates','2023-10-02 14:04:39',NULL,'No Screws. 40x40 outer wrap.',NULL),(31,'TPS Micro Driver','2023-10-02 14:30:12',NULL,'TPS Micro Driver',NULL),(32,'1.5-4.0 Corts & Cancellous ','2023-10-02 14:38:43','2023-10-02 14:45:47','1.5-4.0 Corts & Cancellous ',NULL),(33,'Mini Cort Screw Caddie (1.5-2.4)','2023-10-02 14:45:55',NULL,'Mini Cort Screw Caddie (1.5-2.4)',NULL),(34,'2.4 Scope','2023-10-02 15:11:56',NULL,'Stuff for Arthroscopies',NULL),(35,'2.7-4.0 Screw Caddy','2023-10-04 08:45:14',NULL,'2.7-4.0 Screw Caddy',NULL),(36,'1.5-2.4 Mini Set','2023-10-04 09:03:31',NULL,'1.5-2.4 Miniset, Plates and instruments',NULL),(37,'2.0/2.4 PAX System','2023-10-04 10:03:09',NULL,'2.0/2.4 PAX System',NULL),(38,'2.0/2.4 PAX SP System','2023-10-04 10:13:38',NULL,'2.0/2.4 PAX SP System',NULL),(39,'2.7/3.5 PAX System','2023-10-04 10:14:47',NULL,'2.7/3.5 PAX System',NULL),(40,'2.7/3.5 PAX SP System','2023-10-04 10:28:57',NULL,'2.7/3.5 PAX SP System',NULL),(41,'2.0/2.4 TPLO Locking Set','2023-10-04 10:33:53',NULL,'',NULL),(43,'1.5/4.0 Instrument Caddy','2023-10-04 11:00:54',NULL,'1.5/4.0 Instrument Caddy',NULL),(44,'2.7/4.0 Instrument/Plate Caddy','2023-10-04 11:22:35',NULL,'2.7/4.0 Instrument/Plate Caddy',NULL),(45,'3.0 Scope','2023-10-04 11:45:02',NULL,'3.0 Scope',NULL),(46,'Laparoscopy 5.5 Scope','2023-10-04 11:46:54',NULL,'Laparoscopy 5.5 Scope',NULL),(47,'Cornea-Conjunctiva Pack','2023-10-04 12:47:18',NULL,'Cornea-Conjunctiva Pack',NULL),(48,'Enucleation Pack','2023-10-04 12:51:14',NULL,'Enucleation Pack',NULL),(49,'Eyelid Mass Pack','2023-10-04 12:56:26',NULL,'Eyelid Mass Pack',NULL),(50,'Eyelid Pack','2023-10-04 13:01:58',NULL,'Eyelid Pack',NULL),(51,'Intraocular Pack','2023-10-04 13:10:48',NULL,'Intraocular Pack',NULL),(52,'Phaco handpiece pack','2023-10-04 13:23:17','2023-10-04 13:27:10','Phaco handpiece pack - special cleaning notes',NULL),(53,'Intraocular Prep Pack','2023-10-04 13:30:15','2023-10-04 13:31:05','Intraocular Prep Pack',NULL),(54,'Ophtho Prep Pack','2023-10-04 13:31:16',NULL,'Ophtho Prep Pack (no bowl)',NULL),(55,'Basic Setup','2023-10-04 13:55:58',NULL,'Basic Setup Pack','https://packpacker.s3.us-west-1.amazonaws.com/Packs/IMG_0035.jpg'),(56,'Saline Bowl','2023-10-04 14:02:41','2023-10-09 09:38:47','Saline Bowl Pack',NULL),(57,'Plate Pack','2023-10-09 09:38:25',NULL,'Ask for a size from the surgeon',NULL),(58,'Screw Caddy','2023-10-09 09:38:36',NULL,'Ask the surgeon for a size',NULL),(59,'Adnexal Pack','2023-10-09 10:29:54',NULL,'Adnexal enuc pack',NULL),(60,'Gauze Pack','2023-10-09 10:33:08',NULL,'Sterile dental sponges',NULL),(61,'Cornea/Conj/Intraoc Pack','2023-10-09 10:50:36',NULL,'Cornea, Conjunctiva, Intraocular pack',NULL),(62,'Fluroscopy Covering','2023-10-12 10:44:53',NULL,'Sterile Fluoroscopy Covering.',NULL);
/*!40000 ALTER TABLE `packs` ENABLE KEYS */;
UNLOCK TABLES;

--
-- Table structure for table `packs_and_instruments`
--

DROP TABLE IF EXISTS `packs_and_instruments`;
/*!40101 SET @saved_cs_client     = @@character_set_client */;
/*!50503 SET character_set_client = utf8mb4 */;
CREATE TABLE `packs_and_instruments` (
  `pack_id` int DEFAULT NULL,
  `instrument_id` int DEFAULT NULL,
  `quantity` int NOT NULL DEFAULT '1',
  KEY `pack_id` (`pack_id`),
  KEY `instrument_id` (`instrument_id`),
  CONSTRAINT `packs_and_instruments_ibfk_1` FOREIGN KEY (`pack_id`) REFERENCES `packs` (`id`),
  CONSTRAINT `packs_and_instruments_ibfk_2` FOREIGN KEY (`instrument_id`) REFERENCES `instruments` (`id`)
) ENGINE=InnoDB DEFAULT CHARSET=utf8mb4 COLLATE=utf8mb4_0900_ai_ci;
/*!40101 SET character_set_client = @saved_cs_client */;

--
-- Dumping data for table `packs_and_instruments`
--

LOCK TABLES `packs_and_instruments` WRITE;
/*!40000 ALTER TABLE `packs_and_instruments` DISABLE KEYS */;
INSERT INTO `packs_and_instruments` VALUES (1,4,1),(1,120,2),(1,71,1),(1,72,1),(1,6,1),(1,11,1),(4,17,20),(4,135,2),(4,12,4),(4,15,1),(4,32,1),(4,33,1),(4,13,4),(4,30,1),(4,133,4),(4,97,1),(4,31,1),(4,29,1),(4,246,1),(4,73,1),(4,52,6),(4,259,2),(29,133,2),(29,27,1),(29,29,1),(29,30,1),(29,33,1),(29,259,1),(14,13,2),(14,133,2),(14,52,4),(14,97,1),(14,261,1),(14,29,1),(14,30,1),(14,31,1),(14,33,1),(14,15,1),(14,259,2),(6,80,1),(6,74,1),(6,82,1),(6,81,1),(6,62,1),(6,263,1),(6,262,1),(6,196,2),(6,197,2),(6,198,2),(6,199,2),(6,201,2),(6,200,2),(6,202,2),(6,203,2),(6,153,3),(6,154,3),(6,155,3),(6,156,3),(6,158,3),(6,157,3),(6,159,3),(6,160,3),(6,161,3),(6,162,3),(6,163,3),(6,164,3),(6,165,3),(6,166,3),(6,167,3),(6,168,3),(6,169,3),(6,170,3),(6,172,3),(6,171,3),(6,173,3),(6,174,3),(6,175,3),(6,176,3),(6,177,3),(6,178,3),(6,179,3),(6,180,3),(6,181,3),(6,182,3),(6,183,3),(6,184,3),(6,185,3),(6,264,1),(5,242,1),(5,241,1),(5,99,1),(5,266,2),(5,267,1),(5,244,1),(5,268,1),(5,104,1),(5,293,1),(5,269,1),(5,270,4),(5,272,4),(5,271,4),(5,273,4),(5,274,1),(5,275,1),(5,276,2),(5,67,2),(5,68,2),(5,278,2),(5,168,4),(5,169,4),(5,170,4),(5,171,4),(5,172,4),(5,173,4),(5,174,4),(5,175,4),(5,176,4),(5,177,4),(5,178,4),(5,179,4),(5,180,4),(5,181,4),(5,279,2),(5,280,2),(5,281,2),(5,282,2),(5,283,2),(5,284,2),(5,285,2),(5,286,2),(5,288,2),(5,289,2),(5,290,2),(5,291,2),(5,292,2),(5,287,2),(5,264,1),(1,46,1),(1,296,1),(1,297,1),(1,294,1),(1,295,1),(1,298,2),(1,299,2),(1,300,2),(15,302,4),(15,301,4),(15,298,4),(15,300,4),(15,303,4),(15,304,4),(15,305,4),(15,306,4),(15,307,4),(15,271,4),(11,192,1),(11,193,1),(11,194,1),(11,195,1),(11,86,1),(12,308,1),(12,309,1),(12,310,1),(12,311,1),(13,312,1),(13,313,1),(13,314,1),(13,315,1),(7,316,1),(7,241,1),(7,101,1),(7,100,1),(7,318,1),(7,319,1),(7,320,1),(7,321,1),(7,324,1),(7,325,1),(7,243,1),(7,322,1),(7,269,1),(7,267,2),(7,266,1),(7,300,2),(7,273,2),(7,272,2),(7,299,2),(7,59,1),(7,276,1),(7,277,1),(7,323,1),(30,242,1),(30,366,1),(30,269,1),(30,332,1),(30,101,1),(30,319,1),(30,293,1),(30,334,1),(30,333,1),(30,335,1),(30,336,1),(30,337,1),(30,338,1),(30,339,1),(30,340,1),(30,341,1),(30,342,1),(30,343,1),(30,344,1),(30,345,1),(30,346,1),(30,347,1),(30,348,1),(30,349,1),(30,350,1),(30,351,1),(30,352,1),(30,353,1),(30,354,1),(30,355,1),(30,356,1),(30,357,1),(30,358,1),(30,359,1),(30,360,1),(30,361,1),(30,276,2),(30,67,4),(30,61,4),(30,64,4),(30,278,2),(30,68,2),(30,323,2),(30,362,2),(30,363,2),(10,367,1),(10,368,1),(10,369,1),(10,370,1),(10,371,1),(10,372,1),(10,373,1),(10,374,1),(10,375,1),(10,296,1),(31,376,1),(31,377,1),(31,378,1),(31,379,1),(31,380,1),(31,381,1),(31,382,1),(32,383,4),(32,384,4),(32,385,4),(32,386,4),(32,387,4),(32,388,4),(32,389,4),(32,390,4),(32,391,4),(32,392,4),(32,326,6),(32,327,6),(32,328,4),(32,329,4),(32,330,4),(32,331,2),(32,394,2),(32,395,3),(32,396,6),(32,397,6),(32,398,6),(32,399,6),(32,400,6),(32,401,6),(32,402,2),(32,403,2),(33,383,6),(33,384,6),(33,385,6),(33,386,6),(33,387,6),(33,388,6),(33,389,6),(33,390,6),(33,391,6),(33,392,6),(33,393,6),(33,394,6),(33,395,6),(33,396,6),(33,397,6),(33,398,6),(33,399,6),(33,400,6),(33,401,6),(33,326,6),(33,327,6),(33,328,6),(33,329,6),(33,330,2),(33,331,2),(33,402,2),(33,403,2),(33,404,2),(33,405,2),(33,406,6),(33,407,6),(33,408,6),(33,409,6),(33,410,6),(33,411,6),(33,412,6),(33,413,6),(33,414,6),(33,415,6),(33,416,6),(33,417,2),(33,418,2),(33,419,2),(33,420,2),(33,421,2),(33,422,2),(32,423,2),(32,424,6),(32,425,6),(32,426,6),(32,427,6),(32,428,6),(32,429,6),(32,430,6),(32,431,6),(32,432,6),(32,433,6),(32,434,6),(32,435,6),(32,439,3),(32,440,3),(32,441,6),(32,224,6),(32,225,6),(32,226,6),(32,227,6),(32,228,6),(32,229,6),(32,230,6),(32,231,6),(32,232,6),(32,233,6),(32,234,6),(32,235,6),(32,236,6),(32,237,6),(32,238,6),(32,239,6),(32,240,6),(32,443,4),(32,445,4),(32,204,4),(32,205,4),(32,206,4),(32,207,4),(32,208,4),(32,209,4),(32,210,4),(32,211,4),(32,212,4),(32,213,4),(32,214,4),(32,216,4),(32,218,4),(32,221,4),(32,223,4),(32,444,4),(19,446,1),(34,449,1),(9,450,2),(9,451,2),(9,452,2),(9,453,2),(9,454,2),(9,455,2),(9,456,2),(9,457,2),(9,458,2),(9,459,2),(9,460,2),(9,461,2),(9,462,2),(9,463,2),(9,464,2),(9,465,2),(9,466,2),(9,467,2),(9,468,2),(9,469,2),(9,470,2),(9,471,2),(9,472,2),(9,473,2),(9,474,2),(9,475,2),(9,476,2),(9,477,2),(9,478,2),(9,479,2),(9,480,2),(9,481,2),(9,483,2),(9,482,2),(9,484,2),(2,188,1),(2,191,1),(2,187,1),(2,186,1),(3,186,1),(3,187,1),(3,190,1),(3,191,1),(16,485,1),(16,486,1),(16,487,1),(16,488,1),(16,11,2),(16,118,1),(16,258,1),(16,489,1),(16,491,1),(16,490,1),(16,492,1),(16,494,1),(16,493,1),(16,257,1),(16,73,1),(16,495,1),(16,496,1),(16,497,1),(16,18,1),(23,535,1),(23,100,1),(23,532,1),(23,533,1),(23,320,1),(23,534,1),(23,536,1),(23,501,1),(23,502,1),(23,503,1),(23,504,1),(23,505,1),(23,506,1),(23,507,1),(23,508,1),(23,509,1),(23,510,1),(23,511,1),(23,512,1),(23,513,1),(23,514,1),(23,515,1),(23,516,1),(23,517,1),(23,518,1),(23,519,1),(23,520,1),(23,362,1),(23,363,1),(23,500,1),(23,523,1),(23,524,1),(23,499,1),(23,526,1),(23,525,1),(23,528,1),(23,530,1),(23,529,1),(23,531,1),(23,56,2),(23,59,2),(23,60,2),(23,276,2),(23,58,2),(23,277,2),(23,498,3),(35,423,6),(35,424,6),(35,425,6),(35,426,6),(35,427,6),(35,428,6),(35,429,6),(35,430,6),(35,431,6),(35,432,6),(35,433,6),(35,434,6),(35,435,6),(35,436,3),(35,437,3),(35,438,3),(35,439,3),(35,440,3),(35,441,6),(35,224,6),(35,225,6),(35,226,6),(35,227,6),(35,228,6),(35,229,6),(35,230,6),(35,231,6),(35,232,6),(35,233,6),(35,234,6),(35,235,6),(35,236,6),(35,237,6),(35,238,4),(35,445,2),(35,204,2),(35,205,2),(35,206,2),(35,207,2),(35,208,2),(35,209,2),(35,210,2),(35,211,2),(35,212,1),(35,213,2),(35,214,2),(35,215,2),(35,216,2),(35,217,2),(35,218,2),(35,221,2),(36,537,1),(36,535,1),(36,100,1),(36,538,1),(36,536,1),(36,539,1),(36,543,1),(36,540,1),(36,542,1),(36,541,1),(36,501,1),(36,502,1),(36,503,1),(36,504,1),(36,505,1),(36,506,1),(36,507,1),(36,508,1),(36,509,1),(36,510,1),(36,511,1),(36,512,1),(36,513,1),(36,514,1),(36,515,1),(36,516,1),(36,517,1),(36,518,1),(36,519,1),(36,520,1),(36,545,1),(36,546,1),(36,547,1),(36,548,1),(36,549,1),(36,550,1),(36,362,1),(36,363,1),(36,498,3),(36,56,2),(36,59,2),(36,60,2),(36,276,2),(36,58,2),(36,277,2),(37,74,1),(37,551,1),(37,653,1),(37,654,1),(37,552,1),(37,558,1),(37,559,1),(37,560,1),(37,561,1),(37,562,1),(37,563,1),(37,564,1),(37,565,1),(37,581,1),(37,582,1),(37,583,1),(37,584,1),(37,585,1),(37,586,1),(37,655,10),(37,656,10),(37,657,10),(37,658,10),(37,659,6),(37,660,6),(37,661,4),(37,662,4),(37,663,10),(37,664,10),(37,665,10),(37,666,10),(37,667,10),(37,668,6),(37,669,6),(37,670,6),(37,671,4),(37,672,4),(37,587,2),(37,59,2),(37,588,2),(38,589,1),(38,590,1),(38,591,1),(38,592,1),(38,593,1),(38,594,1),(38,595,1),(38,596,1),(38,597,1),(38,598,1),(38,599,1),(38,600,1),(38,601,1),(38,602,1),(38,603,1),(38,604,1),(38,605,1),(38,606,1),(39,74,1),(39,82,1),(39,674,1),(39,653,1),(39,607,1),(39,608,1),(39,609,1),(39,610,1),(39,611,1),(39,612,1),(39,613,1),(39,614,1),(39,615,1),(39,616,1),(39,627,1),(39,628,1),(39,629,1),(39,630,1),(39,631,1),(39,632,1),(39,633,1),(39,634,1),(39,635,1),(39,636,1),(39,637,1),(39,638,1),(39,675,5),(39,676,5),(39,677,5),(39,678,5),(39,679,5),(39,680,5),(39,681,5),(39,682,5),(39,683,5),(39,684,1),(39,685,4),(39,686,4),(39,687,2),(39,688,2),(39,689,2),(39,690,2),(39,691,2),(39,692,2),(39,693,2),(39,694,5),(39,695,5),(39,696,5),(39,697,5),(39,698,5),(39,699,5),(39,700,5),(39,701,5),(39,702,5),(39,703,5),(39,704,4),(39,705,4),(39,706,2),(39,707,2),(39,708,2),(39,709,2),(39,710,2),(39,711,2),(39,712,2),(39,713,2),(39,714,2),(39,715,2),(39,716,2),(39,717,2),(39,67,2),(39,276,2),(40,617,1),(40,618,1),(40,619,1),(40,620,1),(40,621,1),(40,622,1),(40,623,1),(40,624,1),(40,625,1),(40,626,1),(40,639,1),(40,640,1),(40,641,1),(40,642,1),(40,643,1),(40,644,1),(40,645,1),(40,646,1),(40,647,1),(40,648,1),(40,649,1),(40,650,1),(40,651,1),(40,652,1),(41,537,1),(41,543,1),(41,79,1),(41,718,1),(41,736,1),(41,737,1),(41,719,1),(41,720,1),(41,721,1),(41,722,1),(41,723,3),(41,724,3),(41,725,3),(41,726,3),(41,727,3),(41,728,3),(41,729,3),(41,730,3),(41,731,2),(41,732,2),(41,733,2),(41,734,2),(41,735,2),(41,394,2),(41,395,2),(41,396,2),(41,397,2),(41,398,2),(41,399,2),(41,400,2),(41,401,2),(41,407,2),(41,408,2),(41,409,2),(41,410,2),(41,411,2),(41,412,2),(41,413,2),(41,414,2),(41,415,2),(41,416,2),(41,417,2),(41,738,3),(41,739,3),(41,740,3),(41,741,3),(41,742,3),(41,743,3),(41,744,3),(41,745,3),(41,746,3),(41,747,3),(41,748,3),(41,749,3),(41,750,3),(43,501,1),(43,502,1),(43,503,1),(43,504,1),(43,505,1),(43,506,1),(43,507,1),(43,544,1),(43,545,1),(43,546,1),(43,547,1),(43,548,1),(43,508,1),(43,509,1),(43,510,1),(43,511,1),(43,512,1),(43,513,1),(43,514,1),(43,362,1),(43,336,1),(43,337,1),(43,338,1),(43,339,1),(43,340,1),(43,341,1),(43,342,1),(43,343,1),(43,344,1),(43,756,1),(43,757,1),(43,758,1),(43,759,1),(43,764,1),(43,761,1),(43,762,1),(43,763,1),(43,345,1),(43,346,1),(43,347,1),(43,348,1),(43,349,1),(43,350,1),(43,351,1),(43,352,1),(43,353,1),(43,760,1),(43,354,1),(43,355,1),(43,356,1),(43,357,1),(43,358,1),(43,359,1),(43,360,1),(43,361,1),(43,765,1),(43,766,1),(43,767,1),(43,768,1),(43,769,1),(43,770,1),(43,498,3),(43,335,3),(43,383,4),(43,384,4),(43,385,4),(43,386,4),(43,387,4),(43,388,4),(43,389,4),(43,390,4),(43,392,4),(43,393,4),(43,394,4),(43,395,6),(43,396,6),(43,397,6),(43,398,6),(43,399,6),(43,400,6),(43,401,6),(43,326,4),(43,327,4),(43,328,4),(43,329,4),(43,330,2),(43,331,2),(43,423,6),(43,424,6),(43,425,6),(43,426,6),(43,427,6),(43,428,6),(43,429,6),(43,430,6),(43,431,6),(43,432,6),(43,433,4),(43,434,4),(43,435,2),(43,436,2),(43,437,2),(43,438,2),(43,441,8),(43,224,8),(43,225,8),(43,226,8),(43,227,8),(43,228,8),(43,229,8),(43,230,8),(43,231,8),(43,232,8),(43,233,8),(43,234,8),(43,235,8),(43,236,8),(43,237,8),(43,238,8),(43,445,2),(43,204,2),(43,205,2),(43,206,2),(43,207,2),(43,208,2),(43,209,2),(43,210,2),(43,211,2),(43,212,2),(43,213,2),(43,214,2),(43,215,2),(43,216,2),(43,217,2),(43,218,2),(43,221,2),(43,223,2),(43,444,2),(44,242,1),(44,2,1),(44,751,1),(44,101,1),(44,333,1),(44,332,1),(44,753,1),(44,754,1),(44,319,1),(44,755,1),(44,771,1),(44,336,1),(44,337,1),(44,338,1),(44,339,1),(44,340,1),(44,341,1),(44,342,1),(44,343,1),(44,344,1),(44,345,1),(44,346,1),(44,347,1),(44,348,1),(44,349,1),(44,350,1),(44,351,1),(44,352,1),(44,353,1),(44,354,1),(44,355,1),(44,356,1),(44,357,1),(44,358,1),(44,359,1),(44,360,1),(44,361,1),(44,335,3),(44,363,2),(44,276,2),(44,67,2),(44,61,2),(44,64,2),(44,323,2),(44,68,2),(44,278,2),(25,772,1),(25,773,1),(25,775,1),(25,774,1),(25,776,1),(25,777,1),(25,778,1),(25,272,2),(25,273,2),(25,70,2),(25,779,1),(25,780,4),(22,781,1),(22,782,1),(22,447,1),(22,791,1),(34,783,1),(34,792,1),(34,789,1),(19,784,1),(19,794,1),(19,789,1),(20,785,1),(20,786,1),(20,787,1),(45,796,1),(45,795,1),(45,793,1),(45,790,1),(46,797,1),(46,798,1),(21,799,1),(21,800,1),(21,803,1),(21,801,1),(21,804,1),(21,805,1),(21,806,1),(21,807,1),(21,808,1),(21,810,1),(21,812,1),(21,813,1),(21,814,1),(21,821,1),(21,818,1),(21,244,1),(21,820,1),(21,823,1),(21,824,1),(21,822,1),(21,259,1),(21,33,1),(21,31,1),(21,134,1),(21,135,1),(21,97,1),(21,830,1),(18,825,1),(18,826,1),(18,827,1),(18,829,1),(18,828,1),(47,831,1),(47,832,1),(47,496,1),(47,833,1),(47,834,1),(47,839,1),(47,835,1),(47,836,1),(47,837,1),(47,838,1),(47,840,1),(47,841,1),(47,842,1),(48,135,1),(48,259,1),(48,496,1),(48,33,1),(48,843,1),(48,845,1),(48,13,1),(48,133,2),(48,844,1),(48,846,1),(49,832,1),(49,496,1),(49,849,1),(49,847,1),(49,848,1),(49,850,1),(49,841,1),(50,33,1),(50,259,1),(50,832,1),(50,855,1),(50,851,1),(50,843,1),(50,852,2),(50,853,1),(50,854,1),(50,133,2),(50,844,1),(50,52,2),(50,841,1),(51,856,1),(51,831,1),(51,832,1),(51,496,1),(51,857,1),(51,858,1),(51,859,1),(51,851,1),(51,836,1),(51,837,1),(51,860,1),(51,845,1),(51,861,1),(51,862,1),(51,863,1),(51,864,1),(51,841,1),(51,865,1),(52,866,1),(52,869,1),(52,870,1),(52,871,1),(52,872,1),(52,867,1),(52,873,1),(52,874,1),(52,875,1),(52,868,2),(53,17,20),(53,53,10),(53,876,1),(54,17,20),(54,53,5),(55,120,1),(55,880,1),(55,879,1),(55,121,1),(55,881,1),(55,883,1),(56,139,1),(56,138,1),(56,137,1),(56,264,1),(59,883,1),(59,120,1),(59,882,1),(59,880,1),(59,121,1),(61,883,1),(61,120,1),(61,882,1),(61,121,1),(61,910,1),(62,926,1),(62,927,1),(62,925,1),(4,260,1),(10,296,1),(29,17,1),(2,930,1),(3,931,1);
/*!40000 ALTER TABLE `packs_and_instruments` ENABLE KEYS */;
UNLOCK TABLES;

--
-- Table structure for table `packs_and_procedures`
--

DROP TABLE IF EXISTS `packs_and_procedures`;
/*!40101 SET @saved_cs_client     = @@character_set_client */;
/*!50503 SET character_set_client = utf8mb4 */;
CREATE TABLE `packs_and_procedures` (
  `pack_id` int DEFAULT NULL,
  `procedure_id` int DEFAULT NULL,
  KEY `pack_id` (`pack_id`),
  KEY `procedure_id` (`procedure_id`),
  CONSTRAINT `packs_and_procedures_ibfk_1` FOREIGN KEY (`pack_id`) REFERENCES `packs` (`id`),
  CONSTRAINT `packs_and_procedures_ibfk_2` FOREIGN KEY (`procedure_id`) REFERENCES `procedures` (`id`)
) ENGINE=InnoDB DEFAULT CHARSET=utf8mb4 COLLATE=utf8mb4_0900_ai_ci;
/*!40101 SET character_set_client = @saved_cs_client */;

--
-- Dumping data for table `packs_and_procedures`
--

LOCK TABLES `packs_and_procedures` WRITE;
/*!40000 ALTER TABLE `packs_and_procedures` DISABLE KEYS */;
INSERT INTO `packs_and_procedures` VALUES (1,1),(2,1),(5,7),(11,7),(6,7),(2,7),(1,7),(4,7),(55,7),(56,7),(56,6),(5,5),(6,5),(11,5),(55,5),(4,5),(4,2),(55,2),(56,2),(5,6),(6,6),(11,6),(1,6),(4,6),(2,5),(1,5),(58,4),(57,4),(50,67),(59,67),(60,67),(49,69),(60,69),(50,70),(59,70),(50,71),(59,71),(60,71),(49,90),(60,90),(50,73),(59,73),(60,73),(47,75),(61,75),(47,76),(61,76),(47,77),(61,77),(4,1),(55,1),(56,1),(6,1),(5,1),(11,1),(55,4),(4,4),(1,4),(2,4),(4,8),(55,8),(1,8),(57,8),(58,8),(2,8),(4,11),(55,11),(14,15),(4,33),(55,33),(4,100),(55,100),(55,54),(4,54),(1,54),(12,54),(56,54),(4,22),(55,22),(4,9),(55,9),(56,9),(1,9),(57,9),(58,9),(62,9);
/*!40000 ALTER TABLE `packs_and_procedures` ENABLE KEYS */;
UNLOCK TABLES;

--
-- Table structure for table `procedures`
--

DROP TABLE IF EXISTS `procedures`;
/*!40101 SET @saved_cs_client     = @@character_set_client */;
/*!50503 SET character_set_client = utf8mb4 */;
CREATE TABLE `procedures` (
  `id` int NOT NULL AUTO_INCREMENT,
  `name` varchar(255) DEFAULT NULL,
  `description` varchar(255) DEFAULT NULL,
  `created_at` datetime DEFAULT CURRENT_TIMESTAMP,
  `updated_at` datetime DEFAULT NULL,
  PRIMARY KEY (`id`)
) ENGINE=InnoDB AUTO_INCREMENT=101 DEFAULT CHARSET=utf8mb4 COLLATE=utf8mb4_0900_ai_ci;
/*!40101 SET character_set_client = @saved_cs_client */;

--
-- Dumping data for table `procedures`
--

LOCK TABLES `procedures` WRITE;
/*!40000 ALTER TABLE `procedures` DISABLE KEYS */;
INSERT INTO `procedures` VALUES (1,'TPLO','Tibial Plateau Leveling Osteotomy','2023-09-21 18:41:48',NULL),(2,'OVH','Spay','2023-09-25 13:53:20',NULL),(3,'Arthroscopy','Using a camera to look at joints.','2023-09-25 13:54:06',NULL),(4,'R/U Fracture Repair','Radial Ulna fracture repair','2023-09-25 13:54:37',NULL),(5,'TPLO MD','Dosch TPLO','2023-09-25 13:54:51',NULL),(6,'TPLO TK','Tiffany TPLO','2023-09-25 13:55:00',NULL),(7,'TPLO MA','Marty TPLO','2023-09-25 13:55:42',NULL),(8,'Femur Fracture','Femur Fracture Repair','2023-09-25 13:55:57',NULL),(9,'Humeral Condylar Fracture','Humeral Condylar Fracture Repair','2023-09-25 13:56:38',NULL),(10,'Adrenalectomy','Adrenal gland removal','2023-10-09 08:55:55',NULL),(11,'Anal Sacculectomy','Anal Gland / Sac removal','2023-10-09 08:56:08',NULL),(12,'Arytenoid Lateralization','LARPAR arytenoid lateralization','2023-10-09 08:56:45',NULL),(13,'Biopsy','Table top, GA','2023-10-09 08:56:58',NULL),(14,'Bite Wound Explore','Trauma, bite wound explore','2023-10-09 08:57:10',NULL),(15,'Brachycephalic Airway','BOAS','2023-10-09 08:57:28',NULL),(16,'Cesarean Section','C-Section, dystocia','2023-10-09 08:57:53',NULL),(17,'Cholecystectomy / enterostomy','Gall bladder ','2023-10-09 08:58:12',NULL),(18,'Cryptorchid Neuter','Cryptorchid Neuter','2023-10-09 08:58:24',NULL),(19,'Enterotomy(ies) / Gastrotomy','GIFB, enterotomy, enterotomies','2023-10-09 08:59:00',NULL),(20,'Enucleation','Eyeball removal','2023-10-09 08:59:16',NULL),(21,'Exploratory Laparotomy','Exlap','2023-10-09 08:59:32',NULL),(22,'GDV','Bloat, Gastric Dilation and Volvulous','2023-10-09 08:59:53',NULL),(23,'Intestinal Resection','Intestinal Resection','2023-10-09 09:00:02',NULL),(24,'Liver lobectomy','Liver','2023-10-09 09:00:09',NULL),(25,'Lung Lobectomy','Lung','2023-10-09 09:00:18',NULL),(26,'Lymph node excision (peripheral)','LN removal','2023-10-09 09:00:28',NULL),(27,'Mastectomy','Mastectomy','2023-10-09 09:00:39',NULL),(28,'Nephrectomy','Nephrectomy','2023-10-09 09:00:46',NULL),(29,'Parathyroidectomy','Parathyroidectomy','2023-10-09 09:00:55',NULL),(30,'Pericariectomy - thoracoscopic','Pericariectomy - thoracoscopic','2023-10-09 09:01:06',NULL),(31,'Perineal hernia, unilateral','Perineal hernia, unilateral','2023-10-09 09:01:16',NULL),(32,'Perineal hernia, bilateral','Perineal hernia, bilateral','2023-10-09 09:01:22',NULL),(33,'Perineal Urethrostomy','PU, Blocked','2023-10-09 09:01:33',NULL),(34,'Perineal Urethrostomy and Cystotomy','PU, Cysto','2023-10-09 09:01:56',NULL),(35,'Pyometra','Pyo','2023-10-09 09:02:02',NULL),(36,'Rectal Mass','Can be TT or OR','2023-10-09 09:02:20','2023-10-09 09:39:14'),(37,'Sialectomy','Sialectomy, salivary gland','2023-10-09 09:02:46',NULL),(38,'Sinus Trephination','Sinus Trephination','2023-10-09 09:02:53',NULL),(39,'Spay and Gastropexy','Spay and Gastropexy','2023-10-09 09:03:05',NULL),(40,'Splenectomy','Spleen, Hemoab','2023-10-09 09:03:18',NULL),(41,'Thyroidectomy','Thyroidectomy','2023-10-09 09:03:25',NULL),(42,'TECA','Total ear canal ablation','2023-10-09 09:03:37',NULL),(43,'Ventral Bulla Osteotomy','VBO','2023-10-09 09:03:48',NULL),(44,'Ovariectomy (Laparoscopic)','OVE, Lap','2023-10-09 09:04:10',NULL),(45,'Cryptorchid Neuter (Laparoscopic)','Cryptorchid Neuter (Laparoscopic)','2023-10-09 09:04:27',NULL),(46,'Gastropexy, (Laparoscopic)','Laparoscopic','2023-10-09 09:04:39',NULL),(47,'Neuter, Gastropexy (Laparoscopic)','Lap Gastropexy','2023-10-09 09:05:36','2023-10-09 09:05:44'),(48,'GI Biopsies, (Laparoscopic)','GI Bx, Lap','2023-10-09 09:05:55',NULL),(49,'Liver Biopsy, (Laparoscopic)','Liver Bx','2023-10-09 09:06:03',NULL),(50,'Amputation - Limb','Amputation - Limb','2023-10-09 09:06:15',NULL),(51,'Amputation - Digit','Amputation - Digit','2023-10-09 09:06:24',NULL),(52,'Amputation - Tail','Amputation - Tail','2023-10-09 09:06:31',NULL),(53,'Arthroscopy - Bilateral Elbow','Arthroscopy - Bilateral Elbow','2023-10-09 09:06:44',NULL),(54,'Femoral Head Osteotomy','FHO','2023-10-09 09:06:59',NULL),(55,'Humeral / Femoral Fracture','Humeral / Femoral Fracture','2023-10-09 09:07:26',NULL),(56,'Lateral Suture','LSS','2023-10-09 09:07:47',NULL),(57,'Mandibulectomy / Maxillectomy','Mandibulectomy / Maxillectomy','2023-10-09 09:08:04',NULL),(58,'MPL','Medial Patellar Luxation','2023-10-09 09:08:36',NULL),(59,'Pelvic Fracture (multiple)','Pelvic Fracture (multiple)','2023-10-09 09:08:47',NULL),(60,'Radius / Ulna Fracture','Fx, R/U','2023-10-09 09:09:13',NULL),(61,'Tibial Fracture','Fx, Tibia','2023-10-09 09:09:22',NULL),(62,'Hemilaminectomy','Hemilam','2023-10-09 09:09:45',NULL),(63,'Spinal Fracture','Fx','2023-10-09 09:09:54',NULL),(64,'Ventral Slot','VS','2023-10-09 09:10:00',NULL),(65,'CT','Computed Tomography','2023-10-09 09:10:09',NULL),(66,'Blepharoplasty, simple','uni, bi, eyelid','2023-10-09 09:17:00',NULL),(67,'Blepharoplasty, complex','Uni, bi, eyelid','2023-10-09 09:17:11',NULL),(68,'Distichia cryoepilation','Eyelid','2023-10-09 09:18:38',NULL),(69,'Ectopic cilia removal','Eyelid','2023-10-09 09:18:47',NULL),(70,'Entropion repair, simple','Eyelid','2023-10-09 09:18:55',NULL),(71,'Entropion repair, complex','Eyelid','2023-10-09 09:19:05',NULL),(72,'Temporary tarsorrhaphy','Eyelid','2023-10-09 09:19:15',NULL),(73,'Prolapsed Third Eyelid Gland Repair','Eyelid, Third Eyelid, Cherry Eye','2023-10-09 09:20:08','2023-10-09 09:20:31'),(74,'Third Eyelid Resection','Third eyelid','2023-10-09 09:20:22',NULL),(75,'Corneal Laceration repair','Cornea','2023-10-09 09:20:41',NULL),(76,'Corneal Foreign Body Removal','Cornea','2023-10-09 09:20:49',NULL),(77,'Corneoconjunctival Transposition','Cornea','2023-10-09 09:21:02',NULL),(78,'Conjunctival Graft','Cornea','2023-10-09 09:21:08',NULL),(79,'Gonioimplant','Glaucoma','2023-10-09 09:21:19',NULL),(80,'Pharmacologic Ciliary Body Ablation','Cornea','2023-10-09 09:22:15','2023-10-09 09:24:40'),(81,'Diode Laser Transscleral Cyclophotocoagulation','Cornea','2023-10-09 09:22:37','2023-10-09 09:24:27'),(82,'Diode Laser Photocoagulation (uni, bi)','Iris','2023-10-09 09:22:51','2023-10-09 09:24:19'),(83,'Intracapsular Lens Extraction','Lens','2023-10-09 09:23:04','2023-10-09 09:24:12'),(84,'Phacoemulsification (uni, bi)','Lens','2023-10-09 09:23:15',NULL),(85,'Diode Laser Barrier Retinopexy','Retina','2023-10-09 09:23:24','2023-10-09 09:24:04'),(86,'Evisceration','Orbit','2023-10-09 09:23:33',NULL),(87,'Proptosis Repair','Orbit','2023-10-09 09:23:40',NULL),(88,'Transpalpebral Orbitotomy','Orbit','2023-10-09 09:23:52',NULL),(89,'Polidocanol injection','Orbit','2023-10-09 09:25:03',NULL),(90,'Eyelid Mass Removal','Eyelid, debulk, curettage, cryotherapy','2023-10-09 09:25:19',NULL),(91,'Eyelid filler injection (uni, bi)','Eyelid','2023-10-09 09:25:27',NULL),(92,'Temporary Eyelid Tacking (uni, bi)','Eyelid','2023-10-09 09:25:39',NULL),(93,'Nasolacrimal Duct Irrigation','Nasolacrimal','2023-10-09 09:25:51',NULL),(94,'Corneal Debridement, CTA','Cornea','2023-10-09 09:26:04',NULL),(95,'Corneal Debridement, diamond burr','Cornea','2023-10-09 09:26:13',NULL),(96,'Corneal Debridement, grid keratotmy','Cornea','2023-10-09 09:26:21',NULL),(97,'Bandage Contact Lens Placement','Cornea','2023-10-09 09:26:34',NULL),(98,'Thermokeratoplasty','Cornea','2023-10-09 09:26:44',NULL),(99,'Cystotomy','Cysto, Bladder stone','2023-10-09 09:45:05',NULL),(100,'Mass Removal, General','For dermal masses','2023-10-09 11:31:55',NULL);
/*!40000 ALTER TABLE `procedures` ENABLE KEYS */;
UNLOCK TABLES;

--
-- Table structure for table `users`
--

DROP TABLE IF EXISTS `users`;
/*!40101 SET @saved_cs_client     = @@character_set_client */;
/*!50503 SET character_set_client = utf8mb4 */;
CREATE TABLE `users` (
  `id` int NOT NULL AUTO_INCREMENT,
  `email` varchar(255) DEFAULT NULL,
  `password` varchar(255) DEFAULT NULL,
  `created_at` datetime DEFAULT CURRENT_TIMESTAMP,
  `updated_at` datetime DEFAULT NULL,
  PRIMARY KEY (`id`),
  UNIQUE KEY `ix_users_email` (`email`),
  KEY `ix_users_id` (`id`)
) ENGINE=InnoDB DEFAULT CHARSET=utf8mb4 COLLATE=utf8mb4_0900_ai_ci;
/*!40101 SET character_set_client = @saved_cs_client */;

--
-- Dumping data for table `users`
--

LOCK TABLES `users` WRITE;
/*!40000 ALTER TABLE `users` DISABLE KEYS */;
/*!40000 ALTER TABLE `users` ENABLE KEYS */;
UNLOCK TABLES;

--
-- Table structure for table `users_and_clinics`
--

DROP TABLE IF EXISTS `users_and_clinics`;
/*!40101 SET @saved_cs_client     = @@character_set_client */;
/*!50503 SET character_set_client = utf8mb4 */;
CREATE TABLE `users_and_clinics` (
  `clinic_id` int DEFAULT NULL,
  `user_id` int DEFAULT NULL,
  KEY `clinic_id` (`clinic_id`),
  KEY `user_id` (`user_id`),
  CONSTRAINT `users_and_clinics_ibfk_1` FOREIGN KEY (`clinic_id`) REFERENCES `clinics` (`id`),
  CONSTRAINT `users_and_clinics_ibfk_2` FOREIGN KEY (`user_id`) REFERENCES `users` (`id`)
) ENGINE=InnoDB DEFAULT CHARSET=utf8mb4 COLLATE=utf8mb4_0900_ai_ci;
/*!40101 SET character_set_client = @saved_cs_client */;

--
-- Dumping data for table `users_and_clinics`
--

LOCK TABLES `users_and_clinics` WRITE;
/*!40000 ALTER TABLE `users_and_clinics` DISABLE KEYS */;
/*!40000 ALTER TABLE `users_and_clinics` ENABLE KEYS */;
UNLOCK TABLES;
/*!40103 SET TIME_ZONE=@OLD_TIME_ZONE */;

/*!40101 SET SQL_MODE=@OLD_SQL_MODE */;
/*!40014 SET FOREIGN_KEY_CHECKS=@OLD_FOREIGN_KEY_CHECKS */;
/*!40014 SET UNIQUE_CHECKS=@OLD_UNIQUE_CHECKS */;
/*!40101 SET CHARACTER_SET_CLIENT=@OLD_CHARACTER_SET_CLIENT */;
/*!40101 SET CHARACTER_SET_RESULTS=@OLD_CHARACTER_SET_RESULTS */;
/*!40101 SET COLLATION_CONNECTION=@OLD_COLLATION_CONNECTION */;
/*!40111 SET SQL_NOTES=@OLD_SQL_NOTES */;

-- Dump completed on 2023-10-21 22:34:02
