-- MySQL dump 10.13  Distrib 8.0.34, for Win64 (x86_64)
--
-- Host: localhost    Database: packpacker
-- ------------------------------------------------------
-- Server version	8.0.34

/*!40101 SET @OLD_CHARACTER_SET_CLIENT=@@CHARACTER_SET_CLIENT */;
/*!40101 SET @OLD_CHARACTER_SET_RESULTS=@@CHARACTER_SET_RESULTS */;
/*!40101 SET @OLD_COLLATION_CONNECTION=@@COLLATION_CONNECTION */;
/*!50503 SET NAMES utf8 */;
/*!40103 SET @OLD_TIME_ZONE=@@TIME_ZONE */;
/*!40103 SET TIME_ZONE='+00:00' */;
/*!40014 SET @OLD_UNIQUE_CHECKS=@@UNIQUE_CHECKS, UNIQUE_CHECKS=0 */;
/*!40014 SET @OLD_FOREIGN_KEY_CHECKS=@@FOREIGN_KEY_CHECKS, FOREIGN_KEY_CHECKS=0 */;
/*!40101 SET @OLD_SQL_MODE=@@SQL_MODE, SQL_MODE='NO_AUTO_VALUE_ON_ZERO' */;
/*!40111 SET @OLD_SQL_NOTES=@@SQL_NOTES, SQL_NOTES=0 */;

--
-- Table structure for table `alembic_version`
--

DROP TABLE IF EXISTS `alembic_version`;
/*!40101 SET @saved_cs_client     = @@character_set_client */;
/*!50503 SET character_set_client = utf8mb4 */;
CREATE TABLE `alembic_version` (
  `version_num` varchar(32) NOT NULL,
  PRIMARY KEY (`version_num`)
) ENGINE=InnoDB DEFAULT CHARSET=utf8mb4 COLLATE=utf8mb4_0900_ai_ci;
/*!40101 SET character_set_client = @saved_cs_client */;

--
-- Dumping data for table `alembic_version`
--

LOCK TABLES `alembic_version` WRITE;
/*!40000 ALTER TABLE `alembic_version` DISABLE KEYS */;
INSERT INTO `alembic_version` VALUES ('a867d3bd5d86');
/*!40000 ALTER TABLE `alembic_version` ENABLE KEYS */;
UNLOCK TABLES;

--
-- Table structure for table `clinics`
--

DROP TABLE IF EXISTS `clinics`;
/*!40101 SET @saved_cs_client     = @@character_set_client */;
/*!50503 SET character_set_client = utf8mb4 */;
CREATE TABLE `clinics` (
  `id` int NOT NULL AUTO_INCREMENT,
  `name` varchar(255) DEFAULT NULL,
  `clinicLoc` varchar(255) DEFAULT NULL,
  `phone` varchar(255) DEFAULT NULL,
  `email` varchar(255) DEFAULT NULL,
  `created_at` datetime DEFAULT CURRENT_TIMESTAMP,
  `updated_at` datetime DEFAULT NULL,
  PRIMARY KEY (`id`),
  UNIQUE KEY `name` (`name`),
  KEY `ix_clinics_id` (`id`)
) ENGINE=InnoDB AUTO_INCREMENT=3 DEFAULT CHARSET=utf8mb4 COLLATE=utf8mb4_0900_ai_ci;
/*!40101 SET character_set_client = @saved_cs_client */;

--
-- Dumping data for table `clinics`
--

LOCK TABLES `clinics` WRITE;
/*!40000 ALTER TABLE `clinics` DISABLE KEYS */;
INSERT INTO `clinics` VALUES (1,'SAGE Concord','2055 Meridian Park Blvd','(925) 627-7243','concord@sagecenters.com','2023-09-21 18:27:36','2023-09-21 18:32:02');
/*!40000 ALTER TABLE `clinics` ENABLE KEYS */;
UNLOCK TABLES;

--
-- Table structure for table `clinics_and_procedures`
--

DROP TABLE IF EXISTS `clinics_and_procedures`;
/*!40101 SET @saved_cs_client     = @@character_set_client */;
/*!50503 SET character_set_client = utf8mb4 */;
CREATE TABLE `clinics_and_procedures` (
  `clinic_id` int DEFAULT NULL,
  `procedure_id` int DEFAULT NULL,
  KEY `clinic_id` (`clinic_id`),
  KEY `procedure_id` (`procedure_id`),
  CONSTRAINT `clinics_and_procedures_ibfk_1` FOREIGN KEY (`clinic_id`) REFERENCES `clinics` (`id`),
  CONSTRAINT `clinics_and_procedures_ibfk_2` FOREIGN KEY (`procedure_id`) REFERENCES `procedures` (`id`)
) ENGINE=InnoDB DEFAULT CHARSET=utf8mb4 COLLATE=utf8mb4_0900_ai_ci;
/*!40101 SET character_set_client = @saved_cs_client */;

--
-- Dumping data for table `clinics_and_procedures`
--

LOCK TABLES `clinics_and_procedures` WRITE;
/*!40000 ALTER TABLE `clinics_and_procedures` DISABLE KEYS */;
/*!40000 ALTER TABLE `clinics_and_procedures` ENABLE KEYS */;
UNLOCK TABLES;

--
-- Table structure for table `instruments`
--

DROP TABLE IF EXISTS `instruments`;
/*!40101 SET @saved_cs_client     = @@character_set_client */;
/*!50503 SET character_set_client = utf8mb4 */;
CREATE TABLE `instruments` (
  `id` int NOT NULL AUTO_INCREMENT,
  `name` varchar(255) DEFAULT NULL,
  `description` varchar(255) DEFAULT NULL,
  `img_url` varchar(255) DEFAULT NULL,
  `created_at` datetime DEFAULT CURRENT_TIMESTAMP,
  `updated_at` datetime DEFAULT NULL,
  `onHand` int DEFAULT NULL,
  PRIMARY KEY (`id`),
  UNIQUE KEY `ix_instruments_name` (`name`),
  KEY `ix_instruments_id` (`id`)
) ENGINE=InnoDB AUTO_INCREMENT=537 DEFAULT CHARSET=utf8mb4 COLLATE=utf8mb4_0900_ai_ci;
/*!40101 SET character_set_client = @saved_cs_client */;

--
-- Dumping data for table `instruments`
--

LOCK TABLES `instruments` WRITE;
/*!40000 ALTER TABLE `instruments` DISABLE KEYS */;
INSERT INTO `instruments` VALUES (2,'Dingman Periosteal Elevator','Bendy-tipped scrapy-boi.','https://www.integralife.com/dingman-periosteal-elevator/product/surgical-instruments-hospitals-surgery-centers-tissue-banks-padgett-plastic-reconstructive-surgery-elevator-dingman-periosteal-elevator','2023-09-21 19:57:16',NULL,5),(3,'Mini Hohmann Retractor','Knee-looker-inner','https://www.integralife.com/mini-hohmann-retractor/product/surgical-instruments-miltex-instruments-veterinary-orthopedic-mini-hohmann-retractor','2023-09-21 20:07:11',NULL,1),(4,'Suction, Frazier Tip, #8','#8 Frazier Tip','https://www.integralife.com/frazier-suction-tube/product/surgical-instruments-hospitals-surgery-centers-tissue-banks-ruggles-redmond-suction-tubes-accessories-frazier-suction-tube','2023-09-21 20:49:59','2023-10-02 15:35:02',1),(5,'Pin Cutters, Gold-handled','Gold-handled Pin Cutters','https://surgicalmart.com/shop/orthopedic-instruments/wire-pin-cutters/t-c-wire-pin-cutter-18-5-side-cutting-with-adjustable-bolt-sm3610/','2023-09-23 13:04:43','2023-09-27 21:30:11',5),(6,'Retractor, Senn','Rakey-man, grabby-fella, nurse-stabbinator.','','2023-09-26 11:19:22','2023-09-27 21:30:19',20),(7,'Retractor, Balfour, Baby','Small belly-spreader','string','2023-09-26 11:19:44','2023-09-27 20:58:46',4),(8,'Retractor, Finochetto, small','Cranky-chest crackinator.','','2023-09-26 11:20:10','2023-09-27 21:30:30',3),(9,'Retractor, Finochetto, medium','Cranky-chest crackinator.','','2023-09-26 11:20:19','2023-09-27 21:30:24',30),(10,'Retractor, Finochetto, large','Cranky-chest crackinator.','','2023-09-26 11:20:40','2023-09-27 21:30:26',5),(11,'Elevator, Freer','Frees things','','2023-09-26 11:21:49','2023-09-28 11:15:39',20),(12,'Forceps, Carmalt','Carmalts','','2023-09-26 11:22:33','2023-09-28 11:10:01',40),(13,'Hemostat, Kelly, Curved','All the way','','2023-09-26 11:22:54','2023-09-28 11:07:40',40),(14,'Hemostat, Mosquito','Wee snappy boy','','2023-09-26 11:23:06',NULL,40),(15,'Thumb Forceps, Debakey','Can be holey or un-holey.','','2023-09-26 11:23:25',NULL,20),(16,'Lone Star Retractor','Mark\'s Favorite Toy','','2023-09-26 11:23:40',NULL,2),(17,'Gauze, 4x4','Gauze','','2023-09-26 21:00:26','2023-09-27 21:32:15',150),(18,'Suction, Frazier Tip, #10','10 Frazier Tip','','2023-09-26 21:01:24','2023-10-02 15:35:12',3),(19,'Suction, Frazier Tip, #12','Suction, Frazier Tip, #12','','2023-09-26 21:01:43','2023-10-02 15:35:26',5),(20,'Suction, Poole Tip, Curved','Two pieces, inner and outer.','','2023-09-26 21:01:59','2023-09-27 21:32:04',8),(21,'Suction, Poole Tip, Straight','Nobody likes these.','','2023-09-26 21:02:10','2023-09-27 21:32:09',5),(23,'Duraprep','Sterile drape for wrapping legs.','','2023-09-26 21:02:48','2023-09-27 21:39:33',30),(24,'Retractor, Balfour, CSU','CSU Balfour','','2023-09-26 21:06:16','2023-09-27 21:39:19',3),(25,'Forceps, Rongeur, Double Action','Grabby-fellas','','2023-09-27 08:50:12','2023-09-28 11:19:39',20),(26,'Needle Driver, Baumgartner','The ones without scissors.','','2023-09-27 08:52:39',NULL,20),(27,'Needle Driver, Olsen-Hegar','The ones with scissors.','','2023-09-27 08:53:49',NULL,20),(28,'Osteotome','Variety size','','2023-09-27 08:54:29',NULL,10),(29,'Scissors, Metzenbaum, Large','Dissecting scissors.','','2023-09-27 08:54:59','2023-09-28 11:08:07',20),(30,'Scissors, Mayo','More scissors','','2023-09-27 08:55:32',NULL,10),(31,'Scissors, Sharp-Blunt','For cutting drapes.','','2023-09-27 08:55:50',NULL,10),(32,'Thumb Forceps, Rat-tooth','Pinchy grabbers','','2023-09-27 08:56:27',NULL,40),(33,'Thumb Forceps, Brown Adson','The usual grabbers','','2023-09-27 08:57:00',NULL,30),(34,'Pliers','Pliers','','2023-09-27 08:57:48',NULL,2),(35,'Pin Puller','Pin puller','','2023-09-27 08:57:58',NULL,15),(36,'Cerclage Wire','Cerclage Wire, variety sizes','','2023-09-27 08:58:15',NULL,1),(37,'Hobby Saw','Saws stuff','','2023-09-27 08:58:37',NULL,5),(38,'Gigli Wire','Gigli Wire','','2023-09-27 08:58:49',NULL,5),(39,'Loop Cerclage Wire','Variety Size','','2023-09-27 08:59:01',NULL,20),(40,'Arthrex Wires','Variety sizes','','2023-09-27 08:59:17',NULL,10),(41,'Pin Cutter, Dyke','Wire cutters that are sideways.','','2023-09-27 09:00:26',NULL,5),(42,'Pin Cutter, End-On','The ones Marty likes.','','2023-09-27 09:00:44',NULL,5),(43,'Wire Twister','Twists wire','','2023-09-27 09:00:57',NULL,2),(44,'Wire Passer','Passes wire','','2023-09-27 09:01:09',NULL,2),(45,'Bone Rasp','Rasps bone','','2023-09-27 09:01:22',NULL,10),(46,'Hand Chuck','Screws Stuff In?','','2023-09-27 09:01:43','2023-09-27 21:33:05',2),(47,'Stockinette, 2\"','Stockinette, 2\"','','2023-09-27 09:02:17',NULL,10),(48,'Stockinette, 4\"','Stockinette, 4\"','','2023-09-27 09:02:26',NULL,10),(49,'Stockinette, 6\"','Stockinette, 6\"','','2023-09-27 09:02:38',NULL,10),(50,'Vetwrap and Foil, 2\"','Vetwrap and Foil, 2\"','','2023-09-27 09:02:51',NULL,10),(51,'Vetwrap and Foil, 4\"','Vetwrap and Foil, 4\"','','2023-09-27 09:03:01',NULL,10),(52,'Towel Clamp','Towel Clamp','','2023-09-27 09:03:24',NULL,40),(53,'Cotton-Tipped Applicator','A pack of sterile q-tips','','2023-09-27 09:03:45',NULL,20),(54,'Penrose Drain','Penrose Drain','','2023-09-27 09:03:58',NULL,10),(55,'Tongue Depressor','Sterile tongue blades','','2023-09-27 09:04:14',NULL,20),(56,'Drill Bit, 1.1','Drill Bit, 1.1','','2023-09-27 09:04:35',NULL,2),(57,'Drill Tap, 1.1','Drill Tap, 1.1','','2023-09-27 09:04:45',NULL,2),(58,'Drill Tap, 1.5','Drill Tap, 1.5','','2023-09-27 09:05:00',NULL,5),(59,'Drill Bit, 1.5','Drill Bit, 1.5','','2023-09-27 09:05:11',NULL,5),(60,'Drill Bit, 1.8','Drill Bit, 1.8','','2023-09-27 09:05:24',NULL,2),(61,'Drill Bit, 2.7','Drill Bit, 2.7','','2023-09-27 09:06:44',NULL,3),(62,'Drill Bit, 2.8','Drill Bit, 2.8','','2023-09-27 09:06:55',NULL,5),(63,'Drill Bit, 3.2','Drill Bit, 3.2','','2023-09-27 09:07:22',NULL,5),(64,'Drill Bit, 3.5','Drill Bit, 3.5','','2023-09-27 09:07:31',NULL,5),(65,'Drill Bit, 4.0','Drill Bit, 4.0','','2023-09-27 09:07:41',NULL,5),(66,'Drill Bit, 4.5','Drill Bit, 4.5','','2023-09-27 09:07:49',NULL,5),(67,'Drill Bit, 2.5','Drill Bit, 2.5','','2023-09-27 09:07:59',NULL,5),(68,'Drill Tap, 3.5','Drill Tap, 3.5','','2023-09-27 09:08:10',NULL,5),(69,'Drill Bit, Cannulated, 2.7','Drill Bit, Cannulated, 2.7','','2023-09-27 09:08:27',NULL,2),(70,'Drill Bit, Cannulated, 3.5','Drill Bit, Cannulated, 3.5','','2023-09-27 09:08:35',NULL,2),(71,'Gelpi, small','The babiest gelpis','','2023-09-27 09:09:01',NULL,20),(72,'Gelpi, medium','An in-betweener Gelpi.','','2023-09-27 09:09:20',NULL,40),(73,'Gelpi, large','The big boy','','2023-09-27 09:09:29',NULL,40),(74,'Handle, Quick Coupling','Quick-coupling handle','','2023-09-27 09:09:55',NULL,3),(75,'Lap Pad','Lap pads to mop up lots of stuff','','2023-09-27 09:10:13',NULL,50),(76,'Graft Cup','Sterile cups for mixing','','2023-09-27 09:10:38',NULL,10),(77,'Bone Anchor','I honestly have no idea what this does.','','2023-09-27 09:10:52',NULL,5),(78,'Pin, Toggle','This toggles stuff? I don\'t know what this does either.','','2023-09-27 09:11:17',NULL,20),(79,'Screwdriver, T8','T8 Screwdriver','','2023-09-27 09:46:46',NULL,2),(80,'Screwdriver, T15','T15 Screwdriver','','2023-09-27 09:47:10',NULL,2),(81,'Screwdriver, Tip, T8','T8 Screwdriver Tip','','2023-09-27 09:47:36',NULL,5),(82,'Screwdriver, Tip, T15','T15 Screwdriver Tip','','2023-09-27 09:47:49',NULL,5),(83,'Blade, 10','10 blade','','2023-09-27 09:48:34',NULL,50),(84,'Blade, 11','11 Blade','','2023-09-27 09:58:33',NULL,50),(85,'Blade, 15','15 Blade','','2023-09-27 09:58:42',NULL,50),(86,'Blade, TPLO, 24','The standard TPLO blade','','2023-09-27 09:59:41',NULL,3),(87,'Blade, TPLO, 12','TPLO Saw blade','','2023-09-27 10:00:32',NULL,2),(88,'Blade, TPLO, 14','TPLO blade','','2023-09-27 10:00:44',NULL,2),(89,'Blade, TPLO, 16','TPLO blade','','2023-09-27 10:00:55',NULL,2),(90,'Blade, TPLO, 18','TPLO blade','','2023-09-27 10:01:11',NULL,2),(91,'Blade, TPLO, 20','TPLO blade','','2023-09-27 10:01:20',NULL,2),(92,'Blade, TPLO, 22','TPLO blade','','2023-09-27 10:01:29',NULL,2),(93,'Blade, TPLO, 26','TPLO blade','','2023-09-27 10:01:40',NULL,2),(95,'Blade, TPLO, 30','TPLO blade','','2023-09-27 10:02:00',NULL,2),(96,'Blade, TPLO, 28','TPLO blade','','2023-09-27 10:54:06',NULL,2),(97,'Needle Driver, Crilewood','The other really good one without scissors','','2023-09-27 13:55:59',NULL,10),(98,'Calipers','Calipers','','2023-09-27 14:43:57',NULL,2),(99,'Slocum 3.5 Jig','Jig for TPLO','','2023-09-27 14:44:14','2023-10-02 11:49:16',4),(100,'Depth Gauge, small (20mm)','Measures depth of drill holes.','','2023-09-27 14:44:34','2023-10-02 13:30:54',5),(101,'Depth Gauge, large (50mm)','Measures depth of drill holes.','','2023-09-27 14:44:44','2023-10-02 13:30:49',4),(102,'Probe, Meniscal','Probe for the meniscus','','2023-09-27 14:44:59',NULL,2),(103,'Drill Guide, Locking','Drill guides for locking set.','','2023-09-27 14:46:02',NULL,10),(104,'Drill Guide, Slocum, 2.5','Non-locking drill guide','','2023-09-27 14:46:16','2023-10-02 11:50:01',10),(105,'Plate Benders','Set of two benders for plates.','','2023-09-27 14:47:10',NULL,5),(106,'Cautery, Monopolar','Bovie Handle','','2023-09-27 14:47:38',NULL,30),(107,'Cautery, Bipolar','Bipolar Cautery','','2023-09-27 14:47:52',NULL,10),(108,'Cautery, Ligasure, large','Bigasure','','2023-09-27 14:48:06',NULL,10),(109,'Cautery, Ligasure, small','Smallasure','','2023-09-27 14:48:18',NULL,10),(110,'Forceps, Doyen','Long clampy boys','','2023-09-27 14:57:54',NULL,10),(111,'Bobby Pins','Sterile bobby pins','','2023-09-27 14:58:09',NULL,20),(112,'Hook, Spay','Spay Hook','','2023-09-27 14:58:18',NULL,10),(113,'Forceps, Bone, Lalonde','Clamp for bones','','2023-09-27 14:59:44',NULL,5),(114,'Forceps, Satinsky','I don\'t know what this does.','','2023-09-27 15:00:10',NULL,5),(115,'Spoon, Bladder','Bladder stone getter.','','2023-09-27 15:00:43',NULL,5),(116,'Spoon, Gall Bladder','Gets goop outta the gall bladder.','','2023-09-27 15:00:56',NULL,5),(117,'Hemostat, Ochsner','Hemostat','','2023-09-27 15:03:04',NULL,5),(118,'Curette, Ear','Gets ear wax out.','','2023-09-27 15:03:18',NULL,5),(119,'Curette, Bone','Gets bones out?','','2023-09-27 15:03:29',NULL,5),(120,'Sterile Towel','Blue towels.','','2023-09-27 15:03:44',NULL,100),(121,'Drapes','Drape Pack','','2023-09-27 15:04:01',NULL,30),(122,'Stapler, TA-60','TA-60 Stapler','','2023-09-27 15:04:30',NULL,5),(123,'Cartridge, TA-60, Blue','Blue TA-60 Cartridge','','2023-09-27 15:04:47',NULL,20),(124,'Cartridge, TA-60, White','White TA-60 Cartridges','','2023-09-27 15:05:03',NULL,20),(125,'Stapler, 50mm GIA','GIA 50mm Stapler','','2023-09-27 15:05:38',NULL,3),(126,'Stapler, 60mm GIA','60mm GIA Stapler','','2023-09-27 15:06:02',NULL,5),(127,'Stapler, Skin','Attaches drapes to skin.','','2023-09-27 15:06:17',NULL,30),(128,'Retractor, Army-Navy','Army-Navy','','2023-09-27 15:11:10',NULL,2),(129,'Retractor, Ribbon','Ribbon retractor','','2023-09-27 15:11:21',NULL,3),(130,'Retractor, Rake','Rake Retractor','','2023-09-27 15:11:31',NULL,3),(131,'Forceps, Sponge','Sponge Forcep','','2023-09-27 15:11:51',NULL,5),(132,'Retractor, Weitlaner','Weitlaner Retractor','','2023-09-27 15:12:15',NULL,3),(133,'Hemostat, Mosquito, Curved','Curved Mosquito','','2023-09-27 15:12:46',NULL,5),(134,'Hemostat, Mosquito, Straight','Straight mosquito.','','2023-09-27 15:12:57',NULL,10),(135,'Forceps, Allis','10','','2023-09-27 15:13:19',NULL,5),(136,'Forceps, Babcocks','Stuff','','2023-09-27 15:13:37',NULL,20),(137,'Needle, 18G','18G needle','','2023-09-27 18:09:10',NULL,50),(138,'Syringe, 35mL','35mL Syringe','','2023-09-27 18:09:23',NULL,50),(139,'Bowl, Saline','Saline bowl','','2023-09-27 18:09:37',NULL,20),(140,'Screw, Locking, 1.5, 12mm','Locking 12mm 1.5','','2023-09-28 08:24:06','2023-09-28 08:44:18',10),(141,'Screw, Locking, 1.5, 10mm','10mm 1.5 locking screw','','2023-09-28 08:43:55',NULL,10),(142,'Screw, Locking, 1.5, 14mm','Screw, Locking, 1.5, 14 mm','','2023-09-28 08:45:40',NULL,10),(143,'Screw, Locking, 1.5, 16mm','Screw, Locking, 1.5, 16mm','','2023-09-28 08:45:51',NULL,10),(144,'Screw, Locking, 1.5, 18mm','Screw, Locking, 1.5, 18mm','','2023-09-28 08:46:07',NULL,10),(145,'Screw, Locking, 1.5, 20mm','Screw, Locking, 1.5, 20mm','','2023-09-28 08:46:17',NULL,10),(146,'Screw, Locking, 1.5, 22mm','Screw, Locking, 1.5, 22mm','','2023-09-28 08:46:29',NULL,10),(147,'Screw, Locking, 1.5, 24mm','Screw, Locking, 1.5, 24mm','','2023-09-28 08:46:44',NULL,10),(148,'Screw, Locking, 1.5, 11mm','Screw, Locking, 1.5, 11mm','','2023-09-28 08:46:54','2023-09-28 09:04:40',10),(149,'Screw, Locking, 1.5, 9mm','Screw, Locking, 1.5, 9mm','','2023-09-28 08:47:06','2023-09-28 09:04:22',10),(150,'Screw, Locking, 1.5, 8mm','Screw, Locking, 1.5, 8mm','','2023-09-28 08:47:14','2023-09-28 09:04:14',10),(151,'Screw, Locking, 1.5, 7mm','Screw, Locking, 1.5, 7mm','','2023-09-28 08:47:27','2023-09-28 09:03:55',10),(152,'Screw, Locking, 1.5, 6mm','Screw, Locking, 1.5, 6mm','','2023-09-28 08:47:45','2023-09-28 09:04:04',10),(153,'Screw, Locking, 2.7, 10mm','Screw, Locking, 2.7, 10mm','','2023-09-28 08:54:44',NULL,10),(154,'Screw, Locking, 2.7, 12mm','Screw, Locking, 2.7, 12mm','','2023-09-28 08:55:01',NULL,10),(155,'Screw, Locking, 2.7, 14mm','Screw, Locking, 2.7, 14mm','','2023-09-28 08:55:17',NULL,10),(156,'Screw, Locking, 2.7, 16mm','Screw, Locking, 2.7, 16mm','','2023-09-28 08:55:26',NULL,10),(157,'Screw, Locking, 2.7, 18mm','Screw, Locking, 2.7, 18mm','','2023-09-28 08:55:36',NULL,10),(158,'Screw, Locking, 2.7, 20mm','Screw, Locking, 2.7, 20mm','','2023-09-28 08:55:47',NULL,10),(159,'Screw, Locking, 2.7, 22mm','Screw, Locking, 2.7, 22mm','','2023-09-28 08:55:56',NULL,10),(160,'Screw, Locking, 2.7, 24mm','Screw, Locking, 2.7, 24mm','','2023-09-28 08:56:09',NULL,10),(161,'Screw, Locking, 2.7, 26mm','Screw, Locking, 2.7, 26mm','','2023-09-28 08:56:16',NULL,10),(162,'Screw, Locking, 2.7, 28mm','Screw, Locking, 2.7, 28mm','','2023-09-28 08:56:25',NULL,10),(163,'Screw, Locking, 2.7, 30mm','Screw, Locking, 2.7, 30mm','','2023-09-28 08:56:36',NULL,10),(164,'Screw, Locking, 2.7, 32mm','Screw, Locking, 2.7, 32mm','','2023-09-28 08:56:44',NULL,10),(165,'Screw, Locking, 2.7, 34mm','Screw, Locking, 2.7, 34mm','','2023-09-28 08:56:53',NULL,10),(166,'Screw, Locking, 3.5, 10mm','Screw, Locking, 3.5, 10mm','','2023-09-28 08:57:38',NULL,10),(167,'Screw, Locking, 3.5, 12mm','Screw, Locking, 3.5, 12mm','','2023-09-28 08:57:48',NULL,10),(168,'Screw, Locking, 3.5, 14mm','Screw, Locking, 3.5, 14mm','','2023-09-28 08:58:02',NULL,10),(169,'Screw, Locking, 3.5, 16mm','Screw, Locking, 3.5, 16mm','','2023-09-28 08:58:14',NULL,10),(170,'Screw, Locking, 3.5, 18mm','Screw, Locking, 3.5, 18mm','','2023-09-28 08:58:25',NULL,10),(171,'Screw, Locking, 3.5, 20mm','Screw, Locking, 3.5, 20mm','','2023-09-28 08:58:35',NULL,10),(172,'Screw, Locking, 3.5, 22mm','Screw, Locking, 3.5, 22mm','','2023-09-28 08:58:48',NULL,10),(173,'Screw, Locking, 3.5, 24mm','Screw, Locking, 3.5, 24mm','','2023-09-28 08:58:58',NULL,10),(174,'Screw, Locking, 3.5, 26mm','Screw, Locking, 3.5, 26mm','','2023-09-28 08:59:15',NULL,10),(175,'Screw, Locking, 3.5, 28mm','Screw, Locking, 3.5, 28mm','','2023-09-28 09:00:44',NULL,10),(176,'Screw, Locking, 3.5, 30mm','Screw, Locking, 3.5, 30mm','','2023-09-28 09:00:53',NULL,10),(177,'Screw, Locking, 3.5, 32mm','Screw, Locking, 3.5, 32mm','','2023-09-28 09:01:02',NULL,10),(178,'Screw, Locking, 3.5, 34mm','Screw, Locking, 3.5, 34mm','','2023-09-28 09:01:12',NULL,10),(179,'Screw, Locking, 3.5, 36mm','Screw, Locking, 3.5, 36mm','','2023-09-28 09:01:19',NULL,10),(180,'Screw, Locking, 3.5, 38mm','Screw, Locking, 3.5, 38mm','','2023-09-28 09:01:28',NULL,10),(181,'Screw, Locking, 3.5, 40mm','Screw, Locking, 3.5, 40mm','','2023-09-28 09:01:38',NULL,10),(182,'Screw, Locking, 3.5, 45mm','Screw, Locking, 3.5, 45mm','','2023-09-28 09:01:50',NULL,10),(183,'Screw, Locking, 3.5, 50mm','Screw, Locking, 3.5, 50mm','','2023-09-28 09:02:01',NULL,10),(184,'Screw, Locking, 3.5, 55mm','Screw, Locking, 3.5, 55mm','','2023-09-28 09:02:42',NULL,10),(185,'Screw, Locking, 3.5, 60mm','Screw, Locking, 3.5, 60mm','','2023-09-28 09:02:51',NULL,10),(186,'Drill, Arthrex, Battery Holder','Holder for Arthrex battery','','2023-09-28 09:11:10',NULL,2),(187,'Drill, Arthrex, Battery Aseptic Transfer Kit','Battery toilet seat','','2023-09-28 09:11:39','2023-09-28 09:12:10',2),(188,'Drill, Arthrex, Pin Collet','Pin Collet for Arthrex','','2023-09-28 09:11:59',NULL,1),(189,'Drill, Arthrex, Drill','The actual handpiece','','2023-09-28 09:12:34',NULL,2),(190,'Drill, Arthrex, Sagittal Saw Attachment','Sagittal saw for Arthrex drill','','2023-09-28 09:13:00',NULL,1),(191,'Drill, Arthrex, Quick Coupler','The thing that takes the drill bits.','','2023-09-28 09:16:41',NULL,2),(192,'Saw, TPLO, Handle','TPLO Saw Handle','','2023-09-28 09:17:03',NULL,2),(193,'Saw, TPLO, Hose','The pneumatic hose for the TPLO saw','','2023-09-28 09:17:18','2023-09-28 09:20:44',3),(194,'Saw, TPLO, Allen Wrench','Allen wrench for TPLO saw','','2023-09-28 09:17:34',NULL,3),(195,'Saw, TPLO, Blade Wrench','The thing that tightens the blade.','','2023-09-28 09:21:09',NULL,5),(196,'Plate, 2.7 TPLO, Left','L 2.7 TPLO plate','','2023-09-28 09:55:56','2023-10-02 13:57:33',2),(197,'Plate, 2.7, TPLO, Right, ','2.7mm Right TPLO plate','','2023-09-28 09:56:20','2023-10-02 13:58:43',2),(198,'Plate, 3.5, TPLO, Left','3.5mm left TPLO plate','','2023-09-28 09:56:42','2023-10-02 13:58:49',2),(199,'Plate,  3.5, TPLO, Right','Right 3.5mm TPLO plate','','2023-09-28 09:57:03','2023-10-02 13:58:36',2),(200,'Plate,  3.5, TPLO, Left, Broad','Broad left TPLO 3.5 plate.','','2023-09-28 09:57:25','2023-10-02 13:58:30',2),(201,'Plate, 3.5, TPLO, Right, Broad','Right broad 3.5mm TPLO plate','','2023-09-28 09:57:39','2023-10-02 13:59:02',2),(202,'Plate, 3.5, TPLO, Left, Short','Left short TPLO plate','','2023-09-28 09:58:31','2023-10-02 13:59:13',2),(203,'Plate, 3.5, TPLO, Right, Short','Short right TPLO plate','','2023-09-28 09:58:43','2023-10-02 13:59:17',2),(204,'Screw, Cancellous, 4.0, 12mm','Screw, Cancellous, 4.0, 12mm','','2023-09-28 10:03:55',NULL,2),(205,'Screw, Cancellous, 4.0, 14mm','Screw, Cancellous, 4.0, 14mm','','2023-09-28 10:04:05',NULL,2),(206,'Screw, Cancellous, 4.0, 16mm','Screw, Cancellous, 4.0, 16mm','','2023-09-28 10:04:14',NULL,2),(207,'Screw, Cancellous, 4.0, 18mm','Screw, Cancellous, 4.0, 18mm','','2023-09-28 10:04:30',NULL,2),(208,'Screw, Cancellous, 4.0, 20mm','Screw, Cancellous, 4.0, 20mm','','2023-09-28 10:04:45',NULL,2),(209,'Screw, Cancellous, 4.0, 22mm','Screw, Cancellous, 4.0, 22mm','','2023-09-28 10:04:58',NULL,2),(210,'Screw, Cancellous, 4.0, 24mm','Screw, Cancellous, 4.0, 24mm','','2023-09-28 10:05:07',NULL,2),(211,'Screw, Cancellous, 4.0, 26mm','Screw, Cancellous, 4.0, 26mm','','2023-09-28 10:05:15',NULL,2),(212,'Screw, Cancellous, 4.0, 28mm','Screw, Cancellous, 4.0, 28mm','','2023-09-28 10:05:23',NULL,2),(213,'Screw, Cancellous, 4.0, 30mm','Screw, Cancellous, 4.0, 30mm','','2023-09-28 10:05:33',NULL,2),(214,'Screw, Cancellous, 4.0, 32mm','Screw, Cancellous, 4.0, 32mm','','2023-09-28 10:05:46',NULL,2),(215,'Screw, Cancellous, 4.0, 34mm','Screw, Cancellous, 4.0, 34mm','','2023-09-28 10:06:02',NULL,2),(216,'Screw, Cancellous, 4.0, 36mm','Screw, Cancellous, 4.0, 36mm','','2023-09-28 10:06:11',NULL,2),(217,'Screw, Cancellous, 4.0, 38mm','Screw, Cancellous, 4.0, 38mm','','2023-09-28 10:06:23',NULL,2),(218,'Screw, Cancellous, 4.0, 40mm','Screw, Cancellous, 4.0, 40mm','','2023-09-28 10:06:33',NULL,2),(219,'Screw, Cancellous, 4.0, 42mm','Screw, Cancellous, 4.0, 42mm','','2023-09-28 10:06:46','2023-10-02 15:02:01',10),(220,'Screw, Cancellous, 4.0, 44mm','Screw, Cancellous, 4.0, 44mm','','2023-09-28 10:07:00','2023-10-02 15:02:05',10),(221,'Screw, Cancellous, 4.0, 45mm','Screw, Cancellous, 4.0, 45mm','','2023-09-28 10:07:12',NULL,1),(222,'Screw, Cancellous, 4.0, 46mm','Screw, Cancellous, 4.0, 46mm','','2023-09-28 10:07:22',NULL,1),(223,'Screw, Cancellous, 4.0, 50mm','Screw, Cancellous, 4.0, 50mm','','2023-09-28 10:07:36',NULL,4),(224,'Screw, Cortical, 3.5, 12mm','Screw, Cortical, 3.5, 12mm','','2023-09-28 10:08:32','2023-10-02 14:58:22',4),(225,'Screw, Cortical, 3.5, 14mm','Screw, Cortical, 3.5, 14mm','','2023-09-28 10:08:45','2023-10-02 14:59:13',4),(226,'Screw, Cortical, 3.5, 16mm','Screw, Cortical, 3.5, 16mm','','2023-09-28 10:08:54','2023-10-02 14:58:35',4),(227,'Screw, Cortical, 3.5, 18mm','Screw, Cortical, 3.5, 18mm','','2023-09-28 10:09:02','2023-10-02 14:58:45',4),(228,'Screw, Cortical, 3.5, 20mm','Screw, Cortical, 3.5, 20mm','','2023-09-28 10:09:12','2023-10-02 14:59:00',4),(229,'Screw, Cortical, 3.5, 22mm','Screw, Cortical, 3.5, 22mm','','2023-09-28 10:09:22','2023-10-02 14:59:09',2),(230,'Screw, Cortical, 3.5, 24mm','Screw, Cortical, 3.5, 24mm','','2023-09-28 10:09:34','2023-10-02 14:59:21',4),(231,'Screw, Cortical, 3.5, 26mm','Screw, Cortical, 3.5, 26mm ','','2023-09-28 10:09:42','2023-10-02 14:59:31',4),(232,'Screw, Cortical, 3.5, 28mm','Screw, Cortical, 3.5, 28mm','','2023-09-28 10:09:54','2023-10-02 14:59:40',4),(233,'Screw, Cortical, 3.5, 30mm','Screw, Cortical, 3.5, 30mm','','2023-09-28 10:10:05','2023-10-02 14:59:48',4),(234,'Screw, Cortical, 3.5, 32mm','Screw, Cortical, 3.5, 32mm','','2023-09-28 10:10:14','2023-10-02 14:59:59',4),(235,'Screw, Cortical, 3.5, 34mm','Screw, Cortical, 3.5, 34mm','','2023-09-28 10:10:36','2023-10-02 15:00:05',4),(236,'Screw, Cortical, 3.5, 36mm','Screw, Cortical, 3.5, 36mm','','2023-09-28 10:10:45','2023-10-02 15:00:11',4),(237,'Screw, Cortical, 3.5, 38mm','Screw, Cortical, 3.5, 38mm','','2023-09-28 10:10:57','2023-10-02 15:00:17',4),(238,'Screw, Cortical, 3.5, 40mm','Screw, Cortical, 3.5, 40mm','','2023-09-28 10:11:06','2023-10-02 15:00:23',4),(239,'Screw, Cortical, 3.5, 42mm','Screw, Cortical, 3.5, 42mm','','2023-09-28 10:11:20','2023-10-02 15:00:29',4),(240,'Screw, Cortical, 3.5, 44mm','Screw, Cortical, 3.5, 44mm','','2023-09-28 10:11:28','2023-10-02 15:00:36',4),(241,'Elevator, AO','Wood handle elevator','','2023-09-28 10:40:40','2023-10-02 12:20:59',5),(242,'Screwdriver, Hex Head','Hex head screwdriver','','2023-09-28 10:41:03',NULL,5),(243,'Screwdriver, Cruciform','Cruciform Screwdriver','','2023-09-28 10:41:14',NULL,5),(244,'Mallet','Mallet','','2023-09-28 10:41:38',NULL,5),(245,'Gauge, Rotation, 5-18mm','The ring of rulers','','2023-09-28 10:42:34','2023-10-02 11:53:51',5),(246,'Scissors, Metzenbaum, Small','Small metz','','2023-09-28 11:08:21',NULL,10),(247,'Forceps, Bone, Crab Claw, Small','Small crabclaw','','2023-09-28 11:12:04',NULL,5),(248,'Forceps, Bone, Crab Claw, Medium','Forceps, Bone, Crab Claw, Medium','','2023-09-28 11:12:17',NULL,5),(249,'Forceps, Bone, Crab Claw, Large','Forceps, Bone, Crab Claw, Large','','2023-09-28 11:12:29',NULL,5),(250,'Forceps, Bone, Kern, Small','Forceps, Bone, Kern , Small','','2023-09-28 11:13:07','2023-09-28 11:13:39',5),(251,'Forceps, Bone, Kern, Medium','Forceps, Bone, Kern , Medium','','2023-09-28 11:13:18','2023-09-28 11:13:44',5),(252,'Forceps, Bone, Kern, Large','Forceps, Bone, Kern, Large','','2023-09-28 11:13:34',NULL,5),(253,'Clamp, Bone, ASIF, Large, Speedlock','Clamp, Bone, ASIF, Large, Speedlock','','2023-09-28 11:14:33',NULL,5),(254,'Clamp, Bone, ASIF, Small, Speedlock','Clamp, Bone, ASIF, Small, Speedlock','','2023-09-28 11:14:43',NULL,5),(255,'Clamp, Bone, ASIF, Small, Ratchet','Clamp, Bone, ASIF, Small, Ratchet','','2023-09-28 11:17:25',NULL,5),(256,'Clamp, Bone, ASIF, Large, Ratchet','Clamp, Bone, ASIF, Large, Ratchet','','2023-09-28 11:17:35',NULL,5),(257,'Forceps, Rongeur, Single Action','Single action rongeur','','2023-09-28 11:19:15',NULL,5),(258,'Curette, Ear, Angled, 45','Ear curette, 45 degree','','2023-09-29 09:26:22','2023-10-02 15:31:23',10),(259,'Handle, Scalpel','Blade Handle','','2023-10-02 11:23:22',NULL,20),(260,'Needle Driver, Mayo-Hegar','Mayo-Hegar Needle Holder','','2023-10-02 11:26:06',NULL,10),(261,'Needle Driver, Ortho','Ortho needle driver','','2023-10-02 11:27:56',NULL,20),(262,'Drill, Guide, Threaded 2.8','Drill, Guide, Threaded 2.8','','2023-10-02 11:36:07',NULL,8),(263,'Drill, Guide, Threaded 2.0','Drill, Guide, Threaded 2.0','','2023-10-02 11:36:17',NULL,8),(264,'Sterilometer','Sterilometer for confirming sterility.','','2023-10-02 11:40:11',NULL,100),(265,'Plate Bending Irons','Synthes plate bending irons','','2023-10-02 11:48:33',NULL,10),(266,'Bar, Alignment, 6\"','Alignment Bar 6\"','','2023-10-02 11:52:13',NULL,6),(267,'Bar, Alignment, 4\"','Bar, Alignment, 4\"','','2023-10-02 11:52:25',NULL,6),(268,'Osteotome, #10','#10 Osteotome','','2023-10-02 11:52:48',NULL,8),(269,'Handle, Tap, T','T-Handle for taps','','2023-10-02 11:53:25',NULL,4),(270,'Pin, 1/8, Partially Threaded','Pin, 1/8, Partially Threaded','','2023-10-02 11:54:20',NULL,20),(271,'Pin, 1/8, Smooth','Smooth 1/8 Pin','','2023-10-02 11:54:37',NULL,20),(272,'Pin, 1/16 (0.062), Partially Threaded','Pin, 1/16 (0.062), Partially Threaded','','2023-10-02 11:55:01',NULL,20),(273,'Pin, 1/16 (0.062), Smooth','Pin, 1/16 (0.062), Smooth','','2023-10-02 11:55:21',NULL,20),(274,'Set Screw, Jig','Extra jig screw','','2023-10-02 11:55:41',NULL,5),(275,'Set Screw, Saw','Extra saw set screw','','2023-10-02 11:55:57',NULL,5),(276,'Drill Bit, 2.0','2.0 Drill Bit','','2023-10-02 11:56:40',NULL,10),(277,'Drill Tap, 2.0','2.0 Tap','','2023-10-02 11:57:17',NULL,5),(278,'Drill Tap, 4.0','Drill Tap, 4.0','','2023-10-02 11:59:11',NULL,5),(279,'Screw, Cortical, 4.0, 16mm','Screw, Cortical, 4.0, 16mm','','2023-10-02 12:09:50',NULL,20),(280,'Screw, Cortical, 4.0, 18mm','Screw, Cortical, 4.0, 18mm','','2023-10-02 12:10:00',NULL,20),(281,'Screw, Cortical, 4.0, 20mm','Screw, Cortical, 4.0, 20','','2023-10-02 12:10:15',NULL,20),(282,'Screw, Cortical, 4.0, 22mm','Screw, Cortical, 4.0, 22mm','','2023-10-02 12:10:33',NULL,20),(283,'Screw, Cortical, 4.0, 24mm','Screw, Cortical, 4.0, 24mm','','2023-10-02 12:10:44',NULL,20),(284,'Screw, Cortical, 4.0, 26mm','Screw, Cortical, 4.0, 26mm','','2023-10-02 12:12:26',NULL,20),(285,'Screw, Cortical, 4.0, 28mm','Screw, Cortical, 4.0, 28mm','','2023-10-02 12:13:02',NULL,20),(286,'Screw, Cortical, 4.0, 30mm','Screw, Cortical, 4.0, 30mm','','2023-10-02 12:13:12',NULL,20),(287,'Screw, Cortical, 4.0, 32mm','Screw, Cortical, 4.0, 32mm','','2023-10-02 12:13:27',NULL,20),(288,'Screw, Cortical, 4.0, 35mm','Screw, Cortical, 4.0, 35mm','','2023-10-02 12:13:37',NULL,20),(289,'Screw, Cortical, 4.0, 40mm','Screw, Cortical, 4.0, 40mm','','2023-10-02 12:13:47',NULL,20),(290,'Screw, Cortical, 4.0, 45mm','Screw, Cortical, 4.0, 45mm','','2023-10-02 12:13:58',NULL,20),(291,'Screw, Cortical, 4.0, 50mm','Screw, Cortical, 4.0, 50mm','','2023-10-02 12:14:08',NULL,20),(292,'Screw, Cortical, 4.0, 55mm','Screw, Cortical, 4.0, 55mm','','2023-10-02 12:14:45',NULL,20),(293,'Drill Guide, 3.5, Green/Gold DCP','Green / Gold drill guide.','','2023-10-02 12:23:20',NULL,5),(294,'Wire, Cerclage, #18','Spool of Wire, Cerclage, #18','','2023-10-02 12:35:15',NULL,20),(295,'Wire, Cerclage, #20','Spool of Wire, Cerclage, #20','','2023-10-02 12:35:37',NULL,2),(296,'Hand Chuck, Key','Key for Hand Chuck','','2023-10-02 12:35:54',NULL,20),(297,'Hand Chuck, Extension','Extension for hand chuck','','2023-10-02 12:36:07',NULL,20),(298,'KWire, 0.062','0.062 KWire','','2023-10-02 12:37:42',NULL,20),(299,'Pin, 5/64','5/64 Pin','','2023-10-02 12:39:22',NULL,20),(300,'Pin, 3/32','3/32 Pin','','2023-10-02 12:39:44',NULL,20),(301,'KWire, 0.045','0.045 KWire','','2023-10-02 13:18:04',NULL,20),(302,'Kwire, 0.035','0.035 Kwire','','2023-10-02 13:18:17',NULL,20),(303,'Pin, 7/64','Pin, 7/64','','2023-10-02 13:18:57',NULL,20),(304,'Pin, 9/64','Pin, 9/64','','2023-10-02 13:19:21',NULL,20),(305,'Pin, 5/32','Pin, 5/32','','2023-10-02 13:19:42',NULL,20),(306,'Pin, 3/16','Pin, 3/16','','2023-10-02 13:19:53',NULL,20),(307,'Pin, 1/14','Pin, 1/14','','2023-10-02 13:20:05',NULL,20),(308,'Saw, Sagittal, Hand Piece','Saw, Sagittal, Hand Piece','','2023-10-02 13:24:08',NULL,3),(309,'Saw, Sagittal, Cable','Saw, Sagittal, Cable','','2023-10-02 13:24:16',NULL,3),(310,'Saw, Sagittal, Blade','Saw, Sagittal, Blade','','2023-10-02 13:24:29',NULL,5),(311,'Saw, Sagittal, Allen Wrench','Sagittal Saw allen wrench','','2023-10-02 13:24:48',NULL,5),(312,'Saw, Oscillating, Hand Piece','Saw, Oscillating, Hand Piece','','2023-10-02 13:25:27',NULL,3),(313,'Saw, Oscillating, Cable','Saw, Oscillating, Cable','','2023-10-02 13:25:36',NULL,5),(314,'Saw, Oscillating, Key','Saw, Oscillating, Key','','2023-10-02 13:25:49',NULL,3),(315,'Saw, Oscillating, Blade','Saw, Oscillating, Blade','','2023-10-02 13:26:00',NULL,5),(316,'Screwdriver, Hex Head, Small','Small hexagon screwdriver w/ holding sleeve','','2023-10-02 13:29:09',NULL,2),(317,'Slocum 2.7 Jig','Slocum 2.7 Jig','','2023-10-02 13:30:40',NULL,3),(318,'Drill Guide, 1.5/2.0 Green/Gold DCP','Drill Guide, 1.5/2.0 Green/Gold DCP','','2023-10-02 13:31:24',NULL,3),(319,'Drill Guide, 2.0/2.7 Green/Gold DCP','Drill Guide, 2.0/2.7 Green/Gold DCP','','2023-10-02 13:31:45',NULL,3),(320,'Sleeve, Drill, 1.5','Sleeve, Drill, 1.5','','2023-10-02 13:32:06',NULL,10),(321,'Sleeve, Drill, 2.0','Sleeve, Drill, 2.0','','2023-10-02 13:32:14',NULL,5),(322,'Handle, Quick Coupling, 2.0','Handle, Quick Coupling, 2.0','','2023-10-02 13:32:31',NULL,5),(323,'Drill Tap, 2.7','2.7 Drill Tap','','2023-10-02 13:33:26',NULL,5),(324,'Sleeve, Drill, 1.8','Sleeve, Drill, 1.8','','2023-10-02 13:34:50',NULL,5),(325,'Sleeve, Drill, 2.4','Sleeve, Drill, 2.4','','2023-10-02 13:34:57',NULL,5),(326,'Screw, Cortical, 2.0, 22mm','Screw, Cortical, 2.0, 22mm','','2023-10-02 13:42:35',NULL,20),(327,'Screw, Cortical, 2.0, 24mm','Screw, Cortical, 2.0, 24mm','','2023-10-02 13:42:46',NULL,20),(328,'Screw, Cortical, 2.0, 26mm','Screw, Cortical, 2.0, 26mm','','2023-10-02 13:42:53',NULL,10),(329,'Screw, Cortical, 2.0, 28mm','Screw, Cortical, 2.0, 28mm','','2023-10-02 13:43:10',NULL,20),(330,'Screw, Cortical, 2.0, 30mm','Screw, Cortical, 2.0, 30mm','','2023-10-02 13:43:20',NULL,20),(331,'Screw, Cortical, 2.0, 32mm','Screw, Cortical, 2.0, 32mm','','2023-10-02 13:43:27',NULL,10),(332,'Countersink, 2.7','Countersink, 2.7','','2023-10-02 13:49:44',NULL,3),(333,'Sleeve, Drill, 2.7','Sleeve, Drill, 2.7','','2023-10-02 13:50:00',NULL,3),(334,'Sleeve, Drill, 3.5','Sleeve, Drill, 3.5','','2023-10-02 13:50:14',NULL,10),(335,'Washer, Smooth, 7.0','Washer, Smooth, 7.0','','2023-10-02 13:50:43',NULL,10),(336,'Plate, 2.7, LC-DCP, 4 Hole','Plate, 2.7, LC-DCP, 4 Hole','','2023-10-02 13:52:04','2023-10-02 13:52:17',5),(337,'Plate, 2.7, LC-DCP, 5 Hole','Plate, 2.7, LC-DCP, 5 Hole','','2023-10-02 13:54:00',NULL,10),(338,'Plate, 2.7, LC-DCP, 6 Hole','Plate, 2.7, LC-DCP, 6 Hole','','2023-10-02 13:54:14',NULL,10),(339,'Plate, 2.7, LC-DCP, 7 Hole','Plate, 2.7, LC-DCP, 7 Hole','','2023-10-02 13:54:28',NULL,10),(340,'Plate, 2.7, LC-DCP, 8 Hole','Plate, 2.7, LC-DCP, 8 Hole','','2023-10-02 13:54:42',NULL,10),(341,'Plate, 2.7, LC-DCP, 9 Hole','Plate, 2.7, LC-DCP, 9 Hole','','2023-10-02 13:54:51',NULL,10),(342,'Plate, 2.7, LC-DCP, 10 Hole','Plate, 2.7, LC-DCP, 10 Hole','','2023-10-02 13:54:59',NULL,10),(343,'Plate, 2.7, LC-DCP, 11 Hole','Plate, 2.7, LC-DCP, 11 Hole','','2023-10-02 13:55:07',NULL,10),(344,'Plate, 2.7, LC-DCP, 12 Hole','Plate, 2.7, LC-DCP, 12 Hole','','2023-10-02 13:55:16',NULL,10),(345,'Plate, 3.5, LC-DCP, 4 Hole','Plate, 3.5, LC-DCP, 4 Hole','','2023-10-02 13:55:51',NULL,10),(346,'Plate, 3.5, LC-DCP, 5 Hole','Plate, 3.5, LC-DCP, 5 Hole','','2023-10-02 13:56:00',NULL,10),(347,'Plate, 3.5, LC-DCP, 6 Hole','Plate, 3.5, LC-DCP, 6 Hole','','2023-10-02 13:56:08',NULL,10),(348,'Plate, 3.5, LC-DCP, 7 Hole','Plate, 3.5, LC-DCP, 7 Hole','','2023-10-02 13:56:17',NULL,10),(349,'Plate, 3.5, LC-DCP, 8 Hole','Plate, 3.5, LC-DCP, 8 Hole','','2023-10-02 13:56:31',NULL,10),(350,'Plate, 3.5, LC-DCP, 9 Hole','Plate, 3.5, LC-DCP, 9 Hole','','2023-10-02 13:56:39',NULL,10),(351,'Plate, 3.5, LC-DCP, 10 Hole','Plate, 3.5, LC-DCP, 10 Hole','','2023-10-02 13:56:48',NULL,10),(352,'Plate, 3.5, LC-DCP, 11 Hole','Plate, 3.5, LC-DCP, 11 Hole','','2023-10-02 13:56:59',NULL,10),(353,'Plate, 3.5, LC-DCP, 12 Hole','Plate, 3.5, LC-DCP, 12 Hole','','2023-10-02 13:57:07',NULL,10),(354,'Plate, 3.5, LC-DCP, Broad, 7 Hole','Plate, 3.5, LC-DCP, Broad, 7 Hole','','2023-10-02 14:00:01',NULL,10),(355,'Plate, 3.5, LC-DCP, Broad, 8 Hole','Plate, 3.5, LC-DCP, Broad, 8 Hole','','2023-10-02 14:00:12',NULL,10),(356,'Plate, 3.5, LC-DCP, Broad, 9 Hole','Plate, 3.5, LC-DCP, Broad, 9 Hole','','2023-10-02 14:00:20',NULL,10),(357,'Plate, 3.5, LC-DCP, Broad, 10 Hole','Plate, 3.5, LC-DCP, Broad, 10 Hole','','2023-10-02 14:00:29',NULL,10),(358,'Plate, 3.5, LC-DCP, Broad, 11 Hole','Plate, 3.5, LC-DCP, Broad, 11 Hole','','2023-10-02 14:00:36',NULL,10),(359,'Plate, 3.5, LC-DCP, Broad, 12 Hole','Plate, 3.5, LC-DCP, Broad, 12 Hole','','2023-10-02 14:00:46',NULL,10),(360,'Plate, 3.5, LC-DCP, Broad, 13 Hole','Plate, 3.5, LC-DCP, Broad, 13 Hole','','2023-10-02 14:00:54',NULL,10),(361,'Plate, 3.5, LC-DCP, Broad, 14 Hole','Plate, 3.5, LC-DCP, Broad, 14 Hole','','2023-10-02 14:01:04',NULL,10),(362,'Plate, 2.0/1.5, Cuttable, 50 Hole','Plate, 2.0/1.5, Cuttable, 50 Hole','','2023-10-02 14:01:44','2023-10-02 14:03:04',10),(363,'Plate, 2.7/2.0, Cuttable, 50 Hole','Plate, 2.7/2.0, Cuttable, 50 Hole','','2023-10-02 14:01:59','2023-10-02 14:02:58',10),(364,'Plate, 1.5, Round Edge Cuttable','Plate, 1.5, Round Edge Cuttable','','2023-10-02 14:03:23',NULL,10),(365,'Plate, 2.0, Round Edge Cuttable','Plate, 2.0, Round Edge Cuttable','','2023-10-02 14:03:35',NULL,10),(366,'Handle, Tap, Wooden','Wooden Tap Handle','','2023-10-02 14:05:18',NULL,3),(367,'Drill, Micro Aire, Hand Piece','Drill, Micro Aire, Hand Piece','','2023-10-02 14:21:39',NULL,5),(368,'Drill, Micro Aire, Hose','Drill, Micro Aire, Hose','','2023-10-02 14:21:48',NULL,5),(369,'Drill, Micro Aire, Sagittal Saw Coupler','Drill, Micro Aire, Sagittal Saw Coupler','','2023-10-02 14:22:01',NULL,5),(370,'Drill, Micro Aire, Wire Driver Coupler','Drill, Micro Aire, Wire Driver Coupler','','2023-10-02 14:22:17',NULL,5),(371,'Drill, Micro Aire, Pin Driver Coupler','Drill, Micro Aire, Pin Driver Coupler','','2023-10-02 14:22:28',NULL,5),(372,'Drill, Micro Aire, Jacob\'s Driver Coupler','Drill, Micro Aire, Jacob\'s Driver Coupler','','2023-10-02 14:23:10',NULL,5),(373,'Drill, Micro Aire, Synthes Driver Coupler','Drill, Micro Aire, Synthes Driver Coupler','','2023-10-02 14:23:48',NULL,5),(374,'Blade, Saw, Sagittal 4.0mm','Blade, Saw, Sagittal 4.0mm','','2023-10-02 14:25:50',NULL,5),(375,'Blade, Saw, Sagittal 14.0mm','Blade, Saw, Sagittal 14.0mm','','2023-10-02 14:26:00',NULL,5),(376,'Drill, TPS Micro Driver, Handpiece','Drill, TPS Micro Driver, Handpiece','','2023-10-02 14:26:38',NULL,3),(377,'Drill, TPS Micro Driver, Cable','Drill, TPS Micro Driver, Cable','','2023-10-02 14:26:50',NULL,3),(378,'Drill, TPS Micro Driver, Synthes Chuck Coupler','Drill, TPS Micro Driver, Synthes Chuck Coupler','','2023-10-02 14:27:31',NULL,3),(379,'Drill, TPS Micro Driver, Jacob\'s Chuck Coupler','Drill, TPS Micro Driver, Jacob\'s Chuck Coupler','','2023-10-02 14:27:50',NULL,3),(380,'Drill, TPS Micro Driver, Jacob\'s Chuck Coupler, Key','Drill, TPS Micro Driver, Jacob\'s Chuck Coupler, Key','','2023-10-02 14:28:01',NULL,3),(381,'Drill, TPS Micro Driver, Pin Driver Coupler 1.7-1.8','Drill, TPS Micro Driver, Pin Driver Coupler 1.7-1.8','','2023-10-02 14:28:24',NULL,3),(382,'Drill, TPS Micro Driver, Pin Driver Coupler 2.0-3.2','Drill, TPS Micro Driver, Pin Driver Coupler 2.0-3.2','','2023-10-02 14:28:38',NULL,3),(383,'Screw, Cortical, 1.5, 6mm','Screw, Cortical, 1.5, 6mm','','2023-10-02 14:31:40',NULL,20),(384,'Screw, Cortical, 1.5, 7mm','Screw, Cortical, 1.5, 7mm','','2023-10-02 14:31:49',NULL,10),(385,'Screw, Cortical, 1.5, 8mm','Screw, Cortical, 1.5, 8mm','','2023-10-02 14:32:01',NULL,10),(386,'Screw, Cortical, 1.5, 9mm','Screw, Cortical, 1.5, 9mm','','2023-10-02 14:32:11',NULL,10),(387,'Screw, Cortical, 1.5, 10mm','Screw, Cortical, 1.5, 10mm','','2023-10-02 14:32:18',NULL,10),(388,'Screw, Cortical, 1.5, 11mm','Screw, Cortical, 1.5, 11mm','','2023-10-02 14:32:29',NULL,10),(389,'Screw, Cortical, 1.5, 12mm','Screw, Cortical, 1.5, 12mm','','2023-10-02 14:32:36',NULL,10),(390,'Screw, Cortical, 1.5, 14mm','Screw, Cortical, 1.5, 14mm','','2023-10-02 14:32:44',NULL,10),(391,'Screw, Cortical, 1.5, 16mm','Screw, Cortical, 1.5, 16mm','','2023-10-02 14:32:52',NULL,10),(392,'Screw, Cortical, 1.5, 18mm','Screw, Cortical, 1.5, 18mm','','2023-10-02 14:33:01',NULL,10),(393,'Screw, Cortical, 1.5, 20mm','Screw, Cortical, 1.5, 20mm','','2023-10-02 14:33:10',NULL,10),(394,'Screw, Cortical, 2.0, 6mm','Screw, Cortical, 2.0, 6mm','','2023-10-02 14:33:41',NULL,10),(395,'Screw, Cortical, 2.0, 8mm','Screw, Cortical, 2.0, 8mm','','2023-10-02 14:33:48',NULL,10),(396,'Screw, Cortical, 2.0, 10mm','Screw, Cortical, 2.0, 10mm','','2023-10-02 14:33:56',NULL,10),(397,'Screw, Cortical, 2.0, 12mm','Screw, Cortical, 2.0, 12mm','','2023-10-02 14:34:05',NULL,10),(398,'Screw, Cortical, 2.0, 14mm','Screw, Cortical, 2.0, 14mm','','2023-10-02 14:34:12',NULL,10),(399,'Screw, Cortical, 2.0, 16mm','Screw, Cortical, 2.0, 16mm','','2023-10-02 14:34:24',NULL,10),(400,'Screw, Cortical, 2.0, 18mm','Screw, Cortical, 2.0, 18mm','','2023-10-02 14:34:30',NULL,10),(401,'Screw, Cortical, 2.0, 20mm','Screw, Cortical, 2.0, 20mm','','2023-10-02 14:34:39',NULL,10),(402,'Screw, Cortical, 2.0, 34mm','Screw, Cortical, 2.0, 34mm','','2023-10-02 14:34:57',NULL,10),(403,'Screw, Cortical, 2.0, 36mm','Screw, Cortical, 2.0, 36mm','','2023-10-02 14:35:04',NULL,10),(404,'Screw, Cortical, 2.0, 38mm','Screw, Cortical, 2.0, 38mm','','2023-10-02 14:35:15',NULL,10),(405,'Screw, Cortical, 2.0, 40mm','Screw, Cortical, 2.0, 40mm','','2023-10-02 14:35:24',NULL,10),(406,'Screw, Cortical, 2.4, 8mm','Screw, Cortical, 2.4, 8mm','','2023-10-02 14:35:50',NULL,10),(407,'Screw, Cortical, 2.4, 10mm','Screw, Cortical, 2.4, 10mm','','2023-10-02 14:36:02',NULL,10),(408,'Screw, Cortical, 2.4, 12mm','Screw, Cortical, 2.4, 12mm','','2023-10-02 14:36:09',NULL,10),(409,'Screw, Cortical, 2.4, 14mm','Screw, Cortical, 2.4, 14mm','','2023-10-02 14:36:17',NULL,10),(410,'Screw, Cortical, 2.4, 16mm','Screw, Cortical, 2.4, 16mm','','2023-10-02 14:36:24',NULL,10),(411,'Screw, Cortical, 2.4, 18mm','Screw, Cortical, 2.4, 18mm','','2023-10-02 14:36:32',NULL,10),(412,'Screw, Cortical, 2.4, 20mm','Screw, Cortical, 2.4, 20mm','','2023-10-02 14:36:38',NULL,10),(413,'Screw, Cortical, 2.4, 22mm','Screw, Cortical, 2.4, 22mm','','2023-10-02 14:36:46',NULL,10),(414,'Screw, Cortical, 2.4, 24mm','Screw, Cortical, 2.4, 24mm','','2023-10-02 14:36:54',NULL,10),(415,'Screw, Cortical, 2.4, 26mm','Screw, Cortical, 2.4, 26mm','','2023-10-02 14:37:19',NULL,10),(416,'Screw, Cortical, 2.4, 28mm','Screw, Cortical, 2.4, 28mm','','2023-10-02 14:37:27',NULL,10),(417,'Screw, Cortical, 2.4, 30mm','Screw, Cortical, 2.4, 30mm','','2023-10-02 14:37:33',NULL,10),(418,'Screw, Cortical, 2.4, 32mm','Screw, Cortical, 2.4, 32mm','','2023-10-02 14:37:41',NULL,10),(419,'Screw, Cortical, 2.4, 34mm','Screw, Cortical, 2.4, 34mm','','2023-10-02 14:37:47',NULL,10),(420,'Screw, Cortical, 2.4, 36mm','Screw, Cortical, 2.4, 36mm','','2023-10-02 14:37:53',NULL,10),(421,'Screw, Cortical, 2.4, 38mm','Screw, Cortical, 2.4, 38mm','','2023-10-02 14:37:59',NULL,10),(422,'Screw, Cortical, 2.4, 40mm','Screw, Cortical, 2.4, 40mm','','2023-10-02 14:38:06',NULL,10),(423,'Screw, Cortical, 2.7, 6mm','Screw, Cortical, 2.7, 6mm','','2023-10-02 14:55:33',NULL,10),(424,'Screw, Cortical, 2.7, 8mm','Screw, Cortical, 2.7, 8mm','','2023-10-02 14:55:46',NULL,10),(425,'Screw, Cortical, 2.7, 10mm','Screw, Cortical, 2.7, 10mm','','2023-10-02 14:56:00',NULL,10),(426,'Screw, Cortical, 2.7, 12mm','Screw, Cortical, 2.7, 12mm','','2023-10-02 14:56:07',NULL,10),(427,'Screw, Cortical, 2.7, 14mm','Screw, Cortical, 2.7, 14mm','','2023-10-02 14:56:13',NULL,10),(428,'Screw, Cortical, 2.7, 16mm','Screw, Cortical, 2.7, 16mm','','2023-10-02 14:56:20',NULL,10),(429,'Screw, Cortical, 2.7, 18mm','Screw, Cortical, 2.7, 18mm','','2023-10-02 14:56:27',NULL,10),(430,'Screw, Cortical, 2.7, 20mm','Screw, Cortical, 2.7, 20mm','','2023-10-02 14:56:34',NULL,10),(431,'Screw, Cortical, 2.7, 22mm','Screw, Cortical, 2.7, 22mm','','2023-10-02 14:56:40',NULL,10),(432,'Screw, Cortical, 2.7, 24mm','Screw, Cortical, 2.7, 24mm','','2023-10-02 14:56:47',NULL,10),(433,'Screw, Cortical, 2.7, 26mm','Screw, Cortical, 2.7, 26mm','','2023-10-02 14:57:00',NULL,10),(434,'Screw, Cortical, 2.7, 28mm','Screw, Cortical, 2.7, 28mm','','2023-10-02 14:57:09',NULL,10),(435,'Screw, Cortical, 2.7, 30mm','Screw, Cortical, 2.7, 30mm','','2023-10-02 14:57:17',NULL,10),(436,'Screw, Cortical, 2.7, 32mm','Screw, Cortical, 2.7, 30mm','','2023-10-02 14:57:21',NULL,10),(437,'Screw, Cortical, 2.7, 34mm','Screw, Cortical, 2.7, 34mm','','2023-10-02 14:57:28',NULL,10),(438,'Screw, Cortical, 2.7, 36mm','Screw, Cortical, 2.7, 36mm','','2023-10-02 14:57:38',NULL,10),(439,'Screw, Cortical, 2.7, 38mm','Screw, Cortical, 2.7, 38mm','','2023-10-02 14:57:44',NULL,10),(440,'Screw, Cortical, 2.7, 40mm','Screw, Cortical, 2.7, 40mm','','2023-10-02 14:57:52',NULL,10),(441,'Screw, Cortical, 3.5, 10mm','Screw, Cortical, 3.5, 10mm','','2023-10-02 15:00:57',NULL,10),(442,'Screw, Cortical, 3.5, 46mm','Screw, Cortical, 3.5, 46mm','','2023-10-02 15:01:15',NULL,10),(443,'Screw, Cortical, 3.5, 48mm','Screw, Cortical, 3.5, 48mm','','2023-10-02 15:01:23',NULL,10),(444,'Screw, Cancellous, 4.0, 55mm','Screw, Cancellous, 4.0, 55mm','','2023-10-02 15:01:55',NULL,10),(445,'Screw, Cancellous, 4.0, 10mm','Screw, Cancellous, 4.0, 10mm','','2023-10-02 15:02:16',NULL,10),(446,'Scope, 2.7','Scope, 2.7, 30 degree','','2023-10-02 15:10:07','2023-10-02 15:10:57',1),(447,'Conical Oburator','Conical Oburator','','2023-10-02 15:10:23',NULL,3),(448,'Sheath','Sheath for scope.','','2023-10-02 15:10:34',NULL,3),(449,'Scope, 2.4','Scope 2.4, 30 degree','','2023-10-02 15:10:53',NULL,1),(450,'Plate, 2.7, LCP, 4 Hole','Plate, 2.7, LCP, 4 Hole','','2023-10-02 15:15:49',NULL,10),(451,'Plate, 2.7, LCP, 5 Hole','Plate, 2.7, LCP, 5 Hole','','2023-10-02 15:16:03',NULL,10),(452,'Plate, 2.7, LCP, 6 Hole','Plate, 2.7, LCP, 6 Hole','','2023-10-02 15:16:11','2023-10-02 15:16:23',10),(453,'Plate, 2.7, LCP, 7 Hole','Plate, 2.7, LCP, 7 Hole','','2023-10-02 15:16:19',NULL,10),(454,'Plate, 2.7, LCP, 8 Hole','Plate, 2.7, LCP, 7 Hole','','2023-10-02 15:16:34',NULL,10),(455,'Plate, 2.7, LCP, 9 Hole','Plate, 2.7, LCP, 9 Hole','','2023-10-02 15:16:45',NULL,10),(456,'Plate, 2.7, LCP, 10 Hole','Plate, 2.7, LCP, 10 Hole','','2023-10-02 15:16:52',NULL,10),(457,'Plate, 2.7, LCP, 11 Hole','Plate, 2.7, LCP, 11 Hole','','2023-10-02 15:16:58',NULL,10),(458,'Plate, 2.7, LCP, 12 Hole','Plate, 2.7, LCP, 12 Hole','','2023-10-02 15:17:03',NULL,10),(459,'Plate, 3.5, LCP, 5 Hole','Plate, 3.5, LCP, 5 Hole','','2023-10-02 15:17:46',NULL,10),(460,'Plate, 3.5, LCP, 6 Hole','Plate, 3.5, LCP, 6 Hole','','2023-10-02 15:17:56',NULL,10),(461,'Plate, 3.5, LCP, 7 Hole','Plate, 3.5, LCP, 7 Hole','','2023-10-02 15:18:04',NULL,10),(462,'Plate, 3.5, LCP, 8 Hole','Plate, 3.5, LCP, 8 Hole','','2023-10-02 15:18:17',NULL,10),(463,'Plate, 3.5, LCP, 9 Hole','Plate, 3.5, LCP, 9 Hole','','2023-10-02 15:18:25',NULL,10),(464,'Plate, 3.5, LCP, 10 Hole','Plate, 3.5, LCP, 10 Hole','','2023-10-02 15:18:35',NULL,10),(465,'Plate, 3.5, LCP, 11 Hole','Plate, 3.5, LCP, 11 Hole','','2023-10-02 15:18:44',NULL,10),(466,'Plate, 3.5, LCP, 12 Hole','Plate, 3.5, LCP, 12 Hole','','2023-10-02 15:18:49',NULL,10),(467,'Plate, 3.5, LCP, 13 Hole','Plate, 3.5, LCP, 13 Hole','','2023-10-02 15:18:57',NULL,10),(468,'Plate, 3.5, LCP, 14 Hole','Plate, 3.5, LCP, 14 Hole','','2023-10-02 15:19:05',NULL,10),(469,'Plate, 3.5, LCP, 15 Hole','Plate, 3.5, LCP, 15 Hole','','2023-10-02 15:19:13',NULL,10),(470,'Plate, 3.5, LCP, 16 Hole','Plate, 3.5, LCP, 16 Hole','','2023-10-02 15:19:19',NULL,10),(471,'Plate, 3.5, LCP, Broad, 7 Hole','Plate, 3.5, LCP, Broad, 7 Hole','','2023-10-02 15:19:37',NULL,10),(472,'Plate, 3.5, LCP, Broad, 8 Hole','Plate, 3.5, LCP, Broad, 8 Hole','','2023-10-02 15:19:57',NULL,10),(473,'Plate, 3.5, LCP, Broad, 9 Hole','Plate, 3.5, LCP, Broad, 9 Hole','','2023-10-02 15:20:03',NULL,10),(474,'Plate, 3.5, LCP, Broad, 10 Hole','Plate, 3.5, LCP, Broad, 10 Hole','','2023-10-02 15:20:08',NULL,10),(475,'Plate, 3.5, LCP, Broad, 11 Hole','Plate, 3.5, LCP, Broad, 11 Hole','','2023-10-02 15:20:29',NULL,10),(476,'Plate, 3.5, LCP, Broad, 12 Hole','Plate, 3.5, LCP, Broad, 12 Hole','','2023-10-02 15:20:39',NULL,10),(477,'Plate, 3.5, LCP, Broad, 13 Hole','Plate, 3.5, LCP, Broad, 13 Hole','','2023-10-02 15:20:45',NULL,10),(478,'Plate, 3.5, LCP, Broad, 14 Hole','Plate, 3.5, LCP, Broad, 14 Hole','','2023-10-02 15:20:52',NULL,10),(479,'Plate, 3.5, LCP, Broad, 15 Hole','Plate, 3.5, LCP, Broad, 15 Hole','','2023-10-02 15:21:04',NULL,10),(480,'Plate, 3.5, LCP, Broad, 16 Hole','Plate, 3.5, LCP, Broad, 16 Hole','','2023-10-02 15:21:15',NULL,10),(481,'Plate, 3.5, LCP, Broad, 17 Hole','Plate, 3.5, LCP, Broad, 17 Hole','','2023-10-02 15:21:22',NULL,10),(482,'Plate, 3.5, LCP, Broad, 18 Hole','Plate, 3.5, LCP, Broad, 18 Hole','','2023-10-02 15:21:30',NULL,10),(483,'Plate, 3.5, LCP, Broad, 20 Hole','Plate, 3.5, LCP, Broad, 20 Hole','','2023-10-02 15:21:37',NULL,10),(484,'Plate, 3.5, LCP, Broad, 22 Hole','Plate, 3.5, LCP, Broad, 22 Hole','','2023-10-02 15:21:44',NULL,10),(485,'Drill, Hall Air, Hand Piece','Drill, Hall Air, Hand Piece','','2023-10-02 15:27:45','2023-10-02 15:28:13',2),(486,'Drill, Hall Air, Hose','Drill, Hall Air, Hose','','2023-10-02 15:28:05',NULL,1),(487,'Drill, Hall Air, Burrs','Drill, Hall Air, Burrs, Back Pack, Variety, Burr','','2023-10-02 15:30:40',NULL,3),(488,'Drill, Hall Air, Burr Guards','Drill, Hall Air, Burr Guards, Variety, Back','','2023-10-02 15:30:54',NULL,3),(489,'Curette, Ear, Angled, 90','Curette, Ear, Angled, 90 degree','','2023-10-02 15:31:36',NULL,10),(490,'Hook, Cross Ear, With Spoon','Hook, Cross Ear, With Spoon','','2023-10-02 15:31:54',NULL,10),(491,'Curette, Excavator','Curette, Excavator','','2023-10-02 15:32:08',NULL,3),(492,'Pick, Root Tip','Pick, Root Tip','','2023-10-02 15:32:17',NULL,10),(493,'Retractor, Inge Lamina','Inge Lamina Spreader','','2023-10-02 15:33:27',NULL,2),(494,'Dean Knife Needle','Disc Knife','','2023-10-02 15:33:36',NULL,2),(495,'Forceps, Dressing, Bishop Harmon w/o Teeth','Forceps, Dressing, Bishop Harmon without Teeth','','2023-10-02 15:34:16',NULL,1),(496,'Forceps, Tissue, Bishop Harmon w/ Teeth','Forceps, Tissue, Bishop Harmon w/ Teeth','','2023-10-02 15:34:28',NULL,2),(497,'Suction, Frazier Tip, #7','Suction, Frazier Tip, #7','','2023-10-02 15:34:52',NULL,1),(498,'Washer, Smooth, 4.5','Washer, Smooth, 4.5','','2023-10-02 15:50:45',NULL,10),(499,'Plate, 1.5, T, 4 Holes','Plate, 1.5, T, 4 Holes','','2023-10-02 15:51:13',NULL,3),(500,'Plate, 2.0, T, 4 Holes','Plate, 2.0, T, 4 Holes','','2023-10-02 15:51:27',NULL,4),(501,'Plate, 1.5, LC-DCP, 4 Hole','Plate, 1.5, LC-DCP, 4 Hole','','2023-10-02 15:52:16',NULL,10),(502,'Plate, 1.5, LC-DCP, 5 Hole','Plate, 1.5, LC-DCP, 5 Hole','','2023-10-02 15:52:25',NULL,10),(503,'Plate, 1.5, LC-DCP, 6 Hole','Plate, 1.5, LC-DCP, 6 Hole','','2023-10-02 15:52:32',NULL,10),(504,'Plate, 1.5, LC-DCP, 7 Hole','Plate, 1.5, LC-DCP, 7 Hole','','2023-10-02 15:52:40',NULL,10),(505,'Plate, 1.5, LC-DCP, 8 Hole','Plate, 1.5, LC-DCP, 8 Hole','','2023-10-02 15:52:47',NULL,10),(506,'Plate, 1.5, LC-DCP, 9 Hole','Plate, 1.5, LC-DCP, 9 Hole','','2023-10-02 15:52:57',NULL,10),(507,'Plate, 1.5, LC-DCP, 10 Hole','Plate, 1.5, LC-DCP, 10 Hole','','2023-10-02 15:53:05',NULL,10),(508,'Plate, 2.0, LC-DCP, 4 Hole','Plate, 2.0, LC-DCP, 4 Hole','','2023-10-02 15:53:34',NULL,10),(509,'Plate, 2.0, LC-DCP, 5 Hole','Plate, 2.0, LC-DCP, 5 Hole','','2023-10-02 15:53:39',NULL,10),(510,'Plate, 2.0, LC-DCP, 6 Hole','Plate, 2.0, LC-DCP, 6 Hole','','2023-10-02 15:53:46',NULL,10),(511,'Plate, 2.0, LC-DCP, 7 Hole','Plate, 2.0, LC-DCP, 7 Hole','','2023-10-02 15:53:55',NULL,10),(512,'Plate, 2.0, LC-DCP, 8 Hole','Plate, 2.0, LC-DCP, 8 Hole','','2023-10-02 15:54:03',NULL,10),(513,'Plate, 2.0, LC-DCP, 9 Hole','Plate, 2.0, LC-DCP, 9 Hole','','2023-10-02 15:54:08',NULL,10),(514,'Plate, 2.0, LC-DCP, 10 Hole','Plate, 2.0, LC-DCP, 10 Hole','','2023-10-02 15:54:13',NULL,10),(515,'Plate, 2.4, LC-DCP, 4 Hole','Plate, 2.4, LC-DCP, 4 Hole','','2023-10-02 15:54:30',NULL,10),(516,'Plate, 2.4, LC-DCP, 5 Hole','Plate, 2.4, LC-DCP, 5 Hole','','2023-10-02 15:54:37',NULL,10),(517,'Plate, 2.4, LC-DCP, 6 Hole','Plate, 2.4, LC-DCP, 6 Hole','','2023-10-02 15:54:43',NULL,10),(518,'Plate, 2.4, LC-DCP, 7 Hole','Plate, 2.4, LC-DCP, 7 Hole','','2023-10-02 15:54:50',NULL,10),(519,'Plate, 2.4, LC-DCP, 8 Hole','Plate, 2.4, LC-DCP, 8 Hole','','2023-10-02 15:54:56',NULL,10),(520,'Plate, 2.4, LC-DCP, 9 Hole','Plate, 2.4, LC-DCP, 9 Hole','','2023-10-02 15:55:02',NULL,10),(521,'Plate, 1.5, Straight Cuttable','10','','2023-10-02 15:55:35',NULL,10),(522,'Plate, 2.0, Straight Cuttable','Plate, 2.0, Straight Cuttable','','2023-10-02 15:55:44',NULL,10),(523,'Plate, 2.0, T, 3.8mm, 4 Holes','Plate, 2.0, T, 3.8mm, 4 Holes','','2023-10-02 15:56:52',NULL,10),(524,'Plate, 2.0, T, Finger Plate, 2 Hole','Plate, 2.0, T, Finger Plate, 2 Hole','','2023-10-02 15:57:06',NULL,2),(525,'Plate, Acetabular, Extra Small','Plate, Acetabular, Extra Small','','2023-10-02 15:57:26',NULL,10),(526,'Plate, Acetabular, Small','Plate, Acetabular, Small','','2023-10-02 15:57:38',NULL,10),(527,'Plate, 2.0, Arthrodesis','2.0 Arthrodesis Plate','','2023-10-02 15:57:53',NULL,10),(528,'Plate, 2.0, L, Finger, Left','Plate, 2.0, L, Finger, Left','','2023-10-02 15:58:27',NULL,10),(529,'Plate, 2.0, L, Finger, Right','Plate, 2.0, L, Finger, Right','','2023-10-02 15:58:34',NULL,10),(530,'Plate, 2.0, Oblique, Finger, Left','Plate, 2.0, Oblique, Finger, Left','','2023-10-02 15:58:52',NULL,10),(531,'Plate, 2.0, Oblique, Finger, Right','Plate, 2.0, Oblique, Finger, Right','','2023-10-02 15:58:59',NULL,10),(532,'Drill Guide, 2.4/1.8','Drill Guide, 2.4/1.8','','2023-10-02 16:00:22',NULL,10),(533,'Drill Guide, 2.0/1.5','Drill Guide, 2.0/1.5','','2023-10-02 16:00:41',NULL,10),(534,'Sleeve, Drill, 1.1','Sleeve Drill 1.1','','2023-10-02 16:00:55',NULL,10),(535,'Handle, Quick Coupling, Small','Handle, Quick Coupling, Small','','2023-10-02 16:02:40',NULL,10),(536,'Countersink, Mini','Mini Countersink','','2023-10-02 16:03:48',NULL,5);
/*!40000 ALTER TABLE `instruments` ENABLE KEYS */;
UNLOCK TABLES;

--
-- Table structure for table `instruments_and_procedures`
--

DROP TABLE IF EXISTS `instruments_and_procedures`;
/*!40101 SET @saved_cs_client     = @@character_set_client */;
/*!50503 SET character_set_client = utf8mb4 */;
CREATE TABLE `instruments_and_procedures` (
  `instrument_id` int DEFAULT NULL,
  `procedure_id` int DEFAULT NULL,
  `quantity` int NOT NULL DEFAULT '1',
  KEY `instrument_id` (`instrument_id`),
  KEY `procedure_id` (`procedure_id`),
  CONSTRAINT `instruments_and_procedures_ibfk_1` FOREIGN KEY (`instrument_id`) REFERENCES `instruments` (`id`),
  CONSTRAINT `instruments_and_procedures_ibfk_2` FOREIGN KEY (`procedure_id`) REFERENCES `procedures` (`id`)
) ENGINE=InnoDB DEFAULT CHARSET=utf8mb4 COLLATE=utf8mb4_0900_ai_ci;
/*!40101 SET character_set_client = @saved_cs_client */;

--
-- Dumping data for table `instruments_and_procedures`
--

LOCK TABLES `instruments_and_procedures` WRITE;
/*!40000 ALTER TABLE `instruments_and_procedures` DISABLE KEYS */;
INSERT INTO `instruments_and_procedures` VALUES (5,1,1),(23,3,1);
/*!40000 ALTER TABLE `instruments_and_procedures` ENABLE KEYS */;
UNLOCK TABLES;

--
-- Table structure for table `packs`
--

DROP TABLE IF EXISTS `packs`;
/*!40101 SET @saved_cs_client     = @@character_set_client */;
/*!50503 SET character_set_client = utf8mb4 */;
CREATE TABLE `packs` (
  `id` int NOT NULL AUTO_INCREMENT,
  `name` varchar(255) DEFAULT NULL,
  `created_at` datetime DEFAULT CURRENT_TIMESTAMP,
  `updated_at` datetime DEFAULT NULL,
  `notes` varchar(255) DEFAULT NULL,
  PRIMARY KEY (`id`),
  UNIQUE KEY `ix_packs_name` (`name`),
  KEY `ix_packs_id` (`id`)
) ENGINE=InnoDB AUTO_INCREMENT=35 DEFAULT CHARSET=utf8mb4 COLLATE=utf8mb4_0900_ai_ci;
/*!40101 SET character_set_client = @saved_cs_client */;

--
-- Dumping data for table `packs`
--

LOCK TABLES `packs` WRITE;
/*!40000 ALTER TABLE `packs` DISABLE KEYS */;
INSERT INTO `packs` VALUES (1,'Ortho Pack','2023-09-21 20:17:35','2023-10-02 12:15:47','Ortho pack'),(2,'Arthrex Drill 1','2023-09-23 12:55:21','2023-10-02 12:15:30','No Sagittal Saw attachment'),(3,'Arthrex Drill 2','2023-09-23 12:57:15','2023-10-02 12:15:36','No pin collet'),(4,'Basic Pack','2023-09-26 08:17:33',NULL,'Part of every good setup'),(5,'TPLO Complete Set','2023-09-26 10:02:12',NULL,'Instruments, Screws, and plates.'),(6,'TPLO Locking Set','2023-09-26 10:02:27','2023-10-02 11:46:44','All instruments except screwdriver in Chexall pack.'),(7,'TPLO Mini Set','2023-09-26 10:02:36',NULL,'Instruments, Screws, and plates.'),(8,'Mini Frag Set','2023-09-26 10:02:54',NULL,'Instruments, Screws, and plates.'),(9,'Synthes Small Frag Plates (2.7-3.5)','2023-09-26 10:03:00','2023-10-02 15:13:24','Synthes Small Frag Plates (2.7-3.5)'),(10,'MicroAire Drill','2023-09-26 10:03:30',NULL,'Instruments, Screws, and plates.'),(11,'TPLO Saw','2023-09-26 10:04:02',NULL,'Saw, hose, 24 blade.'),(12,'Saggital Saw','2023-09-26 10:04:16',NULL,'Saw, hose.'),(13,'Oscillating Saw','2023-09-26 10:04:29',NULL,'Saw, hose.'),(14,'Minor Pack','2023-09-26 10:05:11',NULL,'Blue towel with gauze, needle holders, scissors.'),(15,'Pin Pack','2023-09-26 10:05:34',NULL,'Variety of pins.'),(16,'Back Pack','2023-09-26 10:06:00',NULL,'Stuff and a Hall air drill.'),(17,'Dental Pack','2023-09-26 10:06:16',NULL,'Stuff for dentals.'),(18,'Laparoscopy Tray','2023-09-26 10:06:46',NULL,'Stuff for laparoscopies.'),(19,'2.7 Scope','2023-09-26 10:07:03','2023-10-02 15:09:28','Stuff for arthroscopies.'),(20,'Scope camera and light source','2023-09-26 10:07:25',NULL,'Scope camera and light source.'),(21,'Arthroscopy Stifle Tray','2023-09-26 10:07:49',NULL,'Instruments for Arthroscopy.'),(22,'1.9 Scope','2023-09-26 10:08:19',NULL,'Scope.'),(23,'2.4 Mini Set','2023-09-26 10:08:26','2023-10-02 15:49:59','Non-Locking, No Screws'),(24,'Tabletop Plate Bender','2023-09-26 10:08:44',NULL,'Bends plates on the table.'),(25,'Tightrope Pack','2023-09-26 10:09:03',NULL,'Has stuff.'),(26,'K-Wire Pack','2023-09-26 10:09:21',NULL,'Has k-wires of a variety of sizes.'),(27,'Cruciate Crimping Pack','2023-09-26 10:12:11',NULL,'Has stuff.'),(28,'1.5-4.0 Instruments and Plates','2023-09-26 10:12:28',NULL,'Has stuff.'),(29,'Laceration Pack','2023-10-02 11:24:56',NULL,'ER Lac Pack'),(30,'2.7-4.0 Instruments And Plates','2023-10-02 14:04:39',NULL,'No Screws. 40x40 outer wrap.'),(31,'TPS Micro Driver','2023-10-02 14:30:12',NULL,'TPS Micro Driver'),(32,'1.5-4.0 Corts & Cancellous ','2023-10-02 14:38:43','2023-10-02 14:45:47','1.5-4.0 Corts & Cancellous '),(33,'Mini Cort Screw Caddie (1.5-2.4)','2023-10-02 14:45:55',NULL,'Mini Cort Screw Caddie (1.5-2.4)'),(34,'2.4 Scope','2023-10-02 15:11:56',NULL,'Stuff for Arthroscopies');
/*!40000 ALTER TABLE `packs` ENABLE KEYS */;
UNLOCK TABLES;

--
-- Table structure for table `packs_and_instruments`
--

DROP TABLE IF EXISTS `packs_and_instruments`;
/*!40101 SET @saved_cs_client     = @@character_set_client */;
/*!50503 SET character_set_client = utf8mb4 */;
CREATE TABLE `packs_and_instruments` (
  `pack_id` int DEFAULT NULL,
  `instrument_id` int DEFAULT NULL,
  `quantity` int NOT NULL DEFAULT '1',
  KEY `pack_id` (`pack_id`),
  KEY `instrument_id` (`instrument_id`),
  CONSTRAINT `packs_and_instruments_ibfk_1` FOREIGN KEY (`pack_id`) REFERENCES `packs` (`id`),
  CONSTRAINT `packs_and_instruments_ibfk_2` FOREIGN KEY (`instrument_id`) REFERENCES `instruments` (`id`)
) ENGINE=InnoDB DEFAULT CHARSET=utf8mb4 COLLATE=utf8mb4_0900_ai_ci;
/*!40101 SET character_set_client = @saved_cs_client */;

--
-- Dumping data for table `packs_and_instruments`
--

LOCK TABLES `packs_and_instruments` WRITE;
/*!40000 ALTER TABLE `packs_and_instruments` DISABLE KEYS */;
INSERT INTO `packs_and_instruments` VALUES (1,4,1),(1,120,2),(1,71,1),(1,72,1),(1,6,1),(1,11,1),(4,17,20),(4,135,2),(4,12,4),(4,15,1),(4,32,1),(4,33,1),(4,13,4),(4,30,1),(4,133,4),(4,97,1),(4,31,1),(4,29,1),(4,246,1),(4,73,1),(4,52,6),(4,259,2),(29,13,1),(29,133,1),(29,134,1),(29,97,1),(29,27,1),(29,260,1),(29,29,1),(29,30,1),(29,33,1),(29,135,1),(29,259,1),(14,13,2),(14,133,2),(14,52,4),(14,97,1),(14,261,1),(14,29,1),(14,30,1),(14,31,1),(14,33,1),(14,15,1),(14,259,2),(6,80,1),(6,74,1),(6,82,1),(6,81,1),(6,62,1),(6,263,1),(6,262,1),(6,196,2),(6,197,2),(6,198,2),(6,199,2),(6,201,2),(6,200,2),(6,202,2),(6,203,2),(6,153,3),(6,154,3),(6,155,3),(6,156,3),(6,158,3),(6,157,3),(6,159,3),(6,160,3),(6,161,3),(6,162,3),(6,163,3),(6,164,3),(6,165,3),(6,166,3),(6,167,3),(6,168,3),(6,169,3),(6,170,3),(6,172,3),(6,171,3),(6,173,3),(6,174,3),(6,175,3),(6,176,3),(6,177,3),(6,178,3),(6,179,3),(6,180,3),(6,181,3),(6,182,3),(6,183,3),(6,184,3),(6,185,3),(6,264,1),(5,242,1),(5,241,1),(5,99,1),(5,266,2),(5,267,1),(5,244,1),(5,268,1),(5,104,1),(5,293,1),(5,269,1),(5,270,4),(5,272,4),(5,271,4),(5,273,4),(5,274,1),(5,275,1),(5,276,2),(5,67,2),(5,68,2),(5,278,2),(5,168,4),(5,169,4),(5,170,4),(5,171,4),(5,172,4),(5,173,4),(5,174,4),(5,175,4),(5,176,4),(5,177,4),(5,178,4),(5,179,4),(5,180,4),(5,181,4),(5,279,2),(5,280,2),(5,281,2),(5,282,2),(5,283,2),(5,284,2),(5,285,2),(5,286,2),(5,288,2),(5,289,2),(5,290,2),(5,291,2),(5,292,2),(5,287,2),(5,264,1),(1,46,1),(1,296,1),(1,297,1),(1,294,1),(1,295,1),(1,298,2),(1,299,2),(1,300,2),(15,302,4),(15,301,4),(15,298,4),(15,300,4),(15,303,4),(15,304,4),(15,305,4),(15,306,4),(15,307,4),(15,271,4),(11,192,1),(11,193,1),(11,194,1),(11,195,1),(11,86,1),(12,308,1),(12,309,1),(12,310,1),(12,311,1),(13,312,1),(13,313,1),(13,314,1),(13,315,1),(7,316,1),(7,241,1),(7,101,1),(7,100,1),(7,318,1),(7,319,1),(7,320,1),(7,321,1),(7,324,1),(7,325,1),(7,243,1),(7,322,1),(7,269,1),(7,267,2),(7,266,1),(7,300,2),(7,273,2),(7,272,2),(7,299,2),(7,59,1),(7,276,1),(7,277,1),(7,323,1),(30,242,1),(30,366,1),(30,269,1),(30,332,1),(30,101,1),(30,319,1),(30,293,1),(30,334,1),(30,333,1),(30,335,1),(30,336,1),(30,337,1),(30,338,1),(30,339,1),(30,340,1),(30,341,1),(30,342,1),(30,343,1),(30,344,1),(30,345,1),(30,346,1),(30,347,1),(30,348,1),(30,349,1),(30,350,1),(30,351,1),(30,352,1),(30,353,1),(30,354,1),(30,355,1),(30,356,1),(30,357,1),(30,358,1),(30,359,1),(30,360,1),(30,361,1),(30,276,2),(30,67,4),(30,61,4),(30,64,4),(30,278,2),(30,68,2),(30,323,2),(30,362,2),(30,363,2),(10,367,1),(10,368,1),(10,369,1),(10,370,1),(10,371,1),(10,372,1),(10,373,1),(10,374,1),(10,375,1),(10,296,1),(31,376,1),(31,377,1),(31,378,1),(31,379,1),(31,380,1),(31,381,1),(31,382,1),(32,383,4),(32,384,4),(32,385,4),(32,386,4),(32,387,4),(32,388,4),(32,389,4),(32,390,4),(32,391,4),(32,392,4),(32,326,6),(32,327,6),(32,328,4),(32,329,4),(32,330,4),(32,331,2),(32,394,2),(32,395,3),(32,396,6),(32,397,6),(32,398,6),(32,399,6),(32,400,6),(32,401,6),(32,402,2),(32,403,2),(33,383,6),(33,384,6),(33,385,6),(33,386,6),(33,387,6),(33,388,6),(33,389,6),(33,390,6),(33,391,6),(33,392,6),(33,393,6),(33,394,6),(33,395,6),(33,396,6),(33,397,6),(33,398,6),(33,399,6),(33,400,6),(33,401,6),(33,326,6),(33,327,6),(33,328,6),(33,329,6),(33,330,2),(33,331,2),(33,402,2),(33,403,2),(33,404,2),(33,405,2),(33,406,6),(33,407,6),(33,408,6),(33,409,6),(33,410,6),(33,411,6),(33,412,6),(33,413,6),(33,414,6),(33,415,6),(33,416,6),(33,417,2),(33,418,2),(33,419,2),(33,420,2),(33,421,2),(33,422,2),(32,423,2),(32,424,6),(32,425,6),(32,426,6),(32,427,6),(32,428,6),(32,429,6),(32,430,6),(32,431,6),(32,432,6),(32,433,6),(32,434,6),(32,435,6),(32,439,3),(32,440,3),(32,441,6),(32,224,6),(32,225,6),(32,226,6),(32,227,6),(32,228,6),(32,229,6),(32,230,6),(32,231,6),(32,232,6),(32,233,6),(32,234,6),(32,235,6),(32,236,6),(32,237,6),(32,238,6),(32,239,6),(32,240,6),(32,443,4),(32,445,4),(32,204,4),(32,205,4),(32,206,4),(32,207,4),(32,208,4),(32,209,4),(32,210,4),(32,211,4),(32,212,4),(32,213,4),(32,214,4),(32,216,4),(32,218,4),(32,221,4),(32,223,4),(32,444,4),(19,446,1),(19,448,1),(19,447,1),(34,447,1),(34,449,1),(34,448,1),(9,450,2),(9,451,2),(9,452,2),(9,453,2),(9,454,2),(9,455,2),(9,456,2),(9,457,2),(9,458,2),(9,459,2),(9,460,2),(9,461,2),(9,462,2),(9,463,2),(9,464,2),(9,465,2),(9,466,2),(9,467,2),(9,468,2),(9,469,2),(9,470,2),(9,471,2),(9,472,2),(9,473,2),(9,474,2),(9,475,2),(9,476,2),(9,477,2),(9,478,2),(9,479,2),(9,480,2),(9,481,2),(9,483,2),(9,482,2),(9,484,2),(2,189,1),(2,188,1),(2,191,1),(2,187,1),(2,186,1),(3,186,1),(3,187,1),(3,189,1),(3,190,1),(3,191,1),(16,485,1),(16,486,1),(16,487,1),(16,488,1),(16,11,2),(16,118,1),(16,258,1),(16,489,1),(16,491,1),(16,490,1),(16,492,1),(16,494,1),(16,493,1),(16,257,1),(16,73,1),(16,495,1),(16,496,1),(16,497,1),(16,18,1),(23,535,1),(23,100,1),(23,532,1),(23,533,1),(23,320,1),(23,534,1),(23,536,1),(23,501,1),(23,502,1),(23,503,1),(23,504,1),(23,505,1),(23,506,1),(23,507,1),(23,508,1),(23,509,1),(23,510,1),(23,511,1),(23,512,1),(23,513,1),(23,514,1),(23,515,1),(23,516,1),(23,517,1),(23,518,1),(23,519,1),(23,520,1),(23,362,1),(23,363,1),(23,500,1),(23,523,1),(23,524,1),(23,499,1),(23,526,1),(23,525,1),(23,528,1),(23,530,1),(23,529,1),(23,531,1),(23,56,2),(23,59,2),(23,60,2),(23,276,2),(23,58,2),(23,277,2),(23,498,3);
/*!40000 ALTER TABLE `packs_and_instruments` ENABLE KEYS */;
UNLOCK TABLES;

--
-- Table structure for table `packs_and_procedures`
--

DROP TABLE IF EXISTS `packs_and_procedures`;
/*!40101 SET @saved_cs_client     = @@character_set_client */;
/*!50503 SET character_set_client = utf8mb4 */;
CREATE TABLE `packs_and_procedures` (
  `pack_id` int DEFAULT NULL,
  `procedure_id` int DEFAULT NULL,
  KEY `pack_id` (`pack_id`),
  KEY `procedure_id` (`procedure_id`),
  CONSTRAINT `packs_and_procedures_ibfk_1` FOREIGN KEY (`pack_id`) REFERENCES `packs` (`id`),
  CONSTRAINT `packs_and_procedures_ibfk_2` FOREIGN KEY (`procedure_id`) REFERENCES `procedures` (`id`)
) ENGINE=InnoDB DEFAULT CHARSET=utf8mb4 COLLATE=utf8mb4_0900_ai_ci;
/*!40101 SET character_set_client = @saved_cs_client */;

--
-- Dumping data for table `packs_and_procedures`
--

LOCK TABLES `packs_and_procedures` WRITE;
/*!40000 ALTER TABLE `packs_and_procedures` DISABLE KEYS */;
INSERT INTO `packs_and_procedures` VALUES (1,1),(2,1);
/*!40000 ALTER TABLE `packs_and_procedures` ENABLE KEYS */;
UNLOCK TABLES;

--
-- Table structure for table `procedures`
--

DROP TABLE IF EXISTS `procedures`;
/*!40101 SET @saved_cs_client     = @@character_set_client */;
/*!50503 SET character_set_client = utf8mb4 */;
CREATE TABLE `procedures` (
  `id` int NOT NULL AUTO_INCREMENT,
  `name` varchar(255) DEFAULT NULL,
  `description` varchar(255) DEFAULT NULL,
  `created_at` datetime DEFAULT CURRENT_TIMESTAMP,
  `updated_at` datetime DEFAULT NULL,
  PRIMARY KEY (`id`)
) ENGINE=InnoDB AUTO_INCREMENT=10 DEFAULT CHARSET=utf8mb4 COLLATE=utf8mb4_0900_ai_ci;
/*!40101 SET character_set_client = @saved_cs_client */;

--
-- Dumping data for table `procedures`
--

LOCK TABLES `procedures` WRITE;
/*!40000 ALTER TABLE `procedures` DISABLE KEYS */;
INSERT INTO `procedures` VALUES (1,'TPLO','Tibial Plateau Leveling Osteotomy','2023-09-21 18:41:48',NULL),(2,'OVH','Spay','2023-09-25 13:53:20',NULL),(3,'Arthroscopy','Using a camera to look at joints.','2023-09-25 13:54:06',NULL),(4,'R/U Fracture Repair','Radial Ulna fracture repair','2023-09-25 13:54:37',NULL),(5,'TPLO MD','Dosch TPLO','2023-09-25 13:54:51',NULL),(6,'TPLO TK','Tiffany TPLO','2023-09-25 13:55:00',NULL),(7,'TPLO MA','Marty TPLO','2023-09-25 13:55:42',NULL),(8,'Femur Fracture','Femur Fracture Repair','2023-09-25 13:55:57',NULL),(9,'Humeral Condylar Fracture','Humeral Condylar Fracture Repair','2023-09-25 13:56:38',NULL);
/*!40000 ALTER TABLE `procedures` ENABLE KEYS */;
UNLOCK TABLES;

--
-- Table structure for table `users`
--

DROP TABLE IF EXISTS `users`;
/*!40101 SET @saved_cs_client     = @@character_set_client */;
/*!50503 SET character_set_client = utf8mb4 */;
CREATE TABLE `users` (
  `id` int NOT NULL AUTO_INCREMENT,
  `email` varchar(255) DEFAULT NULL,
  `password` varchar(255) DEFAULT NULL,
  `created_at` datetime DEFAULT CURRENT_TIMESTAMP,
  `updated_at` datetime DEFAULT NULL,
  PRIMARY KEY (`id`),
  UNIQUE KEY `ix_users_email` (`email`),
  KEY `ix_users_id` (`id`)
) ENGINE=InnoDB DEFAULT CHARSET=utf8mb4 COLLATE=utf8mb4_0900_ai_ci;
/*!40101 SET character_set_client = @saved_cs_client */;

--
-- Dumping data for table `users`
--

LOCK TABLES `users` WRITE;
/*!40000 ALTER TABLE `users` DISABLE KEYS */;
/*!40000 ALTER TABLE `users` ENABLE KEYS */;
UNLOCK TABLES;

--
-- Table structure for table `users_and_clinics`
--

DROP TABLE IF EXISTS `users_and_clinics`;
/*!40101 SET @saved_cs_client     = @@character_set_client */;
/*!50503 SET character_set_client = utf8mb4 */;
CREATE TABLE `users_and_clinics` (
  `clinic_id` int DEFAULT NULL,
  `user_id` int DEFAULT NULL,
  KEY `clinic_id` (`clinic_id`),
  KEY `user_id` (`user_id`),
  CONSTRAINT `users_and_clinics_ibfk_1` FOREIGN KEY (`clinic_id`) REFERENCES `clinics` (`id`),
  CONSTRAINT `users_and_clinics_ibfk_2` FOREIGN KEY (`user_id`) REFERENCES `users` (`id`)
) ENGINE=InnoDB DEFAULT CHARSET=utf8mb4 COLLATE=utf8mb4_0900_ai_ci;
/*!40101 SET character_set_client = @saved_cs_client */;

--
-- Dumping data for table `users_and_clinics`
--

LOCK TABLES `users_and_clinics` WRITE;
/*!40000 ALTER TABLE `users_and_clinics` DISABLE KEYS */;
/*!40000 ALTER TABLE `users_and_clinics` ENABLE KEYS */;
UNLOCK TABLES;
/*!40103 SET TIME_ZONE=@OLD_TIME_ZONE */;

/*!40101 SET SQL_MODE=@OLD_SQL_MODE */;
/*!40014 SET FOREIGN_KEY_CHECKS=@OLD_FOREIGN_KEY_CHECKS */;
/*!40014 SET UNIQUE_CHECKS=@OLD_UNIQUE_CHECKS */;
/*!40101 SET CHARACTER_SET_CLIENT=@OLD_CHARACTER_SET_CLIENT */;
/*!40101 SET CHARACTER_SET_RESULTS=@OLD_CHARACTER_SET_RESULTS */;
/*!40101 SET COLLATION_CONNECTION=@OLD_COLLATION_CONNECTION */;
/*!40111 SET SQL_NOTES=@OLD_SQL_NOTES */;

-- Dump completed on 2023-10-02 16:09:15
