-- MySQL dump 10.13  Distrib 8.0.34, for Win64 (x86_64)
--
-- Host: localhost    Database: packpacker
-- ------------------------------------------------------
-- Server version	8.0.34

/*!40101 SET @OLD_CHARACTER_SET_CLIENT=@@CHARACTER_SET_CLIENT */;
/*!40101 SET @OLD_CHARACTER_SET_RESULTS=@@CHARACTER_SET_RESULTS */;
/*!40101 SET @OLD_COLLATION_CONNECTION=@@COLLATION_CONNECTION */;
/*!50503 SET NAMES utf8 */;
/*!40103 SET @OLD_TIME_ZONE=@@TIME_ZONE */;
/*!40103 SET TIME_ZONE='+00:00' */;
/*!40014 SET @OLD_UNIQUE_CHECKS=@@UNIQUE_CHECKS, UNIQUE_CHECKS=0 */;
/*!40014 SET @OLD_FOREIGN_KEY_CHECKS=@@FOREIGN_KEY_CHECKS, FOREIGN_KEY_CHECKS=0 */;
/*!40101 SET @OLD_SQL_MODE=@@SQL_MODE, SQL_MODE='NO_AUTO_VALUE_ON_ZERO' */;
/*!40111 SET @OLD_SQL_NOTES=@@SQL_NOTES, SQL_NOTES=0 */;

--
-- Table structure for table `alembic_version`
--

DROP TABLE IF EXISTS `alembic_version`;
/*!40101 SET @saved_cs_client     = @@character_set_client */;
/*!50503 SET character_set_client = utf8mb4 */;
CREATE TABLE `alembic_version` (
  `version_num` varchar(32) NOT NULL,
  PRIMARY KEY (`version_num`)
) ENGINE=InnoDB DEFAULT CHARSET=utf8mb4 COLLATE=utf8mb4_0900_ai_ci;
/*!40101 SET character_set_client = @saved_cs_client */;

--
-- Dumping data for table `alembic_version`
--

LOCK TABLES `alembic_version` WRITE;
/*!40000 ALTER TABLE `alembic_version` DISABLE KEYS */;
INSERT INTO `alembic_version` VALUES ('a867d3bd5d86');
/*!40000 ALTER TABLE `alembic_version` ENABLE KEYS */;
UNLOCK TABLES;

--
-- Table structure for table `clinics`
--

DROP TABLE IF EXISTS `clinics`;
/*!40101 SET @saved_cs_client     = @@character_set_client */;
/*!50503 SET character_set_client = utf8mb4 */;
CREATE TABLE `clinics` (
  `id` int NOT NULL AUTO_INCREMENT,
  `name` varchar(255) DEFAULT NULL,
  `clinicLoc` varchar(255) DEFAULT NULL,
  `phone` varchar(255) DEFAULT NULL,
  `email` varchar(255) DEFAULT NULL,
  `created_at` datetime DEFAULT CURRENT_TIMESTAMP,
  `updated_at` datetime DEFAULT NULL,
  PRIMARY KEY (`id`),
  UNIQUE KEY `name` (`name`),
  KEY `ix_clinics_id` (`id`)
) ENGINE=InnoDB AUTO_INCREMENT=3 DEFAULT CHARSET=utf8mb4 COLLATE=utf8mb4_0900_ai_ci;
/*!40101 SET character_set_client = @saved_cs_client */;

--
-- Dumping data for table `clinics`
--

LOCK TABLES `clinics` WRITE;
/*!40000 ALTER TABLE `clinics` DISABLE KEYS */;
INSERT INTO `clinics` VALUES (1,'SAGE Concord','2055 Meridian Park Blvd','(925) 627-7243','concord@sagecenters.com','2023-09-21 18:27:36','2023-09-21 18:32:02');
/*!40000 ALTER TABLE `clinics` ENABLE KEYS */;
UNLOCK TABLES;

--
-- Table structure for table `clinics_and_procedures`
--

DROP TABLE IF EXISTS `clinics_and_procedures`;
/*!40101 SET @saved_cs_client     = @@character_set_client */;
/*!50503 SET character_set_client = utf8mb4 */;
CREATE TABLE `clinics_and_procedures` (
  `clinic_id` int DEFAULT NULL,
  `procedure_id` int DEFAULT NULL,
  KEY `clinic_id` (`clinic_id`),
  KEY `procedure_id` (`procedure_id`),
  CONSTRAINT `clinics_and_procedures_ibfk_1` FOREIGN KEY (`clinic_id`) REFERENCES `clinics` (`id`),
  CONSTRAINT `clinics_and_procedures_ibfk_2` FOREIGN KEY (`procedure_id`) REFERENCES `procedures` (`id`)
) ENGINE=InnoDB DEFAULT CHARSET=utf8mb4 COLLATE=utf8mb4_0900_ai_ci;
/*!40101 SET character_set_client = @saved_cs_client */;

--
-- Dumping data for table `clinics_and_procedures`
--

LOCK TABLES `clinics_and_procedures` WRITE;
/*!40000 ALTER TABLE `clinics_and_procedures` DISABLE KEYS */;
/*!40000 ALTER TABLE `clinics_and_procedures` ENABLE KEYS */;
UNLOCK TABLES;

--
-- Table structure for table `instruments`
--

DROP TABLE IF EXISTS `instruments`;
/*!40101 SET @saved_cs_client     = @@character_set_client */;
/*!50503 SET character_set_client = utf8mb4 */;
CREATE TABLE `instruments` (
  `id` int NOT NULL AUTO_INCREMENT,
  `name` varchar(255) DEFAULT NULL,
  `description` varchar(255) DEFAULT NULL,
  `img_url` varchar(255) DEFAULT NULL,
  `created_at` datetime DEFAULT CURRENT_TIMESTAMP,
  `updated_at` datetime DEFAULT NULL,
  `onHand` int DEFAULT NULL,
  PRIMARY KEY (`id`),
  UNIQUE KEY `ix_instruments_name` (`name`),
  KEY `ix_instruments_id` (`id`)
) ENGINE=InnoDB AUTO_INCREMENT=878 DEFAULT CHARSET=utf8mb4 COLLATE=utf8mb4_0900_ai_ci;
/*!40101 SET character_set_client = @saved_cs_client */;

--
-- Dumping data for table `instruments`
--

LOCK TABLES `instruments` WRITE;
/*!40000 ALTER TABLE `instruments` DISABLE KEYS */;
INSERT INTO `instruments` VALUES (2,'Dingman Periosteal Elevator','Bendy-tipped scrapy-boi.','https://www.integralife.com/dingman-periosteal-elevator/product/surgical-instruments-hospitals-surgery-centers-tissue-banks-padgett-plastic-reconstructive-surgery-elevator-dingman-periosteal-elevator','2023-09-21 19:57:16',NULL,5),(3,'Mini Hohmann Retractor','Knee-looker-inner','https://www.integralife.com/mini-hohmann-retractor/product/surgical-instruments-miltex-instruments-veterinary-orthopedic-mini-hohmann-retractor','2023-09-21 20:07:11',NULL,1),(4,'Suction, Frazier Tip, #8','#8 Frazier Tip','https://www.integralife.com/frazier-suction-tube/product/surgical-instruments-hospitals-surgery-centers-tissue-banks-ruggles-redmond-suction-tubes-accessories-frazier-suction-tube','2023-09-21 20:49:59','2023-10-02 15:35:02',1),(5,'Pin Cutters, Gold-handled','Gold-handled Pin Cutters','https://surgicalmart.com/shop/orthopedic-instruments/wire-pin-cutters/t-c-wire-pin-cutter-18-5-side-cutting-with-adjustable-bolt-sm3610/','2023-09-23 13:04:43','2023-09-27 21:30:11',5),(6,'Retractor, Senn','Rakey-man, grabby-fella, nurse-stabbinator.','','2023-09-26 11:19:22','2023-09-27 21:30:19',20),(7,'Retractor, Balfour, Baby','Small belly-spreader','string','2023-09-26 11:19:44','2023-09-27 20:58:46',4),(8,'Retractor, Finochetto, small','Cranky-chest crackinator.','','2023-09-26 11:20:10','2023-09-27 21:30:30',3),(9,'Retractor, Finochetto, medium','Cranky-chest crackinator.','','2023-09-26 11:20:19','2023-09-27 21:30:24',30),(10,'Retractor, Finochetto, large','Cranky-chest crackinator.','','2023-09-26 11:20:40','2023-09-27 21:30:26',5),(11,'Elevator, Freer','Frees things','','2023-09-26 11:21:49','2023-09-28 11:15:39',20),(12,'Forceps, Carmalt','Carmalts','','2023-09-26 11:22:33','2023-09-28 11:10:01',40),(13,'Hemostat, Kelly, Curved','All the way','','2023-09-26 11:22:54','2023-09-28 11:07:40',40),(14,'Hemostat, Mosquito','Wee snappy boy','','2023-09-26 11:23:06',NULL,40),(15,'Thumb Forceps, Debakey','Can be holey or un-holey.','','2023-09-26 11:23:25',NULL,20),(16,'Lone Star Retractor','Mark\'s Favorite Toy','','2023-09-26 11:23:40',NULL,2),(17,'Gauze, 4x4','Gauze, non radiolucent','','2023-09-26 21:00:26','2023-10-04 11:55:44',150),(18,'Suction, Frazier Tip, #10','10 Frazier Tip','','2023-09-26 21:01:24','2023-10-02 15:35:12',3),(19,'Suction, Frazier Tip, #12','Suction, Frazier Tip, #12','','2023-09-26 21:01:43','2023-10-02 15:35:26',5),(20,'Suction, Poole Tip, Curved','Two pieces, inner and outer.','','2023-09-26 21:01:59','2023-09-27 21:32:04',8),(21,'Suction, Poole Tip, Straight','Nobody likes these.','','2023-09-26 21:02:10','2023-09-27 21:32:09',5),(23,'Duraprep','Sterile drape for wrapping legs.','','2023-09-26 21:02:48','2023-09-27 21:39:33',30),(24,'Retractor, Balfour, CSU','CSU Balfour','','2023-09-26 21:06:16','2023-09-27 21:39:19',3),(25,'Forceps, Rongeur, Double Action','Grabby-fellas','','2023-09-27 08:50:12','2023-09-28 11:19:39',20),(26,'Needle Driver, Baumgartner','The ones without scissors.','','2023-09-27 08:52:39',NULL,20),(27,'Needle Driver, Olsen-Hegar','The ones with scissors.','','2023-09-27 08:53:49',NULL,20),(28,'Osteotome','Variety size','','2023-09-27 08:54:29',NULL,10),(29,'Scissors, Metzenbaum, Large','Dissecting scissors.','','2023-09-27 08:54:59','2023-09-28 11:08:07',20),(30,'Scissors, Mayo','More scissors','','2023-09-27 08:55:32',NULL,10),(31,'Scissors, Sharp-Blunt','For cutting drapes.','','2023-09-27 08:55:50',NULL,10),(32,'Thumb Forceps, Rat-tooth','Pinchy grabbers','','2023-09-27 08:56:27',NULL,40),(33,'Thumb Forceps, Brown Adson','The usual grabbers','','2023-09-27 08:57:00',NULL,30),(34,'Pliers','Pliers','','2023-09-27 08:57:48',NULL,2),(35,'Pin Puller','Pin puller','','2023-09-27 08:57:58',NULL,15),(36,'Cerclage Wire','Cerclage Wire, variety sizes','','2023-09-27 08:58:15',NULL,1),(37,'Hobby Saw','Saws stuff','','2023-09-27 08:58:37',NULL,5),(38,'Gigli Wire','Gigli Wire','','2023-09-27 08:58:49',NULL,5),(39,'Loop Cerclage Wire','Variety Size','','2023-09-27 08:59:01',NULL,20),(40,'Arthrex Wires','Variety sizes','','2023-09-27 08:59:17',NULL,10),(41,'Pin Cutter, Dyke','Wire cutters that are sideways.','','2023-09-27 09:00:26',NULL,5),(42,'Pin Cutter, End-On','The ones Marty likes.','','2023-09-27 09:00:44',NULL,5),(43,'Wire Twister','Twists wire','','2023-09-27 09:00:57',NULL,2),(44,'Wire Passer','Passes wire','','2023-09-27 09:01:09',NULL,2),(45,'Bone Rasp','Rasps bone','','2023-09-27 09:01:22',NULL,10),(46,'Hand Chuck','Screws Stuff In?','','2023-09-27 09:01:43','2023-09-27 21:33:05',2),(47,'Stockinette, 2\"','Stockinette, 2\"','','2023-09-27 09:02:17',NULL,10),(48,'Stockinette, 4\"','Stockinette, 4\"','','2023-09-27 09:02:26',NULL,10),(49,'Stockinette, 6\"','Stockinette, 6\"','','2023-09-27 09:02:38',NULL,10),(50,'Vetwrap and Foil, 2\"','Vetwrap and Foil, 2\"','','2023-09-27 09:02:51',NULL,10),(51,'Vetwrap and Foil, 4\"','Vetwrap and Foil, 4\"','','2023-09-27 09:03:01',NULL,10),(52,'Towel Clamp','Towel Clamp','','2023-09-27 09:03:24',NULL,40),(53,'Cotton-Tipped Applicator','A pack of sterile q-tips','','2023-09-27 09:03:45',NULL,20),(54,'Penrose Drain','Penrose Drain','','2023-09-27 09:03:58',NULL,10),(55,'Tongue Depressor','Sterile tongue blades','','2023-09-27 09:04:14',NULL,20),(56,'Drill Bit, 1.1','Drill Bit, 1.1','','2023-09-27 09:04:35',NULL,2),(57,'Drill Tap, 1.1','Drill Tap, 1.1','','2023-09-27 09:04:45',NULL,2),(58,'Drill Tap, 1.5','Drill Tap, 1.5','','2023-09-27 09:05:00',NULL,5),(59,'Drill Bit, 1.5','Drill Bit, 1.5','','2023-09-27 09:05:11',NULL,5),(60,'Drill Bit, 1.8','Drill Bit, 1.8','','2023-09-27 09:05:24',NULL,2),(61,'Drill Bit, 2.7','Drill Bit, 2.7','','2023-09-27 09:06:44',NULL,3),(62,'Drill Bit, 2.8','Drill Bit, 2.8','','2023-09-27 09:06:55',NULL,5),(63,'Drill Bit, 3.2','Drill Bit, 3.2','','2023-09-27 09:07:22',NULL,5),(64,'Drill Bit, 3.5','Drill Bit, 3.5','','2023-09-27 09:07:31',NULL,5),(65,'Drill Bit, 4.0','Drill Bit, 4.0','','2023-09-27 09:07:41',NULL,5),(66,'Drill Bit, 4.5','Drill Bit, 4.5','','2023-09-27 09:07:49',NULL,5),(67,'Drill Bit, 2.5','Drill Bit, 2.5','','2023-09-27 09:07:59',NULL,5),(68,'Drill Tap, 3.5','Drill Tap, 3.5','','2023-09-27 09:08:10',NULL,5),(69,'Drill Bit, Cannulated, 2.7','Drill Bit, Cannulated, 2.7','','2023-09-27 09:08:27',NULL,2),(70,'Drill Bit, Cannulated, 3.5','Drill Bit, Cannulated, 3.5','','2023-09-27 09:08:35',NULL,2),(71,'Gelpi, small','The babiest gelpis','','2023-09-27 09:09:01',NULL,20),(72,'Gelpi, medium','An in-betweener Gelpi.','','2023-09-27 09:09:20',NULL,40),(73,'Gelpi, large','The big boy','','2023-09-27 09:09:29',NULL,40),(74,'Handle, Quick Coupling','Quick-coupling handle','','2023-09-27 09:09:55',NULL,3),(75,'Lap Pad','Lap pads to mop up lots of stuff','','2023-09-27 09:10:13',NULL,50),(76,'Graft Cup','Sterile cups for mixing','','2023-09-27 09:10:38',NULL,10),(77,'Bone Anchor','I honestly have no idea what this does.','','2023-09-27 09:10:52',NULL,5),(78,'Pin, Toggle','This toggles stuff? I don\'t know what this does either.','','2023-09-27 09:11:17',NULL,20),(79,'Screwdriver, T8','T8 Screwdriver','','2023-09-27 09:46:46',NULL,2),(80,'Screwdriver, T15','T15 Screwdriver','','2023-09-27 09:47:10',NULL,2),(81,'Screwdriver, Tip, T8','T8 Screwdriver Tip','','2023-09-27 09:47:36',NULL,5),(82,'Screwdriver, Tip, T15','T15 Screwdriver Tip','','2023-09-27 09:47:49',NULL,5),(83,'Blade, 10','10 blade','','2023-09-27 09:48:34',NULL,50),(84,'Blade, 11','11 Blade','','2023-09-27 09:58:33',NULL,50),(85,'Blade, 15','15 Blade','','2023-09-27 09:58:42',NULL,50),(86,'Blade, TPLO, 24','The standard TPLO blade','','2023-09-27 09:59:41',NULL,3),(87,'Blade, TPLO, 12','TPLO Saw blade','','2023-09-27 10:00:32',NULL,2),(88,'Blade, TPLO, 14','TPLO blade','','2023-09-27 10:00:44',NULL,2),(89,'Blade, TPLO, 16','TPLO blade','','2023-09-27 10:00:55',NULL,2),(90,'Blade, TPLO, 18','TPLO blade','','2023-09-27 10:01:11',NULL,2),(91,'Blade, TPLO, 20','TPLO blade','','2023-09-27 10:01:20',NULL,2),(92,'Blade, TPLO, 22','TPLO blade','','2023-09-27 10:01:29',NULL,2),(93,'Blade, TPLO, 26','TPLO blade','','2023-09-27 10:01:40',NULL,2),(95,'Blade, TPLO, 30','TPLO blade','','2023-09-27 10:02:00',NULL,2),(96,'Blade, TPLO, 28','TPLO blade','','2023-09-27 10:54:06',NULL,2),(97,'Needle Driver, Crilewood','The other really good one without scissors','','2023-09-27 13:55:59',NULL,10),(98,'Calipers','Calipers','','2023-09-27 14:43:57',NULL,2),(99,'Slocum 3.5 Jig','Jig for TPLO','','2023-09-27 14:44:14','2023-10-02 11:49:16',4),(100,'Depth Gauge, small (20mm)','Measures depth of drill holes.','','2023-09-27 14:44:34','2023-10-02 13:30:54',5),(101,'Depth Gauge, large (50mm)','Measures depth of drill holes.','','2023-09-27 14:44:44','2023-10-02 13:30:49',4),(102,'Probe, Meniscal','Probe for the meniscus','','2023-09-27 14:44:59',NULL,2),(103,'Drill Guide, Locking','Drill guides for locking set.','','2023-09-27 14:46:02',NULL,10),(104,'Drill Guide, Slocum, 2.5','Non-locking drill guide','','2023-09-27 14:46:16','2023-10-02 11:50:01',10),(105,'Plate Benders','Set of two benders for plates.','','2023-09-27 14:47:10',NULL,5),(106,'Cautery, Monopolar','Bovie Handle','','2023-09-27 14:47:38',NULL,30),(107,'Cautery, Bipolar','Bipolar Cautery','','2023-09-27 14:47:52',NULL,10),(108,'Cautery, Ligasure, large','Bigasure','','2023-09-27 14:48:06',NULL,10),(109,'Cautery, Ligasure, small','Smallasure','','2023-09-27 14:48:18',NULL,10),(110,'Forceps, Doyen','Long clampy boys','','2023-09-27 14:57:54',NULL,10),(111,'Bobby Pins','Sterile bobby pins','','2023-09-27 14:58:09',NULL,20),(112,'Hook, Spay','Spay Hook','','2023-09-27 14:58:18',NULL,10),(113,'Forceps, Bone, Lalonde','Clamp for bones','','2023-09-27 14:59:44',NULL,5),(114,'Forceps, Satinsky','I don\'t know what this does.','','2023-09-27 15:00:10',NULL,5),(115,'Spoon, Bladder','Bladder stone getter.','','2023-09-27 15:00:43',NULL,5),(116,'Spoon, Gall Bladder','Gets goop outta the gall bladder.','','2023-09-27 15:00:56',NULL,5),(117,'Hemostat, Ochsner','Hemostat','','2023-09-27 15:03:04',NULL,5),(118,'Curette, Ear','Gets ear wax out.','','2023-09-27 15:03:18',NULL,5),(119,'Curette, Bone','Gets bones out?','','2023-09-27 15:03:29',NULL,5),(120,'Sterile Towel','Blue towels.','','2023-09-27 15:03:44',NULL,100),(121,'Drapes','Drape Pack','','2023-09-27 15:04:01',NULL,30),(122,'Stapler, TA-60','TA-60 Stapler','','2023-09-27 15:04:30',NULL,5),(123,'Cartridge, TA-60, Blue','Blue TA-60 Cartridge','','2023-09-27 15:04:47',NULL,20),(124,'Cartridge, TA-60, White','White TA-60 Cartridges','','2023-09-27 15:05:03',NULL,20),(125,'Stapler, 50mm GIA','GIA 50mm Stapler','','2023-09-27 15:05:38',NULL,3),(126,'Stapler, 60mm GIA','60mm GIA Stapler','','2023-09-27 15:06:02',NULL,5),(127,'Stapler, Skin','Attaches drapes to skin.','','2023-09-27 15:06:17',NULL,30),(128,'Retractor, Army-Navy','Army-Navy','','2023-09-27 15:11:10',NULL,2),(129,'Retractor, Ribbon','Ribbon retractor','','2023-09-27 15:11:21',NULL,3),(130,'Retractor, Rake','Rake Retractor','','2023-09-27 15:11:31',NULL,3),(131,'Forceps, Sponge','Sponge Forcep','','2023-09-27 15:11:51',NULL,5),(132,'Retractor, Weitlaner','Weitlaner Retractor','','2023-09-27 15:12:15',NULL,3),(133,'Hemostat, Mosquito, Curved','Curved Mosquito','','2023-09-27 15:12:46',NULL,5),(134,'Hemostat, Mosquito, Straight','Straight mosquito.','','2023-09-27 15:12:57',NULL,10),(135,'Forceps, Allis','10','','2023-09-27 15:13:19',NULL,5),(136,'Forceps, Babcocks','Stuff','','2023-09-27 15:13:37',NULL,20),(137,'Needle, 18G','18G needle','','2023-09-27 18:09:10',NULL,50),(138,'Syringe, 35mL','35mL Syringe','','2023-09-27 18:09:23',NULL,50),(139,'Bowl, Saline','Saline bowl','','2023-09-27 18:09:37',NULL,20),(140,'Screw, Locking, 1.5, 12mm','Locking 12mm 1.5','','2023-09-28 08:24:06','2023-09-28 08:44:18',10),(141,'Screw, Locking, 1.5, 10mm','10mm 1.5 locking screw','','2023-09-28 08:43:55',NULL,10),(142,'Screw, Locking, 1.5, 14mm','Screw, Locking, 1.5, 14 mm','','2023-09-28 08:45:40',NULL,10),(143,'Screw, Locking, 1.5, 16mm','Screw, Locking, 1.5, 16mm','','2023-09-28 08:45:51',NULL,10),(144,'Screw, Locking, 1.5, 18mm','Screw, Locking, 1.5, 18mm','','2023-09-28 08:46:07',NULL,10),(145,'Screw, Locking, 1.5, 20mm','Screw, Locking, 1.5, 20mm','','2023-09-28 08:46:17',NULL,10),(146,'Screw, Locking, 1.5, 22mm','Screw, Locking, 1.5, 22mm','','2023-09-28 08:46:29',NULL,10),(147,'Screw, Locking, 1.5, 24mm','Screw, Locking, 1.5, 24mm','','2023-09-28 08:46:44',NULL,10),(148,'Screw, Locking, 1.5, 11mm','Screw, Locking, 1.5, 11mm','','2023-09-28 08:46:54','2023-09-28 09:04:40',10),(149,'Screw, Locking, 1.5, 9mm','Screw, Locking, 1.5, 9mm','','2023-09-28 08:47:06','2023-09-28 09:04:22',10),(150,'Screw, Locking, 1.5, 8mm','Screw, Locking, 1.5, 8mm','','2023-09-28 08:47:14','2023-09-28 09:04:14',10),(151,'Screw, Locking, 1.5, 7mm','Screw, Locking, 1.5, 7mm','','2023-09-28 08:47:27','2023-09-28 09:03:55',10),(152,'Screw, Locking, 1.5, 6mm','Screw, Locking, 1.5, 6mm','','2023-09-28 08:47:45','2023-09-28 09:04:04',10),(153,'Screw, Locking, 2.7, 10mm','Screw, Locking, 2.7, 10mm','','2023-09-28 08:54:44',NULL,10),(154,'Screw, Locking, 2.7, 12mm','Screw, Locking, 2.7, 12mm','','2023-09-28 08:55:01',NULL,10),(155,'Screw, Locking, 2.7, 14mm','Screw, Locking, 2.7, 14mm','','2023-09-28 08:55:17',NULL,10),(156,'Screw, Locking, 2.7, 16mm','Screw, Locking, 2.7, 16mm','','2023-09-28 08:55:26',NULL,10),(157,'Screw, Locking, 2.7, 18mm','Screw, Locking, 2.7, 18mm','','2023-09-28 08:55:36',NULL,10),(158,'Screw, Locking, 2.7, 20mm','Screw, Locking, 2.7, 20mm','','2023-09-28 08:55:47',NULL,10),(159,'Screw, Locking, 2.7, 22mm','Screw, Locking, 2.7, 22mm','','2023-09-28 08:55:56',NULL,10),(160,'Screw, Locking, 2.7, 24mm','Screw, Locking, 2.7, 24mm','','2023-09-28 08:56:09',NULL,10),(161,'Screw, Locking, 2.7, 26mm','Screw, Locking, 2.7, 26mm','','2023-09-28 08:56:16',NULL,10),(162,'Screw, Locking, 2.7, 28mm','Screw, Locking, 2.7, 28mm','','2023-09-28 08:56:25',NULL,10),(163,'Screw, Locking, 2.7, 30mm','Screw, Locking, 2.7, 30mm','','2023-09-28 08:56:36',NULL,10),(164,'Screw, Locking, 2.7, 32mm','Screw, Locking, 2.7, 32mm','','2023-09-28 08:56:44',NULL,10),(165,'Screw, Locking, 2.7, 34mm','Screw, Locking, 2.7, 34mm','','2023-09-28 08:56:53',NULL,10),(166,'Screw, Locking, 3.5, 10mm','Screw, Locking, 3.5, 10mm','','2023-09-28 08:57:38',NULL,10),(167,'Screw, Locking, 3.5, 12mm','Screw, Locking, 3.5, 12mm','','2023-09-28 08:57:48',NULL,10),(168,'Screw, Locking, 3.5, 14mm','Screw, Locking, 3.5, 14mm','','2023-09-28 08:58:02',NULL,10),(169,'Screw, Locking, 3.5, 16mm','Screw, Locking, 3.5, 16mm','','2023-09-28 08:58:14',NULL,10),(170,'Screw, Locking, 3.5, 18mm','Screw, Locking, 3.5, 18mm','','2023-09-28 08:58:25',NULL,10),(171,'Screw, Locking, 3.5, 20mm','Screw, Locking, 3.5, 20mm','','2023-09-28 08:58:35',NULL,10),(172,'Screw, Locking, 3.5, 22mm','Screw, Locking, 3.5, 22mm','','2023-09-28 08:58:48',NULL,10),(173,'Screw, Locking, 3.5, 24mm','Screw, Locking, 3.5, 24mm','','2023-09-28 08:58:58',NULL,10),(174,'Screw, Locking, 3.5, 26mm','Screw, Locking, 3.5, 26mm','','2023-09-28 08:59:15',NULL,10),(175,'Screw, Locking, 3.5, 28mm','Screw, Locking, 3.5, 28mm','','2023-09-28 09:00:44',NULL,10),(176,'Screw, Locking, 3.5, 30mm','Screw, Locking, 3.5, 30mm','','2023-09-28 09:00:53',NULL,10),(177,'Screw, Locking, 3.5, 32mm','Screw, Locking, 3.5, 32mm','','2023-09-28 09:01:02',NULL,10),(178,'Screw, Locking, 3.5, 34mm','Screw, Locking, 3.5, 34mm','','2023-09-28 09:01:12',NULL,10),(179,'Screw, Locking, 3.5, 36mm','Screw, Locking, 3.5, 36mm','','2023-09-28 09:01:19',NULL,10),(180,'Screw, Locking, 3.5, 38mm','Screw, Locking, 3.5, 38mm','','2023-09-28 09:01:28',NULL,10),(181,'Screw, Locking, 3.5, 40mm','Screw, Locking, 3.5, 40mm','','2023-09-28 09:01:38',NULL,10),(182,'Screw, Locking, 3.5, 45mm','Screw, Locking, 3.5, 45mm','','2023-09-28 09:01:50',NULL,10),(183,'Screw, Locking, 3.5, 50mm','Screw, Locking, 3.5, 50mm','','2023-09-28 09:02:01',NULL,10),(184,'Screw, Locking, 3.5, 55mm','Screw, Locking, 3.5, 55mm','','2023-09-28 09:02:42',NULL,10),(185,'Screw, Locking, 3.5, 60mm','Screw, Locking, 3.5, 60mm','','2023-09-28 09:02:51',NULL,10),(186,'Drill, Arthrex, Battery Holder','Holder for Arthrex battery','','2023-09-28 09:11:10',NULL,2),(187,'Drill, Arthrex, Battery Aseptic Transfer Kit','Battery toilet seat','','2023-09-28 09:11:39','2023-09-28 09:12:10',2),(188,'Drill, Arthrex, Pin Collet','Pin Collet for Arthrex','','2023-09-28 09:11:59',NULL,1),(189,'Drill, Arthrex, Drill','The actual handpiece','','2023-09-28 09:12:34',NULL,2),(190,'Drill, Arthrex, Sagittal Saw Attachment','Sagittal saw for Arthrex drill','','2023-09-28 09:13:00',NULL,1),(191,'Drill, Arthrex, Quick Coupler','The thing that takes the drill bits.','','2023-09-28 09:16:41',NULL,2),(192,'Saw, TPLO, Handle','TPLO Saw Handle','','2023-09-28 09:17:03',NULL,2),(193,'Saw, TPLO, Hose','The pneumatic hose for the TPLO saw','','2023-09-28 09:17:18','2023-09-28 09:20:44',3),(194,'Saw, TPLO, Allen Wrench','Allen wrench for TPLO saw','','2023-09-28 09:17:34',NULL,3),(195,'Saw, TPLO, Blade Wrench','The thing that tightens the blade.','','2023-09-28 09:21:09',NULL,5),(196,'Plate, 2.7 TPLO, Left','L 2.7 TPLO plate','','2023-09-28 09:55:56','2023-10-02 13:57:33',2),(197,'Plate, 2.7, TPLO, Right, ','2.7mm Right TPLO plate','','2023-09-28 09:56:20','2023-10-02 13:58:43',2),(198,'Plate, 3.5, TPLO, Left','3.5mm left TPLO plate','','2023-09-28 09:56:42','2023-10-02 13:58:49',2),(199,'Plate,  3.5, TPLO, Right','Right 3.5mm TPLO plate','','2023-09-28 09:57:03','2023-10-02 13:58:36',2),(200,'Plate,  3.5, TPLO, Left, Broad','Broad left TPLO 3.5 plate.','','2023-09-28 09:57:25','2023-10-02 13:58:30',2),(201,'Plate, 3.5, TPLO, Right, Broad','Right broad 3.5mm TPLO plate','','2023-09-28 09:57:39','2023-10-02 13:59:02',2),(202,'Plate, 3.5, TPLO, Left, Short','Left short TPLO plate','','2023-09-28 09:58:31','2023-10-02 13:59:13',2),(203,'Plate, 3.5, TPLO, Right, Short','Short right TPLO plate','','2023-09-28 09:58:43','2023-10-02 13:59:17',2),(204,'Screw, Cancellous, 4.0, 12mm','Screw, Cancellous, 4.0, 12mm','','2023-09-28 10:03:55',NULL,2),(205,'Screw, Cancellous, 4.0, 14mm','Screw, Cancellous, 4.0, 14mm','','2023-09-28 10:04:05',NULL,2),(206,'Screw, Cancellous, 4.0, 16mm','Screw, Cancellous, 4.0, 16mm','','2023-09-28 10:04:14',NULL,2),(207,'Screw, Cancellous, 4.0, 18mm','Screw, Cancellous, 4.0, 18mm','','2023-09-28 10:04:30',NULL,2),(208,'Screw, Cancellous, 4.0, 20mm','Screw, Cancellous, 4.0, 20mm','','2023-09-28 10:04:45',NULL,2),(209,'Screw, Cancellous, 4.0, 22mm','Screw, Cancellous, 4.0, 22mm','','2023-09-28 10:04:58',NULL,2),(210,'Screw, Cancellous, 4.0, 24mm','Screw, Cancellous, 4.0, 24mm','','2023-09-28 10:05:07',NULL,2),(211,'Screw, Cancellous, 4.0, 26mm','Screw, Cancellous, 4.0, 26mm','','2023-09-28 10:05:15',NULL,2),(212,'Screw, Cancellous, 4.0, 28mm','Screw, Cancellous, 4.0, 28mm','','2023-09-28 10:05:23',NULL,2),(213,'Screw, Cancellous, 4.0, 30mm','Screw, Cancellous, 4.0, 30mm','','2023-09-28 10:05:33',NULL,2),(214,'Screw, Cancellous, 4.0, 32mm','Screw, Cancellous, 4.0, 32mm','','2023-09-28 10:05:46',NULL,2),(215,'Screw, Cancellous, 4.0, 34mm','Screw, Cancellous, 4.0, 34mm','','2023-09-28 10:06:02',NULL,2),(216,'Screw, Cancellous, 4.0, 36mm','Screw, Cancellous, 4.0, 36mm','','2023-09-28 10:06:11',NULL,2),(217,'Screw, Cancellous, 4.0, 38mm','Screw, Cancellous, 4.0, 38mm','','2023-09-28 10:06:23',NULL,2),(218,'Screw, Cancellous, 4.0, 40mm','Screw, Cancellous, 4.0, 40mm','','2023-09-28 10:06:33',NULL,2),(219,'Screw, Cancellous, 4.0, 42mm','Screw, Cancellous, 4.0, 42mm','','2023-09-28 10:06:46','2023-10-02 15:02:01',10),(220,'Screw, Cancellous, 4.0, 44mm','Screw, Cancellous, 4.0, 44mm','','2023-09-28 10:07:00','2023-10-02 15:02:05',10),(221,'Screw, Cancellous, 4.0, 45mm','Screw, Cancellous, 4.0, 45mm','','2023-09-28 10:07:12',NULL,1),(222,'Screw, Cancellous, 4.0, 46mm','Screw, Cancellous, 4.0, 46mm','','2023-09-28 10:07:22',NULL,1),(223,'Screw, Cancellous, 4.0, 50mm','Screw, Cancellous, 4.0, 50mm','','2023-09-28 10:07:36',NULL,4),(224,'Screw, Cortical, 3.5, 12mm','Screw, Cortical, 3.5, 12mm','','2023-09-28 10:08:32','2023-10-02 14:58:22',4),(225,'Screw, Cortical, 3.5, 14mm','Screw, Cortical, 3.5, 14mm','','2023-09-28 10:08:45','2023-10-02 14:59:13',4),(226,'Screw, Cortical, 3.5, 16mm','Screw, Cortical, 3.5, 16mm','','2023-09-28 10:08:54','2023-10-02 14:58:35',4),(227,'Screw, Cortical, 3.5, 18mm','Screw, Cortical, 3.5, 18mm','','2023-09-28 10:09:02','2023-10-02 14:58:45',4),(228,'Screw, Cortical, 3.5, 20mm','Screw, Cortical, 3.5, 20mm','','2023-09-28 10:09:12','2023-10-02 14:59:00',4),(229,'Screw, Cortical, 3.5, 22mm','Screw, Cortical, 3.5, 22mm','','2023-09-28 10:09:22','2023-10-02 14:59:09',2),(230,'Screw, Cortical, 3.5, 24mm','Screw, Cortical, 3.5, 24mm','','2023-09-28 10:09:34','2023-10-02 14:59:21',4),(231,'Screw, Cortical, 3.5, 26mm','Screw, Cortical, 3.5, 26mm ','','2023-09-28 10:09:42','2023-10-02 14:59:31',4),(232,'Screw, Cortical, 3.5, 28mm','Screw, Cortical, 3.5, 28mm','','2023-09-28 10:09:54','2023-10-02 14:59:40',4),(233,'Screw, Cortical, 3.5, 30mm','Screw, Cortical, 3.5, 30mm','','2023-09-28 10:10:05','2023-10-02 14:59:48',4),(234,'Screw, Cortical, 3.5, 32mm','Screw, Cortical, 3.5, 32mm','','2023-09-28 10:10:14','2023-10-02 14:59:59',4),(235,'Screw, Cortical, 3.5, 34mm','Screw, Cortical, 3.5, 34mm','','2023-09-28 10:10:36','2023-10-02 15:00:05',4),(236,'Screw, Cortical, 3.5, 36mm','Screw, Cortical, 3.5, 36mm','','2023-09-28 10:10:45','2023-10-02 15:00:11',4),(237,'Screw, Cortical, 3.5, 38mm','Screw, Cortical, 3.5, 38mm','','2023-09-28 10:10:57','2023-10-02 15:00:17',4),(238,'Screw, Cortical, 3.5, 40mm','Screw, Cortical, 3.5, 40mm','','2023-09-28 10:11:06','2023-10-02 15:00:23',4),(239,'Screw, Cortical, 3.5, 42mm','Screw, Cortical, 3.5, 42mm','','2023-09-28 10:11:20','2023-10-02 15:00:29',4),(240,'Screw, Cortical, 3.5, 44mm','Screw, Cortical, 3.5, 44mm','','2023-09-28 10:11:28','2023-10-02 15:00:36',4),(241,'Elevator, AO','Wood handle elevator','','2023-09-28 10:40:40','2023-10-02 12:20:59',5),(242,'Screwdriver, Hex Head','Hex head screwdriver','','2023-09-28 10:41:03',NULL,5),(243,'Screwdriver, Cruciform','Cruciform Screwdriver','','2023-09-28 10:41:14',NULL,5),(244,'Mallet','Mallet','','2023-09-28 10:41:38',NULL,5),(245,'Gauge, Rotation, 5-18mm','The ring of rulers','','2023-09-28 10:42:34','2023-10-02 11:53:51',5),(246,'Scissors, Metzenbaum, Small','Small metz','','2023-09-28 11:08:21',NULL,10),(247,'Forceps, Bone, Crab Claw, Small','Small crabclaw','','2023-09-28 11:12:04',NULL,5),(248,'Forceps, Bone, Crab Claw, Medium','Forceps, Bone, Crab Claw, Medium','','2023-09-28 11:12:17',NULL,5),(249,'Forceps, Bone, Crab Claw, Large','Forceps, Bone, Crab Claw, Large','','2023-09-28 11:12:29',NULL,5),(250,'Forceps, Bone, Kern, Small','Forceps, Bone, Kern , Small','','2023-09-28 11:13:07','2023-09-28 11:13:39',5),(251,'Forceps, Bone, Kern, Medium','Forceps, Bone, Kern , Medium','','2023-09-28 11:13:18','2023-09-28 11:13:44',5),(252,'Forceps, Bone, Kern, Large','Forceps, Bone, Kern, Large','','2023-09-28 11:13:34',NULL,5),(253,'Clamp, Bone, ASIF, Large, Speedlock','Clamp, Bone, ASIF, Large, Speedlock','','2023-09-28 11:14:33',NULL,5),(254,'Clamp, Bone, ASIF, Small, Speedlock','Clamp, Bone, ASIF, Small, Speedlock','','2023-09-28 11:14:43',NULL,5),(255,'Clamp, Bone, ASIF, Small, Ratchet','Clamp, Bone, ASIF, Small, Ratchet','','2023-09-28 11:17:25',NULL,5),(256,'Clamp, Bone, ASIF, Large, Ratchet','Clamp, Bone, ASIF, Large, Ratchet','','2023-09-28 11:17:35',NULL,5),(257,'Forceps, Rongeur, Single Action','Single action rongeur','','2023-09-28 11:19:15',NULL,5),(258,'Curette, Ear, Angled, 45','Ear curette, 45 degree','','2023-09-29 09:26:22','2023-10-02 15:31:23',10),(259,'Handle, Scalpel','Blade Handle','','2023-10-02 11:23:22',NULL,20),(260,'Needle Driver, Mayo-Hegar','Mayo-Hegar Needle Holder','','2023-10-02 11:26:06',NULL,10),(261,'Needle Driver, Ortho','Ortho needle driver','','2023-10-02 11:27:56',NULL,20),(262,'Drill, Guide, Threaded 2.8','Drill, Guide, Threaded 2.8','','2023-10-02 11:36:07',NULL,8),(263,'Drill, Guide, Threaded 2.0','Drill, Guide, Threaded 2.0','','2023-10-02 11:36:17',NULL,8),(264,'Sterilometer','Sterilometer for confirming sterility.','','2023-10-02 11:40:11',NULL,100),(265,'Plate Bending Irons','Synthes plate bending irons','','2023-10-02 11:48:33',NULL,10),(266,'Bar, Alignment, 6\"','Alignment Bar 6\"','','2023-10-02 11:52:13',NULL,6),(267,'Bar, Alignment, 4\"','Bar, Alignment, 4\"','','2023-10-02 11:52:25',NULL,6),(268,'Osteotome, #10','#10 Osteotome','','2023-10-02 11:52:48',NULL,8),(269,'Handle, Tap, T','T-Handle for taps','','2023-10-02 11:53:25',NULL,4),(270,'Pin, 1/8, Partially Threaded','Pin, 1/8, Partially Threaded','','2023-10-02 11:54:20',NULL,20),(271,'Pin, 1/8, Smooth','Smooth 1/8 Pin','','2023-10-02 11:54:37',NULL,20),(272,'Pin, 1/16 (0.062), Partially Threaded','Pin, 1/16 (0.062), Partially Threaded','','2023-10-02 11:55:01',NULL,20),(273,'Pin, 1/16 (0.062), Smooth','Pin, 1/16 (0.062), Smooth','','2023-10-02 11:55:21',NULL,20),(274,'Set Screw, Jig','Extra jig screw','','2023-10-02 11:55:41',NULL,5),(275,'Set Screw, Saw','Extra saw set screw','','2023-10-02 11:55:57',NULL,5),(276,'Drill Bit, 2.0','2.0 Drill Bit','','2023-10-02 11:56:40',NULL,10),(277,'Drill Tap, 2.0','2.0 Tap','','2023-10-02 11:57:17',NULL,5),(278,'Drill Tap, 4.0','Drill Tap, 4.0','','2023-10-02 11:59:11',NULL,5),(279,'Screw, Cortical, 4.0, 16mm','Screw, Cortical, 4.0, 16mm','','2023-10-02 12:09:50',NULL,20),(280,'Screw, Cortical, 4.0, 18mm','Screw, Cortical, 4.0, 18mm','','2023-10-02 12:10:00',NULL,20),(281,'Screw, Cortical, 4.0, 20mm','Screw, Cortical, 4.0, 20','','2023-10-02 12:10:15',NULL,20),(282,'Screw, Cortical, 4.0, 22mm','Screw, Cortical, 4.0, 22mm','','2023-10-02 12:10:33',NULL,20),(283,'Screw, Cortical, 4.0, 24mm','Screw, Cortical, 4.0, 24mm','','2023-10-02 12:10:44',NULL,20),(284,'Screw, Cortical, 4.0, 26mm','Screw, Cortical, 4.0, 26mm','','2023-10-02 12:12:26',NULL,20),(285,'Screw, Cortical, 4.0, 28mm','Screw, Cortical, 4.0, 28mm','','2023-10-02 12:13:02',NULL,20),(286,'Screw, Cortical, 4.0, 30mm','Screw, Cortical, 4.0, 30mm','','2023-10-02 12:13:12',NULL,20),(287,'Screw, Cortical, 4.0, 32mm','Screw, Cortical, 4.0, 32mm','','2023-10-02 12:13:27',NULL,20),(288,'Screw, Cortical, 4.0, 35mm','Screw, Cortical, 4.0, 35mm','','2023-10-02 12:13:37',NULL,20),(289,'Screw, Cortical, 4.0, 40mm','Screw, Cortical, 4.0, 40mm','','2023-10-02 12:13:47',NULL,20),(290,'Screw, Cortical, 4.0, 45mm','Screw, Cortical, 4.0, 45mm','','2023-10-02 12:13:58',NULL,20),(291,'Screw, Cortical, 4.0, 50mm','Screw, Cortical, 4.0, 50mm','','2023-10-02 12:14:08',NULL,20),(292,'Screw, Cortical, 4.0, 55mm','Screw, Cortical, 4.0, 55mm','','2023-10-02 12:14:45',NULL,20),(293,'Drill Guide, 3.5, Green/Gold DCP','Green / Gold drill guide.','','2023-10-02 12:23:20',NULL,5),(294,'Wire, Cerclage, #18','Spool of Wire, Cerclage, #18','','2023-10-02 12:35:15',NULL,20),(295,'Wire, Cerclage, #20','Spool of Wire, Cerclage, #20','','2023-10-02 12:35:37',NULL,2),(296,'Hand Chuck, Key','Key for Hand Chuck','','2023-10-02 12:35:54',NULL,20),(297,'Hand Chuck, Extension','Extension for hand chuck','','2023-10-02 12:36:07',NULL,20),(298,'KWire, 0.062','0.062 KWire','','2023-10-02 12:37:42',NULL,20),(299,'Pin, 5/64','5/64 Pin','','2023-10-02 12:39:22',NULL,20),(300,'Pin, 3/32','3/32 Pin','','2023-10-02 12:39:44',NULL,20),(301,'KWire, 0.045','0.045 KWire','','2023-10-02 13:18:04',NULL,20),(302,'Kwire, 0.035','0.035 Kwire','','2023-10-02 13:18:17',NULL,20),(303,'Pin, 7/64','Pin, 7/64','','2023-10-02 13:18:57',NULL,20),(304,'Pin, 9/64','Pin, 9/64','','2023-10-02 13:19:21',NULL,20),(305,'Pin, 5/32','Pin, 5/32','','2023-10-02 13:19:42',NULL,20),(306,'Pin, 3/16','Pin, 3/16','','2023-10-02 13:19:53',NULL,20),(307,'Pin, 1/14','Pin, 1/14','','2023-10-02 13:20:05',NULL,20),(308,'Saw, Sagittal, Hand Piece','Saw, Sagittal, Hand Piece','','2023-10-02 13:24:08',NULL,3),(309,'Saw, Sagittal, Cable','Saw, Sagittal, Cable','','2023-10-02 13:24:16',NULL,3),(310,'Saw, Sagittal, Blade','Saw, Sagittal, Blade','','2023-10-02 13:24:29',NULL,5),(311,'Saw, Sagittal, Allen Wrench','Sagittal Saw allen wrench','','2023-10-02 13:24:48',NULL,5),(312,'Saw, Oscillating, Hand Piece','Saw, Oscillating, Hand Piece','','2023-10-02 13:25:27',NULL,3),(313,'Saw, Oscillating, Cable','Saw, Oscillating, Cable','','2023-10-02 13:25:36',NULL,5),(314,'Saw, Oscillating, Key','Saw, Oscillating, Key','','2023-10-02 13:25:49',NULL,3),(315,'Saw, Oscillating, Blade','Saw, Oscillating, Blade','','2023-10-02 13:26:00',NULL,5),(316,'Screwdriver, Hex Head, Small','Small hexagon screwdriver w/ holding sleeve','','2023-10-02 13:29:09',NULL,2),(317,'Slocum 2.7 Jig','Slocum 2.7 Jig','','2023-10-02 13:30:40',NULL,3),(318,'Drill Guide, 1.5/2.0 Green/Gold DCP','Drill Guide, 1.5/2.0 Green/Gold DCP','','2023-10-02 13:31:24',NULL,3),(319,'Drill Guide, 2.0/2.7 Green/Gold DCP','Drill Guide, 2.0/2.7 Green/Gold DCP','','2023-10-02 13:31:45',NULL,3),(320,'Sleeve, Drill, 1.5','Sleeve, Drill, 1.5','','2023-10-02 13:32:06',NULL,10),(321,'Sleeve, Drill, 2.0','Sleeve, Drill, 2.0','','2023-10-02 13:32:14',NULL,5),(322,'Handle, Quick Coupling, 2.0','Handle, Quick Coupling, 2.0','','2023-10-02 13:32:31',NULL,5),(323,'Drill Tap, 2.7','2.7 Drill Tap','','2023-10-02 13:33:26',NULL,5),(324,'Sleeve, Drill, 1.8','Sleeve, Drill, 1.8','','2023-10-02 13:34:50',NULL,5),(325,'Sleeve, Drill, 2.4','Sleeve, Drill, 2.4','','2023-10-02 13:34:57',NULL,5),(326,'Screw, Cortical, 2.0, 22mm','Screw, Cortical, 2.0, 22mm','','2023-10-02 13:42:35',NULL,20),(327,'Screw, Cortical, 2.0, 24mm','Screw, Cortical, 2.0, 24mm','','2023-10-02 13:42:46',NULL,20),(328,'Screw, Cortical, 2.0, 26mm','Screw, Cortical, 2.0, 26mm','','2023-10-02 13:42:53',NULL,10),(329,'Screw, Cortical, 2.0, 28mm','Screw, Cortical, 2.0, 28mm','','2023-10-02 13:43:10',NULL,20),(330,'Screw, Cortical, 2.0, 30mm','Screw, Cortical, 2.0, 30mm','','2023-10-02 13:43:20',NULL,20),(331,'Screw, Cortical, 2.0, 32mm','Screw, Cortical, 2.0, 32mm','','2023-10-02 13:43:27',NULL,10),(332,'Countersink, 2.7','Countersink, 2.7','','2023-10-02 13:49:44',NULL,3),(333,'Sleeve, Drill, 2.7','Sleeve, Drill, 2.7','','2023-10-02 13:50:00',NULL,3),(334,'Sleeve, Drill, 3.5','Sleeve, Drill, 3.5','','2023-10-02 13:50:14',NULL,10),(335,'Washer, Smooth, 7.0','Washer, Smooth, 7.0','','2023-10-02 13:50:43',NULL,10),(336,'Plate, 2.7, LC-DCP, 4 Hole','Plate, 2.7, LC-DCP, 4 Hole','','2023-10-02 13:52:04','2023-10-02 13:52:17',5),(337,'Plate, 2.7, LC-DCP, 5 Hole','Plate, 2.7, LC-DCP, 5 Hole','','2023-10-02 13:54:00',NULL,10),(338,'Plate, 2.7, LC-DCP, 6 Hole','Plate, 2.7, LC-DCP, 6 Hole','','2023-10-02 13:54:14',NULL,10),(339,'Plate, 2.7, LC-DCP, 7 Hole','Plate, 2.7, LC-DCP, 7 Hole','','2023-10-02 13:54:28',NULL,10),(340,'Plate, 2.7, LC-DCP, 8 Hole','Plate, 2.7, LC-DCP, 8 Hole','','2023-10-02 13:54:42',NULL,10),(341,'Plate, 2.7, LC-DCP, 9 Hole','Plate, 2.7, LC-DCP, 9 Hole','','2023-10-02 13:54:51',NULL,10),(342,'Plate, 2.7, LC-DCP, 10 Hole','Plate, 2.7, LC-DCP, 10 Hole','','2023-10-02 13:54:59',NULL,10),(343,'Plate, 2.7, LC-DCP, 11 Hole','Plate, 2.7, LC-DCP, 11 Hole','','2023-10-02 13:55:07',NULL,10),(344,'Plate, 2.7, LC-DCP, 12 Hole','Plate, 2.7, LC-DCP, 12 Hole','','2023-10-02 13:55:16',NULL,10),(345,'Plate, 3.5, LC-DCP, 4 Hole','Plate, 3.5, LC-DCP, 4 Hole','','2023-10-02 13:55:51',NULL,10),(346,'Plate, 3.5, LC-DCP, 5 Hole','Plate, 3.5, LC-DCP, 5 Hole','','2023-10-02 13:56:00',NULL,10),(347,'Plate, 3.5, LC-DCP, 6 Hole','Plate, 3.5, LC-DCP, 6 Hole','','2023-10-02 13:56:08',NULL,10),(348,'Plate, 3.5, LC-DCP, 7 Hole','Plate, 3.5, LC-DCP, 7 Hole','','2023-10-02 13:56:17',NULL,10),(349,'Plate, 3.5, LC-DCP, 8 Hole','Plate, 3.5, LC-DCP, 8 Hole','','2023-10-02 13:56:31',NULL,10),(350,'Plate, 3.5, LC-DCP, 9 Hole','Plate, 3.5, LC-DCP, 9 Hole','','2023-10-02 13:56:39',NULL,10),(351,'Plate, 3.5, LC-DCP, 10 Hole','Plate, 3.5, LC-DCP, 10 Hole','','2023-10-02 13:56:48',NULL,10),(352,'Plate, 3.5, LC-DCP, 11 Hole','Plate, 3.5, LC-DCP, 11 Hole','','2023-10-02 13:56:59',NULL,10),(353,'Plate, 3.5, LC-DCP, 12 Hole','Plate, 3.5, LC-DCP, 12 Hole','','2023-10-02 13:57:07',NULL,10),(354,'Plate, 3.5, LC-DCP, Broad, 7 Hole','Plate, 3.5, LC-DCP, Broad, 7 Hole','','2023-10-02 14:00:01',NULL,10),(355,'Plate, 3.5, LC-DCP, Broad, 8 Hole','Plate, 3.5, LC-DCP, Broad, 8 Hole','','2023-10-02 14:00:12',NULL,10),(356,'Plate, 3.5, LC-DCP, Broad, 9 Hole','Plate, 3.5, LC-DCP, Broad, 9 Hole','','2023-10-02 14:00:20',NULL,10),(357,'Plate, 3.5, LC-DCP, Broad, 10 Hole','Plate, 3.5, LC-DCP, Broad, 10 Hole','','2023-10-02 14:00:29',NULL,10),(358,'Plate, 3.5, LC-DCP, Broad, 11 Hole','Plate, 3.5, LC-DCP, Broad, 11 Hole','','2023-10-02 14:00:36',NULL,10),(359,'Plate, 3.5, LC-DCP, Broad, 12 Hole','Plate, 3.5, LC-DCP, Broad, 12 Hole','','2023-10-02 14:00:46',NULL,10),(360,'Plate, 3.5, LC-DCP, Broad, 13 Hole','Plate, 3.5, LC-DCP, Broad, 13 Hole','','2023-10-02 14:00:54',NULL,10),(361,'Plate, 3.5, LC-DCP, Broad, 14 Hole','Plate, 3.5, LC-DCP, Broad, 14 Hole','','2023-10-02 14:01:04',NULL,10),(362,'Plate, 2.0/1.5, Cuttable, 50 Hole','Plate, 2.0/1.5, Cuttable, 50 Hole','','2023-10-02 14:01:44','2023-10-02 14:03:04',10),(363,'Plate, 2.7/2.0, Cuttable, 50 Hole','Plate, 2.7/2.0, Cuttable, 50 Hole','','2023-10-02 14:01:59','2023-10-02 14:02:58',10),(364,'Plate, 1.5, Round Edge Cuttable','Plate, 1.5, Round Edge Cuttable','','2023-10-02 14:03:23',NULL,10),(365,'Plate, 2.0, Round Edge Cuttable','Plate, 2.0, Round Edge Cuttable','','2023-10-02 14:03:35',NULL,10),(366,'Handle, Tap, Wooden','Wooden Tap Handle','','2023-10-02 14:05:18',NULL,3),(367,'Drill, Micro Aire, Hand Piece','Drill, Micro Aire, Hand Piece','','2023-10-02 14:21:39',NULL,5),(368,'Drill, Micro Aire, Hose','Drill, Micro Aire, Hose','','2023-10-02 14:21:48',NULL,5),(369,'Drill, Micro Aire, Sagittal Saw Coupler','Drill, Micro Aire, Sagittal Saw Coupler','','2023-10-02 14:22:01',NULL,5),(370,'Drill, Micro Aire, Wire Driver Coupler','Drill, Micro Aire, Wire Driver Coupler','','2023-10-02 14:22:17',NULL,5),(371,'Drill, Micro Aire, Pin Driver Coupler','Drill, Micro Aire, Pin Driver Coupler','','2023-10-02 14:22:28',NULL,5),(372,'Drill, Micro Aire, Jacob\'s Driver Coupler','Drill, Micro Aire, Jacob\'s Driver Coupler','','2023-10-02 14:23:10',NULL,5),(373,'Drill, Micro Aire, Synthes Driver Coupler','Drill, Micro Aire, Synthes Driver Coupler','','2023-10-02 14:23:48',NULL,5),(374,'Blade, Saw, Sagittal 4.0mm','Blade, Saw, Sagittal 4.0mm','','2023-10-02 14:25:50',NULL,5),(375,'Blade, Saw, Sagittal 14.0mm','Blade, Saw, Sagittal 14.0mm','','2023-10-02 14:26:00',NULL,5),(376,'Drill, TPS Micro Driver, Handpiece','Drill, TPS Micro Driver, Handpiece','','2023-10-02 14:26:38',NULL,3),(377,'Drill, TPS Micro Driver, Cable','Drill, TPS Micro Driver, Cable','','2023-10-02 14:26:50',NULL,3),(378,'Drill, TPS Micro Driver, Synthes Chuck Coupler','Drill, TPS Micro Driver, Synthes Chuck Coupler','','2023-10-02 14:27:31',NULL,3),(379,'Drill, TPS Micro Driver, Jacob\'s Chuck Coupler','Drill, TPS Micro Driver, Jacob\'s Chuck Coupler','','2023-10-02 14:27:50',NULL,3),(380,'Drill, TPS Micro Driver, Jacob\'s Chuck Coupler, Key','Drill, TPS Micro Driver, Jacob\'s Chuck Coupler, Key','','2023-10-02 14:28:01',NULL,3),(381,'Drill, TPS Micro Driver, Pin Driver Coupler 1.7-1.8','Drill, TPS Micro Driver, Pin Driver Coupler 1.7-1.8','','2023-10-02 14:28:24',NULL,3),(382,'Drill, TPS Micro Driver, Pin Driver Coupler 2.0-3.2','Drill, TPS Micro Driver, Pin Driver Coupler 2.0-3.2','','2023-10-02 14:28:38',NULL,3),(383,'Screw, Cortical, 1.5, 6mm','Screw, Cortical, 1.5, 6mm','','2023-10-02 14:31:40',NULL,20),(384,'Screw, Cortical, 1.5, 7mm','Screw, Cortical, 1.5, 7mm','','2023-10-02 14:31:49',NULL,10),(385,'Screw, Cortical, 1.5, 8mm','Screw, Cortical, 1.5, 8mm','','2023-10-02 14:32:01',NULL,10),(386,'Screw, Cortical, 1.5, 9mm','Screw, Cortical, 1.5, 9mm','','2023-10-02 14:32:11',NULL,10),(387,'Screw, Cortical, 1.5, 10mm','Screw, Cortical, 1.5, 10mm','','2023-10-02 14:32:18',NULL,10),(388,'Screw, Cortical, 1.5, 11mm','Screw, Cortical, 1.5, 11mm','','2023-10-02 14:32:29',NULL,10),(389,'Screw, Cortical, 1.5, 12mm','Screw, Cortical, 1.5, 12mm','','2023-10-02 14:32:36',NULL,10),(390,'Screw, Cortical, 1.5, 14mm','Screw, Cortical, 1.5, 14mm','','2023-10-02 14:32:44',NULL,10),(391,'Screw, Cortical, 1.5, 16mm','Screw, Cortical, 1.5, 16mm','','2023-10-02 14:32:52',NULL,10),(392,'Screw, Cortical, 1.5, 18mm','Screw, Cortical, 1.5, 18mm','','2023-10-02 14:33:01',NULL,10),(393,'Screw, Cortical, 1.5, 20mm','Screw, Cortical, 1.5, 20mm','','2023-10-02 14:33:10',NULL,10),(394,'Screw, Cortical, 2.0, 6mm','Screw, Cortical, 2.0, 6mm','','2023-10-02 14:33:41',NULL,10),(395,'Screw, Cortical, 2.0, 8mm','Screw, Cortical, 2.0, 8mm','','2023-10-02 14:33:48',NULL,10),(396,'Screw, Cortical, 2.0, 10mm','Screw, Cortical, 2.0, 10mm','','2023-10-02 14:33:56',NULL,10),(397,'Screw, Cortical, 2.0, 12mm','Screw, Cortical, 2.0, 12mm','','2023-10-02 14:34:05',NULL,10),(398,'Screw, Cortical, 2.0, 14mm','Screw, Cortical, 2.0, 14mm','','2023-10-02 14:34:12',NULL,10),(399,'Screw, Cortical, 2.0, 16mm','Screw, Cortical, 2.0, 16mm','','2023-10-02 14:34:24',NULL,10),(400,'Screw, Cortical, 2.0, 18mm','Screw, Cortical, 2.0, 18mm','','2023-10-02 14:34:30',NULL,10),(401,'Screw, Cortical, 2.0, 20mm','Screw, Cortical, 2.0, 20mm','','2023-10-02 14:34:39',NULL,10),(402,'Screw, Cortical, 2.0, 34mm','Screw, Cortical, 2.0, 34mm','','2023-10-02 14:34:57',NULL,10),(403,'Screw, Cortical, 2.0, 36mm','Screw, Cortical, 2.0, 36mm','','2023-10-02 14:35:04',NULL,10),(404,'Screw, Cortical, 2.0, 38mm','Screw, Cortical, 2.0, 38mm','','2023-10-02 14:35:15',NULL,10),(405,'Screw, Cortical, 2.0, 40mm','Screw, Cortical, 2.0, 40mm','','2023-10-02 14:35:24',NULL,10),(406,'Screw, Cortical, 2.4, 8mm','Screw, Cortical, 2.4, 8mm','','2023-10-02 14:35:50',NULL,10),(407,'Screw, Cortical, 2.4, 10mm','Screw, Cortical, 2.4, 10mm','','2023-10-02 14:36:02',NULL,10),(408,'Screw, Cortical, 2.4, 12mm','Screw, Cortical, 2.4, 12mm','','2023-10-02 14:36:09',NULL,10),(409,'Screw, Cortical, 2.4, 14mm','Screw, Cortical, 2.4, 14mm','','2023-10-02 14:36:17',NULL,10),(410,'Screw, Cortical, 2.4, 16mm','Screw, Cortical, 2.4, 16mm','','2023-10-02 14:36:24',NULL,10),(411,'Screw, Cortical, 2.4, 18mm','Screw, Cortical, 2.4, 18mm','','2023-10-02 14:36:32',NULL,10),(412,'Screw, Cortical, 2.4, 20mm','Screw, Cortical, 2.4, 20mm','','2023-10-02 14:36:38',NULL,10),(413,'Screw, Cortical, 2.4, 22mm','Screw, Cortical, 2.4, 22mm','','2023-10-02 14:36:46',NULL,10),(414,'Screw, Cortical, 2.4, 24mm','Screw, Cortical, 2.4, 24mm','','2023-10-02 14:36:54',NULL,10),(415,'Screw, Cortical, 2.4, 26mm','Screw, Cortical, 2.4, 26mm','','2023-10-02 14:37:19',NULL,10),(416,'Screw, Cortical, 2.4, 28mm','Screw, Cortical, 2.4, 28mm','','2023-10-02 14:37:27',NULL,10),(417,'Screw, Cortical, 2.4, 30mm','Screw, Cortical, 2.4, 30mm','','2023-10-02 14:37:33',NULL,10),(418,'Screw, Cortical, 2.4, 32mm','Screw, Cortical, 2.4, 32mm','','2023-10-02 14:37:41',NULL,10),(419,'Screw, Cortical, 2.4, 34mm','Screw, Cortical, 2.4, 34mm','','2023-10-02 14:37:47',NULL,10),(420,'Screw, Cortical, 2.4, 36mm','Screw, Cortical, 2.4, 36mm','','2023-10-02 14:37:53',NULL,10),(421,'Screw, Cortical, 2.4, 38mm','Screw, Cortical, 2.4, 38mm','','2023-10-02 14:37:59',NULL,10),(422,'Screw, Cortical, 2.4, 40mm','Screw, Cortical, 2.4, 40mm','','2023-10-02 14:38:06',NULL,10),(423,'Screw, Cortical, 2.7, 6mm','Screw, Cortical, 2.7, 6mm','','2023-10-02 14:55:33',NULL,10),(424,'Screw, Cortical, 2.7, 8mm','Screw, Cortical, 2.7, 8mm','','2023-10-02 14:55:46',NULL,10),(425,'Screw, Cortical, 2.7, 10mm','Screw, Cortical, 2.7, 10mm','','2023-10-02 14:56:00',NULL,10),(426,'Screw, Cortical, 2.7, 12mm','Screw, Cortical, 2.7, 12mm','','2023-10-02 14:56:07',NULL,10),(427,'Screw, Cortical, 2.7, 14mm','Screw, Cortical, 2.7, 14mm','','2023-10-02 14:56:13',NULL,10),(428,'Screw, Cortical, 2.7, 16mm','Screw, Cortical, 2.7, 16mm','','2023-10-02 14:56:20',NULL,10),(429,'Screw, Cortical, 2.7, 18mm','Screw, Cortical, 2.7, 18mm','','2023-10-02 14:56:27',NULL,10),(430,'Screw, Cortical, 2.7, 20mm','Screw, Cortical, 2.7, 20mm','','2023-10-02 14:56:34',NULL,10),(431,'Screw, Cortical, 2.7, 22mm','Screw, Cortical, 2.7, 22mm','','2023-10-02 14:56:40',NULL,10),(432,'Screw, Cortical, 2.7, 24mm','Screw, Cortical, 2.7, 24mm','','2023-10-02 14:56:47',NULL,10),(433,'Screw, Cortical, 2.7, 26mm','Screw, Cortical, 2.7, 26mm','','2023-10-02 14:57:00',NULL,10),(434,'Screw, Cortical, 2.7, 28mm','Screw, Cortical, 2.7, 28mm','','2023-10-02 14:57:09',NULL,10),(435,'Screw, Cortical, 2.7, 30mm','Screw, Cortical, 2.7, 30mm','','2023-10-02 14:57:17',NULL,10),(436,'Screw, Cortical, 2.7, 32mm','Screw, Cortical, 2.7, 30mm','','2023-10-02 14:57:21',NULL,10),(437,'Screw, Cortical, 2.7, 34mm','Screw, Cortical, 2.7, 34mm','','2023-10-02 14:57:28',NULL,10),(438,'Screw, Cortical, 2.7, 36mm','Screw, Cortical, 2.7, 36mm','','2023-10-02 14:57:38',NULL,10),(439,'Screw, Cortical, 2.7, 38mm','Screw, Cortical, 2.7, 38mm','','2023-10-02 14:57:44',NULL,10),(440,'Screw, Cortical, 2.7, 40mm','Screw, Cortical, 2.7, 40mm','','2023-10-02 14:57:52',NULL,10),(441,'Screw, Cortical, 3.5, 10mm','Screw, Cortical, 3.5, 10mm','','2023-10-02 15:00:57',NULL,10),(442,'Screw, Cortical, 3.5, 46mm','Screw, Cortical, 3.5, 46mm','','2023-10-02 15:01:15',NULL,10),(443,'Screw, Cortical, 3.5, 48mm','Screw, Cortical, 3.5, 48mm','','2023-10-02 15:01:23',NULL,10),(444,'Screw, Cancellous, 4.0, 55mm','Screw, Cancellous, 4.0, 55mm','','2023-10-02 15:01:55',NULL,10),(445,'Screw, Cancellous, 4.0, 10mm','Screw, Cancellous, 4.0, 10mm','','2023-10-02 15:02:16',NULL,10),(446,'Scope, 2.7','Scope, 2.7, 30 degree','','2023-10-02 15:10:07','2023-10-02 15:10:57',1),(447,'Conical Oburator, 1.9','Conical Oburator','','2023-10-02 15:10:23','2023-10-04 11:39:50',1),(448,'Sheath','Sheath for scope.','','2023-10-02 15:10:34',NULL,3),(449,'Scope, 2.4','Scope 2.4, 30 degree','','2023-10-02 15:10:53',NULL,1),(450,'Plate, 2.7, LCP, 4 Hole','Plate, 2.7, LCP, 4 Hole','','2023-10-02 15:15:49',NULL,10),(451,'Plate, 2.7, LCP, 5 Hole','Plate, 2.7, LCP, 5 Hole','','2023-10-02 15:16:03',NULL,10),(452,'Plate, 2.7, LCP, 6 Hole','Plate, 2.7, LCP, 6 Hole','','2023-10-02 15:16:11','2023-10-02 15:16:23',10),(453,'Plate, 2.7, LCP, 7 Hole','Plate, 2.7, LCP, 7 Hole','','2023-10-02 15:16:19',NULL,10),(454,'Plate, 2.7, LCP, 8 Hole','Plate, 2.7, LCP, 7 Hole','','2023-10-02 15:16:34',NULL,10),(455,'Plate, 2.7, LCP, 9 Hole','Plate, 2.7, LCP, 9 Hole','','2023-10-02 15:16:45',NULL,10),(456,'Plate, 2.7, LCP, 10 Hole','Plate, 2.7, LCP, 10 Hole','','2023-10-02 15:16:52',NULL,10),(457,'Plate, 2.7, LCP, 11 Hole','Plate, 2.7, LCP, 11 Hole','','2023-10-02 15:16:58',NULL,10),(458,'Plate, 2.7, LCP, 12 Hole','Plate, 2.7, LCP, 12 Hole','','2023-10-02 15:17:03',NULL,10),(459,'Plate, 3.5, LCP, 5 Hole','Plate, 3.5, LCP, 5 Hole','','2023-10-02 15:17:46',NULL,10),(460,'Plate, 3.5, LCP, 6 Hole','Plate, 3.5, LCP, 6 Hole','','2023-10-02 15:17:56',NULL,10),(461,'Plate, 3.5, LCP, 7 Hole','Plate, 3.5, LCP, 7 Hole','','2023-10-02 15:18:04',NULL,10),(462,'Plate, 3.5, LCP, 8 Hole','Plate, 3.5, LCP, 8 Hole','','2023-10-02 15:18:17',NULL,10),(463,'Plate, 3.5, LCP, 9 Hole','Plate, 3.5, LCP, 9 Hole','','2023-10-02 15:18:25',NULL,10),(464,'Plate, 3.5, LCP, 10 Hole','Plate, 3.5, LCP, 10 Hole','','2023-10-02 15:18:35',NULL,10),(465,'Plate, 3.5, LCP, 11 Hole','Plate, 3.5, LCP, 11 Hole','','2023-10-02 15:18:44',NULL,10),(466,'Plate, 3.5, LCP, 12 Hole','Plate, 3.5, LCP, 12 Hole','','2023-10-02 15:18:49',NULL,10),(467,'Plate, 3.5, LCP, 13 Hole','Plate, 3.5, LCP, 13 Hole','','2023-10-02 15:18:57',NULL,10),(468,'Plate, 3.5, LCP, 14 Hole','Plate, 3.5, LCP, 14 Hole','','2023-10-02 15:19:05',NULL,10),(469,'Plate, 3.5, LCP, 15 Hole','Plate, 3.5, LCP, 15 Hole','','2023-10-02 15:19:13',NULL,10),(470,'Plate, 3.5, LCP, 16 Hole','Plate, 3.5, LCP, 16 Hole','','2023-10-02 15:19:19',NULL,10),(471,'Plate, 3.5, LCP, Broad, 7 Hole','Plate, 3.5, LCP, Broad, 7 Hole','','2023-10-02 15:19:37',NULL,10),(472,'Plate, 3.5, LCP, Broad, 8 Hole','Plate, 3.5, LCP, Broad, 8 Hole','','2023-10-02 15:19:57',NULL,10),(473,'Plate, 3.5, LCP, Broad, 9 Hole','Plate, 3.5, LCP, Broad, 9 Hole','','2023-10-02 15:20:03',NULL,10),(474,'Plate, 3.5, LCP, Broad, 10 Hole','Plate, 3.5, LCP, Broad, 10 Hole','','2023-10-02 15:20:08',NULL,10),(475,'Plate, 3.5, LCP, Broad, 11 Hole','Plate, 3.5, LCP, Broad, 11 Hole','','2023-10-02 15:20:29',NULL,10),(476,'Plate, 3.5, LCP, Broad, 12 Hole','Plate, 3.5, LCP, Broad, 12 Hole','','2023-10-02 15:20:39',NULL,10),(477,'Plate, 3.5, LCP, Broad, 13 Hole','Plate, 3.5, LCP, Broad, 13 Hole','','2023-10-02 15:20:45',NULL,10),(478,'Plate, 3.5, LCP, Broad, 14 Hole','Plate, 3.5, LCP, Broad, 14 Hole','','2023-10-02 15:20:52',NULL,10),(479,'Plate, 3.5, LCP, Broad, 15 Hole','Plate, 3.5, LCP, Broad, 15 Hole','','2023-10-02 15:21:04',NULL,10),(480,'Plate, 3.5, LCP, Broad, 16 Hole','Plate, 3.5, LCP, Broad, 16 Hole','','2023-10-02 15:21:15',NULL,10),(481,'Plate, 3.5, LCP, Broad, 17 Hole','Plate, 3.5, LCP, Broad, 17 Hole','','2023-10-02 15:21:22',NULL,10),(482,'Plate, 3.5, LCP, Broad, 18 Hole','Plate, 3.5, LCP, Broad, 18 Hole','','2023-10-02 15:21:30',NULL,10),(483,'Plate, 3.5, LCP, Broad, 20 Hole','Plate, 3.5, LCP, Broad, 20 Hole','','2023-10-02 15:21:37',NULL,10),(484,'Plate, 3.5, LCP, Broad, 22 Hole','Plate, 3.5, LCP, Broad, 22 Hole','','2023-10-02 15:21:44',NULL,10),(485,'Drill, Hall Air, Hand Piece','Drill, Hall Air, Hand Piece','','2023-10-02 15:27:45','2023-10-02 15:28:13',2),(486,'Drill, Hall Air, Hose','Drill, Hall Air, Hose','','2023-10-02 15:28:05',NULL,1),(487,'Drill, Hall Air, Burrs','Drill, Hall Air, Burrs, Back Pack, Variety, Burr','','2023-10-02 15:30:40',NULL,3),(488,'Drill, Hall Air, Burr Guards','Drill, Hall Air, Burr Guards, Variety, Back','','2023-10-02 15:30:54',NULL,3),(489,'Curette, Ear, Angled, 90','Curette, Ear, Angled, 90 degree','','2023-10-02 15:31:36',NULL,10),(490,'Hook, Cross Ear, With Spoon','Hook, Cross Ear, With Spoon','','2023-10-02 15:31:54',NULL,10),(491,'Curette, Excavator','Curette, Excavator','','2023-10-02 15:32:08',NULL,3),(492,'Pick, Root Tip','Pick, Root Tip','','2023-10-02 15:32:17',NULL,10),(493,'Retractor, Inge Lamina','Inge Lamina Spreader','','2023-10-02 15:33:27',NULL,2),(494,'Dean Knife Needle','Disc Knife','','2023-10-02 15:33:36',NULL,2),(495,'Forceps, Dressing, Bishop Harmon w/o Teeth','Forceps, Dressing, Bishop Harmon without Teeth','','2023-10-02 15:34:16',NULL,1),(496,'Forceps, Tissue, Bishop Harmon w/ Teeth','Forceps, Tissue, Bishop Harmon w/ Teeth','','2023-10-02 15:34:28',NULL,2),(497,'Suction, Frazier Tip, #7','Suction, Frazier Tip, #7','','2023-10-02 15:34:52',NULL,1),(498,'Washer, Smooth, 4.5','Washer, Smooth, 4.5','','2023-10-02 15:50:45',NULL,10),(499,'Plate, 1.5, T, 4 Holes','Plate, 1.5, T, 4 Holes','','2023-10-02 15:51:13',NULL,3),(500,'Plate, 2.0, T, 4 Holes','Plate, 2.0, T, 4 Holes','','2023-10-02 15:51:27',NULL,4),(501,'Plate, 1.5, LC-DCP, 4 Hole','Plate, 1.5, LC-DCP, 4 Hole','','2023-10-02 15:52:16',NULL,10),(502,'Plate, 1.5, LC-DCP, 5 Hole','Plate, 1.5, LC-DCP, 5 Hole','','2023-10-02 15:52:25',NULL,10),(503,'Plate, 1.5, LC-DCP, 6 Hole','Plate, 1.5, LC-DCP, 6 Hole','','2023-10-02 15:52:32',NULL,10),(504,'Plate, 1.5, LC-DCP, 7 Hole','Plate, 1.5, LC-DCP, 7 Hole','','2023-10-02 15:52:40',NULL,10),(505,'Plate, 1.5, LC-DCP, 8 Hole','Plate, 1.5, LC-DCP, 8 Hole','','2023-10-02 15:52:47',NULL,10),(506,'Plate, 1.5, LC-DCP, 9 Hole','Plate, 1.5, LC-DCP, 9 Hole','','2023-10-02 15:52:57',NULL,10),(507,'Plate, 1.5, LC-DCP, 10 Hole','Plate, 1.5, LC-DCP, 10 Hole','','2023-10-02 15:53:05',NULL,10),(508,'Plate, 2.0, LC-DCP, 4 Hole','Plate, 2.0, LC-DCP, 4 Hole','','2023-10-02 15:53:34',NULL,10),(509,'Plate, 2.0, LC-DCP, 5 Hole','Plate, 2.0, LC-DCP, 5 Hole','','2023-10-02 15:53:39',NULL,10),(510,'Plate, 2.0, LC-DCP, 6 Hole','Plate, 2.0, LC-DCP, 6 Hole','','2023-10-02 15:53:46',NULL,10),(511,'Plate, 2.0, LC-DCP, 7 Hole','Plate, 2.0, LC-DCP, 7 Hole','','2023-10-02 15:53:55',NULL,10),(512,'Plate, 2.0, LC-DCP, 8 Hole','Plate, 2.0, LC-DCP, 8 Hole','','2023-10-02 15:54:03',NULL,10),(513,'Plate, 2.0, LC-DCP, 9 Hole','Plate, 2.0, LC-DCP, 9 Hole','','2023-10-02 15:54:08',NULL,10),(514,'Plate, 2.0, LC-DCP, 10 Hole','Plate, 2.0, LC-DCP, 10 Hole','','2023-10-02 15:54:13',NULL,10),(515,'Plate, 2.4, LC-DCP, 4 Hole','Plate, 2.4, LC-DCP, 4 Hole','','2023-10-02 15:54:30',NULL,10),(516,'Plate, 2.4, LC-DCP, 5 Hole','Plate, 2.4, LC-DCP, 5 Hole','','2023-10-02 15:54:37',NULL,10),(517,'Plate, 2.4, LC-DCP, 6 Hole','Plate, 2.4, LC-DCP, 6 Hole','','2023-10-02 15:54:43',NULL,10),(518,'Plate, 2.4, LC-DCP, 7 Hole','Plate, 2.4, LC-DCP, 7 Hole','','2023-10-02 15:54:50',NULL,10),(519,'Plate, 2.4, LC-DCP, 8 Hole','Plate, 2.4, LC-DCP, 8 Hole','','2023-10-02 15:54:56',NULL,10),(520,'Plate, 2.4, LC-DCP, 9 Hole','Plate, 2.4, LC-DCP, 9 Hole','','2023-10-02 15:55:02',NULL,10),(521,'Plate, 1.5, Straight Cuttable','10','','2023-10-02 15:55:35',NULL,10),(522,'Plate, 2.0, Straight Cuttable','Plate, 2.0, Straight Cuttable','','2023-10-02 15:55:44',NULL,10),(523,'Plate, 2.0, T, 3.8mm, 4 Holes','Plate, 2.0, T, 3.8mm, 4 Holes','','2023-10-02 15:56:52',NULL,10),(524,'Plate, 2.0, T, Finger Plate, 2 Hole','Plate, 2.0, T, Finger Plate, 2 Hole','','2023-10-02 15:57:06',NULL,2),(525,'Plate, Acetabular, Extra Small','Plate, Acetabular, Extra Small','','2023-10-02 15:57:26',NULL,10),(526,'Plate, Acetabular, Small','Plate, Acetabular, Small','','2023-10-02 15:57:38',NULL,10),(527,'Plate, 2.0, Arthrodesis','2.0 Arthrodesis Plate','','2023-10-02 15:57:53',NULL,10),(528,'Plate, 2.0, L, Finger, Left','Plate, 2.0, L, Finger, Left','','2023-10-02 15:58:27',NULL,10),(529,'Plate, 2.0, L, Finger, Right','Plate, 2.0, L, Finger, Right','','2023-10-02 15:58:34',NULL,10),(530,'Plate, 2.0, Oblique, Finger, Left','Plate, 2.0, Oblique, Finger, Left','','2023-10-02 15:58:52',NULL,10),(531,'Plate, 2.0, Oblique, Finger, Right','Plate, 2.0, Oblique, Finger, Right','','2023-10-02 15:58:59',NULL,10),(532,'Drill Guide, 2.4/1.8','Drill Guide, 2.4/1.8','','2023-10-02 16:00:22',NULL,10),(533,'Drill Guide, 2.0/1.5','Drill Guide, 2.0/1.5','','2023-10-02 16:00:41',NULL,10),(534,'Sleeve, Drill, 1.1','Sleeve Drill 1.1','','2023-10-02 16:00:55',NULL,10),(535,'Handle, Quick Coupling, Small','Handle, Quick Coupling, Small','','2023-10-02 16:02:40',NULL,10),(536,'Countersink, Mini','Mini Countersink','','2023-10-02 16:03:48',NULL,5),(537,'Screwdriver, Hexagonal, 2.4','2.4 Screwdriver, Hex Head','','2023-10-04 09:03:57',NULL,3),(538,'Screwdriver, Cruciform, 1.5/2.0','Screwdriver, Cruciform, 1.5/2.0','','2023-10-04 09:05:38',NULL,3),(539,'Drill Guide, 1.1/1.5','Drill Guide, 1.1/1.5','','2023-10-04 09:06:44','2023-10-04 09:06:52',10),(540,'Drill Guide, 2.0/2.7, Synthes','Synthes 2.0/2.7 Drill Guide','','2023-10-04 09:08:47',NULL,3),(541,'Plate Bending Irons, 1.5/2.0','Plate Bending Irons, 1.5/2.0','','2023-10-04 09:09:19',NULL,3),(542,'Drill Guide, 2.0, DCP','2.0 DCP Drill Guide','','2023-10-04 09:10:05',NULL,4),(543,'Drill Guide, 1.8/2.4, Securos','Securos 1.8/2.4 Drill Guide','','2023-10-04 09:11:04',NULL,4),(544,'Plate, 2.0, T Plate, 2 Hole','Plate, 2.0, T Plate, Synthes VP1322.02','','2023-10-04 09:15:23','2023-10-04 09:24:33',5),(545,'Plate, 2.0, L, Left, 2 Hole','Plate, 2.0, L, Left, 2 Hole','','2023-10-04 09:16:36','2023-10-04 09:17:22',10),(546,'Plate, 2.0, L, Right, 2 Hole','Plate, 2.0, L, Right, 2 Hole','','2023-10-04 09:16:44','2023-10-04 09:17:33',10),(547,'Plate, 2.0, Oblique, Left, 2 Hole','Plate, 2.0, Oblique, Left, 2 Hole','','2023-10-04 09:17:53',NULL,10),(548,'Plate, 2.0, Oblique, Right, 2 Hole','Plate, 2.0, Oblique, Right, 2 Hole','','2023-10-04 09:18:01',NULL,10),(549,'Plate, 1.5, Straight, 20 Hole','Plate, 1.5, Straight, 20 Hole','','2023-10-04 09:18:27',NULL,10),(550,'Plate, 2.0, Straight, 20 Hole','Plate, 2.0, Straight, 20 Hole','','2023-10-04 09:18:42',NULL,10),(551,'Screwdriver, Tip, T6, 2.0/2.4','Screwdriver, Tip, T6, 2.0/2.4','','2023-10-04 09:22:10',NULL,2),(552,'Depth Gauge, PAX, 30mm','Depth Gauge, 30mm, PAX','','2023-10-04 09:22:37','2023-10-04 10:15:46',1),(553,'Plate, 2.0, T Plate, 5 Hole, Reconstruction','Plate, 2.0, T Plate, 5 Hole, PAX','','2023-10-04 09:23:32','2023-10-04 09:52:42',10),(554,'Plate, 2.0, T Plate, 6 Hole, Reconstruction','Plate, 2.0, T Plate, 6 Hole, PAX','','2023-10-04 09:23:44','2023-10-04 09:52:47',10),(555,'Plate, 2.0, T Plate, 7 Hole, Reconstruction','Plate, 2.0, T Plate, 7 Hole, PAX','','2023-10-04 09:23:51','2023-10-04 09:52:51',10),(556,'Plate, 2.0, T Plate, 8 Hole, Reconstruction','Plate, 2.0, T Plate, 8 Hole, PAX','','2023-10-04 09:23:58','2023-10-04 09:52:54',10),(557,'Plate, 2.0, T Plate, 9 Hole, Reconstruction','Plate, 2.0, T Plate, 9 Hole, PAX','','2023-10-04 09:24:13','2023-10-04 09:53:00',10),(558,'Plate, 2.0, PAX, 3 Hole, Reconstruction','Plate, 2.0, PAX, 3 Hole, Reconstruction','','2023-10-04 09:26:30','2023-10-04 09:53:05',2),(559,'Plate, 2.0, PAX, 4 Hole, Reconstruction','Plate, 2.0, PAX, 4 Hole, Reconstruction','','2023-10-04 09:26:38','2023-10-04 09:53:12',5),(560,'Plate, 2.0, PAX, 5 Hole, Reconstruction','Plate, 2.0, PAX, 5 Hole, Reconstruction','','2023-10-04 09:26:49','2023-10-04 09:53:17',5),(561,'Plate, 2.0, PAX, 6 Hole, Reconstruction','Plate, 2.0, PAX, 6 Hole, Reconstruction','','2023-10-04 09:26:58','2023-10-04 09:53:25',5),(562,'Plate, 2.0, PAX, 7 Hole, Reconstruction','Plate, 2.0, PAX, 7 Hole, Reconstruction','','2023-10-04 09:27:06','2023-10-04 09:53:31',5),(563,'Plate, 2.0, PAX, 8 Hole, Reconstruction','Plate, 2.0, PAX, 8 Hole, Reconstruction','','2023-10-04 09:27:14','2023-10-04 09:47:00',5),(564,'Plate, 2.0, PAX, 9 Hole, Reconstruction','Plate, 2.0, PAX, 9 Hole, Reconstruction','','2023-10-04 09:27:27','2023-10-04 09:46:54',10),(565,'Plate, 2.0, PAX, 10 Hole, Reconstruction','Plate, 2.0, PAX, 10 Hole, Reconstruction','','2023-10-04 09:27:36','2023-10-04 09:46:47',5),(566,'Plate, 2.4, PAX, 4 Hole, Reconstruction','Plate, 2.4, PAX, 4 Hole, Reconstruction','','2023-10-04 09:27:55','2023-10-04 09:46:41',5),(567,'Plate, 2.4, PAX, 5 Hole, Reconstruction','Plate, 2.4, PAX, 5 Hole, Reconstruction','','2023-10-04 09:28:06','2023-10-04 09:46:36',5),(568,'Plate, 2.4, PAX, 6 Hole, Reconstruction','Plate, 2.4, PAX, 6 Hole, Reconstruction','','2023-10-04 09:28:22','2023-10-04 09:46:30',5),(569,'Plate, 2.4, PAX, 7 Hole, Reconstruction','Plate, 2.4, PAX, 7 Hole, Reconstruction','','2023-10-04 09:28:32','2023-10-04 09:46:25',5),(570,'Plate, 2.4, PAX, 8 Hole, Reconstruction','Plate, 2.4, PAX, 8 Hole, Reconstruction','','2023-10-04 09:28:41','2023-10-04 09:46:19',5),(571,'Plate, 2.4, PAX, 9 Hole, Reconstruction','Plate, 2.4, PAX, 9 Hole, Reconstruction','','2023-10-04 09:28:48','2023-10-04 09:46:14',5),(572,'Plate, 2.4, PAX, 10 Hole, Reconstruction','Plate, 2.4, PAX, 10 Hole, Reconstruction','','2023-10-04 09:28:56','2023-10-04 09:46:06',5),(573,'Plate, 2.4, PAX, 12 Hole, Reconstruction','Plate, 2.4, PAX, 12 Hole, Reconstruction','','2023-10-04 09:29:05','2023-10-04 09:45:00',5),(574,'Plate, 2.4, PAX, 14 Hole, Reconstruction','Plate, 2.4, PAX, 14 Hole','','2023-10-04 09:29:13','2023-10-04 09:45:08',5),(575,'Plate, 2.4, PAX, T, 4 Hole, Reconstruction','Plate, 2.4, PAX, T, 4 Hole, Reconstruction','','2023-10-04 09:29:31','2023-10-04 09:45:13',5),(576,'Plate, 2.4, PAX, T, 5 Hole, Reconstruction','Plate, 2.4, PAX, T, 5 Hole, Reconstruction','','2023-10-04 09:29:48','2023-10-04 09:45:19',5),(577,'Plate, 2.4, PAX, T, 6 Hole, Reconstruction','Plate, 2.4, PAX, T, 6 Hole, Reconstruction','','2023-10-04 09:29:57','2023-10-04 09:45:24',5),(578,'Plate, 2.4, PAX, T, 7 Hole, Reconstruction','Plate, 2.4, PAX, T, 7 Hole, Reconstruction','','2023-10-04 09:30:04','2023-10-04 09:45:30',5),(579,'Plate, 2.4, PAX, T, 8 Hole, Reconstruction','Plate, 2.4, PAX, T, 8 Hole, Reconstruction','','2023-10-04 09:30:10','2023-10-04 09:45:35',5),(580,'Plate, 2.4, PAX, T, 9 Hole, Reconstruction','Plate, 2.4, PAX, T, 9 Hole, Reconstruction','','2023-10-04 09:30:20','2023-10-04 09:45:40',5),(581,'Plate, 2.0, PAX, T, 4 Hole, Reconstruction','Plate, 2.0, PAX, T, 4 Hole, Reconstruction','','2023-10-04 09:30:33','2023-10-04 09:45:49',5),(582,'Plate, 2.0, PAX, T, 5 Hole, Reconstruction','Plate, 2.0, PAX, T, 5 Hole, Reconstruction','','2023-10-04 09:30:43','2023-10-04 09:45:55',5),(583,'Plate, 2.0, PAX, T, 6 Hole, Reconstruction','Plate, 2.0, PAX, T, 6 Hole, Reconstruction','','2023-10-04 09:30:51','2023-10-04 09:43:45',5),(584,'Plate, 2.0, PAX, T, 7 Hole, Reconstruction','Plate, 2.0, PAX, T, 7 Hole, Reconstruction','','2023-10-04 09:30:59','2023-10-04 09:43:52',5),(585,'Plate, 2.0, PAX, T, 8 Hole, Reconstruction','Plate, 2.0, PAX, T, 8 Hole, Reconstruction','','2023-10-04 09:31:05','2023-10-04 09:44:00',5),(586,'Plate, 2.0, PAX, T, 9 Hole, Reconstruction','Plate, 2.0, PAX, T, 9 Hole, Reconstruction','','2023-10-04 09:31:13','2023-10-04 09:44:06',5),(587,'Drill Bit, 1.3','1.3mm Drill Bit, PAX','','2023-10-04 09:31:48','2023-10-04 09:44:23',1),(588,'Drill Bit, 1.7','Drill Bit, 1.7, PAX','','2023-10-04 09:32:00','2023-10-04 09:44:31',1),(589,'Plate, 2.0, PAX, 3 Hole, Straight','Plate, 2.0, PAX, 3 Hole, Straight','','2023-10-04 09:38:53','2023-10-04 09:44:19',5),(590,'Plate, 2.0, PAX, 4 Hole, Straight','Plate, 2.0, PAX, 4 Hole, Straight','','2023-10-04 09:39:08','2023-10-04 09:44:38',5),(591,'Plate, 2.0, PAX, 5 Hole, Straight','Plate, 2.0, PAX, 5 Hole, Straight','','2023-10-04 09:39:19','2023-10-04 09:44:46',5),(592,'Plate, 2.0, PAX, 6 Hole, Straight','Plate, 2.0, PAX, 6 Hole, Straight','','2023-10-04 09:39:26','2023-10-04 09:44:52',5),(593,'Plate, 2.0, PAX, 7 Hole, Straight','Plate, 2.0, PAX, 7 Hole, Straight','','2023-10-04 09:39:36','2023-10-04 09:43:36',5),(594,'Plate, 2.0, PAX, 8 Hole, Straight','Plate, 2.0, PAX, 8 Hole, Straight','','2023-10-04 09:39:43','2023-10-04 09:43:29',5),(595,'Plate, 2.0, PAX, 9 Hole, Straight','Plate, 2.0, PAX, 9 Hole, Straight','','2023-10-04 09:39:50','2023-10-04 09:43:25',5),(596,'Plate, 2.0, PAX, 10 Hole, Straight','Plate, 2.0, PAX, 10 Hole, Straight','','2023-10-04 09:39:58','2023-10-04 09:43:19',5),(597,'Plate, 2.0, PAX, 20 Hole, Straight','Plate, 2.0, PAX, 20 Hole, Straight','','2023-10-04 09:40:07','2023-10-04 09:43:15',5),(598,'Plate, 2.4, PAX, 5 Hole, Straight','Plate, 2.4, PAX, 5 Hole, Straight','','2023-10-04 09:40:38','2023-10-04 09:43:10',5),(599,'Plate, 2.4, PAX, 6 Hole, Straight','Plate, 2.4, PAX, 6 Hole, Straight','','2023-10-04 09:40:46','2023-10-04 09:43:01',5),(600,'Plate, 2.4, PAX, 7 Hole, Straight','Plate, 2.4, PAX, 7 Hole, Straight','','2023-10-04 09:40:54','2023-10-04 09:42:56',5),(601,'Plate, 2.4, PAX, 8 Hole, Straight','Plate, 2.4, PAX, 8 Hole, Straight','','2023-10-04 09:41:06','2023-10-04 09:42:51',5),(602,'Plate, 2.4, PAX, 9 Hole, Straight','Plate, 2.4, PAX, 9 Hole, Straight','','2023-10-04 09:41:15','2023-10-04 09:42:41',5),(603,'Plate, 2.4, PAX, 10 Hole, Straight','Plate, 2.4, PAX, 10 Hole, Straight','','2023-10-04 09:41:22','2023-10-04 09:42:34',5),(604,'Plate, 2.4, PAX, 12 Hole, Straight','Plate, 2.4, PAX, 12 Hole, Straight','','2023-10-04 09:41:32','2023-10-04 09:42:28',5),(605,'Plate, 2.4, PAX, 14 Hole, Straight','Plate, 2.4, PAX, 14 Hole, Straight','','2023-10-04 09:41:44','2023-10-04 09:42:14',5),(606,'Plate, 2.4, PAX, 20 Hole, Straight','Plate, 2.4, Pax, 20 Hole, Straight','','2023-10-04 09:41:53','2023-10-04 09:42:09',5),(607,'Plate, 2.7, PAX, 4 Hole, Reconstruction','Plate, 2.7, PAX, 4 Hole, Reconstruction','','2023-10-04 09:54:13',NULL,5),(608,'Plate, 2.7, PAX, 5 Hole, Reconstruction','Plate, 2.7, PAX, 5 Hole, Reconstruction','','2023-10-04 09:54:23',NULL,5),(609,'Plate, 2.7, PAX, 6 Hole, Reconstruction','Plate, 2.7, PAX, 6 Hole, Reconstruction','','2023-10-04 09:54:35',NULL,5),(610,'Plate, 2.7, PAX, 7 Hole, Reconstruction','Plate, 2.7, PAX, 7 Hole, Reconstruction','','2023-10-04 09:54:43',NULL,5),(611,'Plate, 2.7, PAX, 8 Hole, Reconstruction','Plate, 2.7, PAX, 8 Hole, Reconstruction','','2023-10-04 09:54:51',NULL,5),(612,'Plate, 2.7, PAX, 9 Hole, Reconstruction','Plate, 2.7, PAX, 9 Hole, Reconstruction','','2023-10-04 09:55:02',NULL,5),(613,'Plate, 2.7, PAX, 10 Hole, Reconstruction','Plate, 2.7, PAX, 10 Hole, Reconstruction','','2023-10-04 09:55:14',NULL,5),(614,'Plate, 2.7, PAX, 12 Hole, Reconstruction','Plate, 2.7, PAX, 12 Hole, Reconstruction','','2023-10-04 09:55:28',NULL,5),(615,'Plate, 2.7, PAX, 14 Hole, Reconstruction','Plate, 2.7, PAX, 14 Hole, Reconstruction','','2023-10-04 09:55:37',NULL,5),(616,'Plate, 2.7, PAX, 16 Hole, Reconstruction','Plate, 2.7, PAX, 16 Hole, Reconstruction','','2023-10-04 09:55:48',NULL,5),(617,'Plate, 2.7, PAX, 4 Hole, Straight','Plate, 2.7, PAX, 4 Hole, Straight','','2023-10-04 09:56:36',NULL,5),(618,'Plate, 2.7, PAX, 5 Hole, Straight','Plate, 2.7, PAX, 5 Hole, Straight','','2023-10-04 09:56:47',NULL,5),(619,'Plate, 2.7, PAX, 6 Hole, Straight','Plate, 2.7, PAX, 6 Hole, Straight','','2023-10-04 09:56:57',NULL,5),(620,'Plate, 2.7, PAX, 7 Hole, Straight','Plate, 2.7, PAX, 7 Hole, Straight','','2023-10-04 09:57:06',NULL,5),(621,'Plate, 2.7, PAX, 8 Hole, Straight','Plate, 2.7, PAX, 8 Hole, Straight','','2023-10-04 09:57:13',NULL,5),(622,'Plate, 2.7, PAX, 9 Hole, Straight','Plate, 2.7, PAX, 9 Hole, Straight','','2023-10-04 09:57:22',NULL,5),(623,'Plate, 2.7, PAX, 10 Hole, Straight','Plate, 2.7, PAX, 10 Hole, Straight','','2023-10-04 09:57:30',NULL,5),(624,'Plate, 2.7, PAX, 12 Hole, Straight','Plate, 2.7, PAX, 12 Hole, Straight','','2023-10-04 09:57:37',NULL,5),(625,'Plate, 2.7, PAX, 14 Hole, Straight','Plate, 2.7, PAX, 14 Hole, Straight','','2023-10-04 09:57:46',NULL,5),(626,'Plate, 2.7, PAX, 16 Hole, Straight','Plate, 2.7, PAX, 16 Hole, Straight','','2023-10-04 09:57:53',NULL,5),(627,'Plate, 3.5, PAX, 4 Hole, Reconstruction','Plate, 3.5, PAX, 4 Hole, Reconstruction','','2023-10-04 09:58:18',NULL,5),(628,'Plate, 3.5, PAX, 5 Hole, Reconstruction','Plate, 3.5, PAX, 5 Hole, Reconstruction','','2023-10-04 09:58:27',NULL,5),(629,'Plate, 3.5, PAX, 6 Hole, Reconstruction','Plate, 3.5, PAX, 6 Hole, Reconstruction','','2023-10-04 09:58:34',NULL,5),(630,'Plate, 3.5, PAX, 7 Hole, Reconstruction','Plate, 3.5, PAX, 7 Hole, Reconstruction','','2023-10-04 09:58:40',NULL,5),(631,'Plate, 3.5, PAX, 8 Hole, Reconstruction','Plate, 3.5, PAX, 8 Hole, Reconstruction','','2023-10-04 09:58:47',NULL,5),(632,'Plate, 3.5, PAX, 9 Hole, Reconstruction','Plate, 3.5, PAX, 9 Hole, Reconstruction','','2023-10-04 09:58:56',NULL,5),(633,'Plate, 3.5, PAX, 10 Hole, Reconstruction','Plate, 3.5, PAX, 10 Hole, Reconstruction','','2023-10-04 09:59:05',NULL,5),(634,'Plate, 3.5, PAX, 11 Hole, Reconstruction','Plate, 3.5, PAX, 11 Hole, Reconstruction','','2023-10-04 09:59:18',NULL,5),(635,'Plate, 3.5, PAX, 12 Hole, Reconstruction','Plate, 3.5, PAX, 12 Hole, Reconstruction','','2023-10-04 09:59:26',NULL,5),(636,'Plate, 3.5, PAX, 14 Hole, Reconstruction','Plate, 3.5, PAX, 14 Hole, Reconstruction','','2023-10-04 09:59:34',NULL,5),(637,'Plate, 3.5, PAX, 15 Hole, Reconstruction','Plate, 3.5, PAX, 15 Hole, Reconstruction','','2023-10-04 09:59:46',NULL,5),(638,'Plate, 3.5, PAX, 16 Hole, Reconstruction','Plate, 3.5, PAX, 16 Hole, Reconstruction','','2023-10-04 09:59:54',NULL,5),(639,'Plate, 3.5, PAX, 4 Hole, Straight','Plate, 3.5, PAX, 4 Hole, Straight','','2023-10-04 10:00:14',NULL,5),(640,'Plate, 3.5, PAX, 5 Hole, Straight','Plate, 3.5, PAX, 5 Hole, Straight','','2023-10-04 10:00:22',NULL,5),(641,'Plate, 3.5, PAX, 6 Hole, Straight','Plate, 3.5, PAX, 6 Hole, Straight','','2023-10-04 10:00:32',NULL,5),(642,'Plate, 3.5, PAX, 7 Hole, Straight','Plate, 3.5, PAX, 7 Hole, Straight','','2023-10-04 10:00:41',NULL,5),(643,'Plate, 3.5, PAX, 8 Hole, Straight','Plate, 3.5, PAX, 8 Hole, Straight','','2023-10-04 10:00:50',NULL,5),(644,'Plate, 3.5, PAX, 9 Hole, Straight','Plate, 3.5, PAX, 9 Hole, Straight','','2023-10-04 10:01:00',NULL,5),(645,'Plate, 3.5, PAX, 10 Hole, Straight','Plate, 3.5, PAX, 10 Hole, Straight','','2023-10-04 10:01:09',NULL,5),(646,'Plate, 3.5, PAX, 11 Hole, Straight','Plate, 3.5, PAX, 11 Hole, Straight','','2023-10-04 10:01:17',NULL,5),(647,'Plate, 3.5, PAX, 12 Hole, Straight','Plate, 3.5, PAX, 12 Hole, Straight','','2023-10-04 10:01:27',NULL,5),(648,'Plate, 3.5, PAX, 13 Hole, Straight','Plate, 3.5, PAX, 13 Hole, Straight','','2023-10-04 10:01:34',NULL,5),(649,'Plate, 3.5, PAX, 14 Hole, Straight','Plate, 3.5, PAX, 14 Hole, Straight','','2023-10-04 10:01:42',NULL,5),(650,'Plate, 3.5, PAX, 15 Hole, Straight','Plate, 3.5, PAX, 15 Hole, Straight','','2023-10-04 10:01:49',NULL,5),(651,'Plate, 3.5, PAX, 16 Hole, Straight','Plate, 3.5, PAX, 16 Hole, Straight','','2023-10-04 10:01:58',NULL,5),(652,'Plate, 3.5, PAX, 18 Hole, Straight','Plate, 3.5, PAX, 18 Hole, Straight','','2023-10-04 10:02:06',NULL,5),(653,'Forceps, Plate Holding, 140mm','PAX Forceps','','2023-10-04 10:04:28',NULL,2),(654,'Drill Guide, 2.0/2.4','2.0/2.4 Drill Guide','','2023-10-04 10:04:45',NULL,2),(655,'Screw, Locking, PAX, 2.0, 6mm','Screw, Locking, PAX, 2.0, 6mm','','2023-10-04 10:07:40',NULL,10),(656,'Screw, Locking, PAX, 2.0, 8mm','Screw, Locking, PAX, 2.0, 8mm','','2023-10-04 10:07:51',NULL,10),(657,'Screw, Locking, PAX, 2.0, 10mm','Screw, Locking, PAX, 2.0, 10mm','','2023-10-04 10:07:58',NULL,10),(658,'Screw, Locking, PAX, 2.0, 12mm','Screw, Locking, PAX, 2.0, 12mm','','2023-10-04 10:08:08',NULL,10),(659,'Screw, Locking, PAX, 2.0, 14mm','Screw, Locking, PAX, 2.0, 14mm','','2023-10-04 10:08:16',NULL,10),(660,'Screw, Locking, PAX, 2.0, 16mm','Screw, Locking, PAX, 2.0, 16mm','','2023-10-04 10:08:24',NULL,10),(661,'Screw, Locking, PAX, 2.0, 18mm','Screw, Locking, PAX, 2.0, 18mm','','2023-10-04 10:08:31',NULL,10),(662,'Screw, Locking, PAX, 2.0, 20mm','Screw, Locking, PAX, 2.0, 20mm','','2023-10-04 10:08:38',NULL,10),(663,'Screw, Locking, PAX, 2.4, 6mm','Screw, Locking, PAX, 2.4, 6mm','','2023-10-04 10:08:53',NULL,10),(664,'Screw, Locking, PAX, 2.4, 8mm','Screw, Locking, PAX, 2.4, 8mm','','2023-10-04 10:09:05',NULL,10),(665,'Screw, Locking, PAX, 2.4, 10mm','Screw, Locking, PAX, 2.4, 10mm','','2023-10-04 10:09:12',NULL,10),(666,'Screw, Locking, PAX, 2.4, 12mm','Screw, Locking, PAX, 2.4, 12mm','','2023-10-04 10:09:18',NULL,5),(667,'Screw, Locking, PAX, 2.4, 14mm','Screw, Locking, PAX, 2.4, 14mm','','2023-10-04 10:09:29',NULL,10),(668,'Screw, Locking, PAX, 2.4, 16mm','Screw, Locking, PAX, 2.4, 16mm','','2023-10-04 10:09:37',NULL,10),(669,'Screw, Locking, PAX, 2.4, 18mm','Screw, Locking, PAX, 2.4, 18mm','','2023-10-04 10:09:44',NULL,10),(670,'Screw, Locking, PAX, 2.4, 20mm','Screw, Locking, PAX, 2.4, 20mm','','2023-10-04 10:09:51',NULL,10),(671,'Screw, Locking, PAX, 2.4, 22mm','Screw, Locking, PAX, 2.4, 22mm','','2023-10-04 10:09:59',NULL,10),(672,'Screw, Locking, PAX, 2.4, 24mm','Screw, Locking, PAX, 2.4, 24mm','','2023-10-04 10:10:07',NULL,10),(673,'Depth Gauge, PAX, 60mm','Depth Gauge, PAX, 60mm','','2023-10-04 10:15:36',NULL,2),(674,'Drill Guide, 2.0/2.5 Securos','Drill Guide, 2.0/2.5 Securos','','2023-10-04 10:16:46',NULL,5),(675,'Screw, Locking, PAX, 2.7, 8mm','Screw, Locking, PAX, 2.7, 8mm','','2023-10-04 10:18:33',NULL,10),(676,'Screw, Locking, PAX, 2.7, 10mm','Screw, Locking, PAX, 2.7, 10mm','','2023-10-04 10:18:45',NULL,10),(677,'Screw, Locking, PAX, 2.7, 12mm','Screw, Locking, PAX, 2.7, 12mm','','2023-10-04 10:18:53',NULL,10),(678,'Screw, Locking, PAX, 2.7, 14mm','Screw, Locking, PAX, 2.7, 14mm','','2023-10-04 10:18:58',NULL,10),(679,'Screw, Locking, PAX, 2.7, 16mm','Screw, Locking, PAX, 2.7, 16mm','','2023-10-04 10:19:16',NULL,10),(680,'Screw, Locking, PAX, 2.7, 18mm','Screw, Locking, PAX, 2.7, 18mm','','2023-10-04 10:19:23',NULL,10),(681,'Screw, Locking, PAX, 2.7, 20mm','Screw, Locking, PAX, 2.7, 20mm','','2023-10-04 10:19:31',NULL,10),(682,'Screw, Locking, PAX, 2.7, 22mm','Screw, Locking, PAX, 2.7, 22mm','','2023-10-04 10:19:43',NULL,10),(683,'Screw, Locking, PAX, 2.7, 24mm','Screw, Locking, PAX, 2.7, 24mm','','2023-10-04 10:20:15',NULL,10),(684,'Screw, Locking, PAX, 2.7, 26mm','Screw, Locking, PAX, 2.7, 26mm','','2023-10-04 10:20:21',NULL,10),(685,'Screw, Locking, PAX, 2.7, 28mm','Screw, Locking, PAX, 2.7, 28mm','','2023-10-04 10:20:27',NULL,10),(686,'Screw, Locking, PAX, 2.7, 30mm','Screw, Locking, PAX, 2.7, 30mm','','2023-10-04 10:20:32',NULL,10),(687,'Screw, Locking, PAX, 2.7, 32mm','Screw, Locking, PAX, 2.7, 32mm','','2023-10-04 10:20:38',NULL,10),(688,'Screw, Locking, PAX, 2.7, 34mm','Screw, Locking, PAX, 2.7, 34mm','','2023-10-04 10:20:44',NULL,10),(689,'Screw, Locking, PAX, 2.7, 36mm','Screw, Locking, PAX, 2.7, 36mm','','2023-10-04 10:20:50',NULL,10),(690,'Screw, Locking, PAX, 2.7, 38mm','Screw, Locking, PAX, 2.7, 38mm','','2023-10-04 10:20:56',NULL,10),(691,'Screw, Locking, PAX, 2.7, 40mm','Screw, Locking, PAX, 2.7, 40mm','','2023-10-04 10:21:01',NULL,10),(692,'Screw, Locking, PAX, 2.7, 45mm','Screw, Locking, PAX, 2.7, 45mm','','2023-10-04 10:21:07',NULL,10),(693,'Screw, Locking, PAX, 2.7, 50mm','Screw, Locking, PAX, 2.7, 50mm','','2023-10-04 10:21:12',NULL,10),(694,'Screw, Locking, PAX, 3.5, 8mm','Screw, Locking, PAX, 3.5, 8mm','','2023-10-04 10:21:25',NULL,10),(695,'Screw, Locking, PAX, 3.5, 10mm','Screw, Locking, PAX, 3.5, 10mm','','2023-10-04 10:21:44',NULL,10),(696,'Screw, Locking, PAX, 3.5, 12mm','Screw, Locking, PAX, 3.5, 12mm','','2023-10-04 10:21:51',NULL,10),(697,'Screw, Locking, PAX, 3.5, 14mm','Screw, Locking, PAX, 3.5, 14mm','','2023-10-04 10:21:57',NULL,10),(698,'Screw, Locking, PAX, 3.5, 16mm','Screw, Locking, PAX, 3.5, 16mm','','2023-10-04 10:22:04',NULL,10),(699,'Screw, Locking, PAX, 3.5, 18mm','Screw, Locking, PAX, 3.5, 18mm','','2023-10-04 10:22:10',NULL,10),(700,'Screw, Locking, PAX, 3.5, 20mm','Screw, Locking, PAX, 3.5, 20mm','','2023-10-04 10:22:17',NULL,10),(701,'Screw, Locking, PAX, 3.5, 22mm','Screw, Locking, PAX, 3.5, 22mm','','2023-10-04 10:22:31',NULL,10),(702,'Screw, Locking, PAX, 3.5, 24mm','Screw, Locking, PAX, 3.5, 24mm','','2023-10-04 10:22:36',NULL,10),(703,'Screw, Locking, PAX, 3.5, 26mm','Screw, Locking, PAX, 3.5, 26mm','','2023-10-04 10:22:41',NULL,10),(704,'Screw, Locking, PAX, 3.5, 28mm','Screw, Locking, PAX, 3.5, 28mm','','2023-10-04 10:22:48',NULL,10),(705,'Screw, Locking, PAX, 3.5, 30mm','Screw, Locking, PAX, 3.5, 30mm','','2023-10-04 10:22:53',NULL,10),(706,'Screw, Locking, PAX, 3.5, 32mm','Screw, Locking, PAX, 3.5, 32mm','','2023-10-04 10:22:58',NULL,10),(707,'Screw, Locking, PAX, 3.5, 34mm','Screw, Locking, PAX, 3.5, 34mm','','2023-10-04 10:23:07',NULL,10),(708,'Screw, Locking, PAX, 3.5, 36mm','Screw, Locking, PAX, 3.5, 36mm','','2023-10-04 10:23:13',NULL,10),(709,'Screw, Locking, PAX, 3.5, 38mm','Screw, Locking, PAX, 3.5, 38mm','','2023-10-04 10:23:18',NULL,10),(710,'Screw, Locking, PAX, 3.5, 40mm','Screw, Locking, PAX, 3.5, 40mm','','2023-10-04 10:23:33',NULL,10),(711,'Screw, Locking, PAX, 3.5, 42mm','Screw, Locking, PAX, 3.5, 42mm','','2023-10-04 10:23:40',NULL,10),(712,'Screw, Locking, PAX, 3.5, 44mm','Screw, Locking, PAX, 3.5, 44mm','','2023-10-04 10:23:46',NULL,10),(713,'Screw, Locking, PAX, 3.5, 46mm','Screw, Locking, PAX, 3.5, 46mm','','2023-10-04 10:23:50',NULL,10),(714,'Screw, Locking, PAX, 3.5, 50mm','Screw, Locking, PAX, 3.5, 50mm','','2023-10-04 10:23:55',NULL,10),(715,'Screw, Locking, PAX, 3.5, 52mm','Screw, Locking, PAX, 3.5, 52mm','','2023-10-04 10:23:59',NULL,10),(716,'Screw, Locking, PAX, 3.5, 54mm','Screw, Locking, PAX, 3.5, 54mm','','2023-10-04 10:24:04',NULL,10),(717,'Screw, Locking, PAX, 3.5, 56mm','Screw, Locking, PAX, 3.5, 56mm','','2023-10-04 10:24:14',NULL,10),(718,'Screwdriver, T6, SD6','Screwdriver, T6, SD6','','2023-10-04 10:35:20',NULL,3),(719,'Plate, 2.0, TPLO, Left','Plate, 2.0, TPLO, Left','','2023-10-04 10:36:08',NULL,5),(720,'Plate, 2.0, TPLO, Right','Plate, 2.0, TPLO, Right','','2023-10-04 10:36:17',NULL,10),(721,'Plate, 2.4, TPLO, Left','Plate, 2.4, TPLO, Left','','2023-10-04 10:36:34',NULL,5),(722,'Plate, 2.4, TPLO, Right','Plate, 2.4, TPLO, Right','','2023-10-04 10:36:41','2023-10-04 10:36:48',10),(723,'Screw, Locking, 2.0, 6mm','Screw, Locking, 2.0, 6mm','','2023-10-04 10:37:11',NULL,10),(724,'Screw, Locking, 2.0, 8mm','Screw, Locking, 2.0, 8mm','','2023-10-04 10:37:19',NULL,10),(725,'Screw, Locking, 2.0, 10mm','Screw, Locking, 2.0, 10mm','','2023-10-04 10:37:28',NULL,10),(726,'Screw, Locking, 2.0, 12mm','Screw, Locking, 2.0, 12mm','','2023-10-04 10:37:39',NULL,10),(727,'Screw, Locking, 2.0, 14mm','Screw, Locking, 2.0, 14mm','','2023-10-04 10:37:46',NULL,10),(728,'Screw, Locking, 2.0, 16mm','Screw, Locking, 2.0, 16mm','','2023-10-04 10:37:56',NULL,10),(729,'Screw, Locking, 2.0, 18mm','Screw, Locking, 2.0, 18mm','','2023-10-04 10:38:04',NULL,10),(730,'Screw, Locking, 2.0, 20mm','Screw, Locking, 2.0, 20mm','','2023-10-04 10:38:11',NULL,10),(731,'Screw, Locking, 2.0, 22mm','Screw, Locking, 2.0, 22mm','','2023-10-04 10:38:18',NULL,10),(732,'Screw, Locking, 2.0, 24mm','Screw, Locking, 2.0, 24mm','','2023-10-04 10:38:22',NULL,10),(733,'Screw, Locking, 2.0, 26mm','Screw, Locking, 2.0, 26mm','','2023-10-04 10:38:28',NULL,10),(734,'Screw, Locking, 2.0, 28mm','Screw, Locking, 2.0, 28mm','','2023-10-04 10:38:39',NULL,10),(735,'Screw, Locking, 2.0, 30mm','Screw, Locking, 2.0, 30mm','','2023-10-04 10:38:50',NULL,10),(736,'Drill Guide, 1.5 LCP Threaded','Drill Guide, 1.5 LCP Threaded','','2023-10-04 10:40:05',NULL,10),(737,'Drill Guide, 1.8 LCP Threaded','Drill Guide, 1.8 LCP Threaded','','2023-10-04 10:40:12',NULL,10),(738,'Screw, Locking, 2.4, 6mm','Screw, Locking, 2.4, 6mm','','2023-10-04 10:44:07',NULL,10),(739,'Screw, Locking, 2.4, 8mm','Screw, Locking, 2.4, 8mm','','2023-10-04 10:44:16',NULL,10),(740,'Screw, Locking, 2.4, 10mm','Screw, Locking, 2.4, 10mm','','2023-10-04 10:44:22',NULL,10),(741,'Screw, Locking, 2.4, 12mm','Screw, Locking, 2.4, 12mm','','2023-10-04 10:44:31',NULL,10),(742,'Screw, Locking, 2.4, 14mm','Screw, Locking, 2.4, 14mm','','2023-10-04 10:44:37',NULL,10),(743,'Screw, Locking, 2.4, 16mm','Screw, Locking, 2.4, 16mm','','2023-10-04 10:44:42',NULL,10),(744,'Screw, Locking, 2.4, 18mm','Screw, Locking, 2.4, 18mm','','2023-10-04 10:44:49',NULL,10),(745,'Screw, Locking, 2.4, 20mm','Screw, Locking, 2.4, 20mm','','2023-10-04 10:44:58',NULL,10),(746,'Screw, Locking, 2.4, 22mm','Screw, Locking, 2.4, 22mm','','2023-10-04 10:45:02',NULL,10),(747,'Screw, Locking, 2.4, 24mm','Screw, Locking, 2.4, 24mm','','2023-10-04 10:45:08',NULL,10),(748,'Screw, Locking, 2.4, 26mm','Screw, Locking, 2.4, 26mm','','2023-10-04 10:45:12',NULL,10),(749,'Screw, Locking, 2.4, 28mm','Screw, Locking, 2.4, 28mm','','2023-10-04 10:45:17',NULL,10),(750,'Screw, Locking, 2.4, 30mm','Screw, Locking, 2.4, 30mm','','2023-10-04 10:45:26',NULL,10),(751,'Handle, Quick Coupling, T','Handle, Quick Coupling, T','','2023-10-04 10:54:23',NULL,5),(752,'Chuck, Mini, Quick Coupling, Synthes','Chuck, Mini, Quick Coupling, Synthes','','2023-10-04 10:54:54',NULL,5),(753,'Countersink, 3.5/4.0','Countersink, 3.5/4.0','','2023-10-04 10:55:48',NULL,5),(754,'Drill Guide, 2.5/3.5 Green/Gold DCP','Drill Guide, 2.5/3.5 Green/Gold DCP','','2023-10-04 10:58:02',NULL,5),(755,'Sleeve, Drill, 2.5/3.5','Sleeve, Drill, 2.5/3.5','','2023-10-04 10:58:42',NULL,5),(756,'Plate, 2.7, Oblique, L, Left, 3 Hole','Plate, 2.7, Oblique, L, Left, 3 Hole','','2023-10-04 11:04:36','2023-10-04 11:05:08',10),(757,'Plate, 2.7, Oblique, L,  Right, 3 Hole','Plate, 2.7, Oblique, L, Right, 3 Hole','','2023-10-04 11:04:45','2023-10-04 11:05:19',5),(758,'Plate, 2.7, L, Left, 3 Hole','Plate, 2.7, L, Left, 3 Hole','','2023-10-04 11:05:46',NULL,5),(759,'Plate, 2.7, L, Right, 3 Hole','Plate, 2.7, L, Right, 3 Hole','','2023-10-04 11:05:55',NULL,5),(760,'Plate, 2.0/2.7 Pancarpal Arthrodesis, 9 Hole','Plate, 2.0/2.7 Pancarpal Arthrodesis, 9 Hole','','2023-10-04 11:06:19',NULL,5),(761,'Plate, 2.7/3.5, T, 5 Hole','Plate, 2.7/3.5, T, 5 Hole','','2023-10-04 11:06:57',NULL,5),(762,'Plate, 2.7/3.5, T, 7 Hole','Plate, 2.7/3.5, T, 7 Hole','','2023-10-04 11:08:17',NULL,5),(763,'Plate, 2.7/3.5, T, 9 Hole','Plate, 2.7/3.5, T, 9 Hole','','2023-10-04 11:08:29',NULL,5),(764,'Plate, 2.7/3.5, Pancarpal Arthrodesis, 9 Hole','Plate, 2.7/3.5, Pancarpal Arthrodesis, 9 Hole','','2023-10-04 11:09:00',NULL,5),(765,'Plate, LC-DCP, Acetabular 0','Plate, LC-DCP, Acetabular 0','','2023-10-04 11:10:04',NULL,5),(766,'Plate, LC-DCP, Acetabular 1','Plate, LC-DCP, Acetabular 1','','2023-10-04 11:10:11',NULL,5),(767,'Plate, LC-DCP, Acetabular 2','Plate, LC-DCP, Acetabular 2','','2023-10-04 11:10:16',NULL,5),(768,'Plate, LC-DCP, Acetabular 3','Plate, LC-DCP, Acetabular 3','','2023-10-04 11:10:21',NULL,5),(769,'Plate, LC-DCP, Acetabular 4','Plate, LC-DCP, Acetabular 4','','2023-10-04 11:10:27',NULL,5),(770,'Plate, LC-DCP, Acetabular 5','Plate, LC-DCP, Acetabular 5','','2023-10-04 11:10:33',NULL,5),(771,'Sleeve, Drill, 2.0/2.7','Sleeve, Drill, 2.0/2.7','','2023-10-04 11:27:02',NULL,5),(772,'Suture Tensioner','Suture Tensioner, Arthrex, Tensiometer','','2023-10-04 11:33:14',NULL,2),(773,'Guide, Femoral Targeting','Arthrex Femoral Targeting Guide','','2023-10-04 11:33:36',NULL,2),(774,'Drill Guide, 3.5/4.0','Arthrex','','2023-10-04 11:33:54',NULL,2),(775,'Scissor, FiberWire','Scissor, FiberWire, Arthrex','','2023-10-04 11:34:06',NULL,1),(776,'Drill Guide, 1.1-1.6, Graft Anchors','Drill Guide, 1.1-1.6, Graft Anchors, Arthrex','','2023-10-04 11:34:26',NULL,2),(777,'8\" Suture Passing Wire','8\" Suture Passing Wire','','2023-10-04 11:34:41',NULL,2),(778,'Gemini Switching Stick','Gemini Switching Stick','','2023-10-04 11:34:51',NULL,2),(779,'Drill Bit, Mini Tightrope','Drill Bit, Mini Tightrope','','2023-10-04 11:35:13',NULL,2),(780,'Kwire, 0.049','Kwire, 0.049','','2023-10-04 11:37:11',NULL,10),(781,'Scope, 1.9','Scope, 1.9','','2023-10-04 11:38:03',NULL,1),(782,'Scope, Case, 1.9','Scope, Case, 1.9','','2023-10-04 11:38:12',NULL,1),(783,'Scope, Case, 2.4','Scope, Case, 2.4','','2023-10-04 11:38:22',NULL,1),(784,'Scope, Case, 2.7','Scope, Case, 2.7','','2023-10-04 11:38:29',NULL,1),(785,'Mid-Size Video Case','Mid-Size Video Case','','2023-10-04 11:38:55',NULL,1),(786,'5mm Dual Fused Light Guide','Arthrex 5mm Dual Fused Light Guide','','2023-10-04 11:39:15',NULL,1),(787,'4K Camera Head','4K Camera Head, Arthrex','','2023-10-04 11:39:30',NULL,1),(788,'Conical Oburator, 2.4','Conical Oburator, 2.4','','2023-10-04 11:40:02',NULL,1),(789,'Conical Oburator, 2.7','Conical Oburator, 2.7','','2023-10-04 11:40:10',NULL,1),(790,'Conical Oburator, 3.0','Conical Oburator, 3.0','','2023-10-04 11:40:19',NULL,1),(791,'Scope, Sheath, 1.9','Scope, Sheath, 1.9','','2023-10-04 11:40:56',NULL,1),(792,'Scope, Sheath, 2.4','Scope, Sheath, 2.4','','2023-10-04 11:41:04',NULL,1),(793,'Scope, Sheath, 3.0','Scope, Sheath, 3.0','','2023-10-04 11:41:12',NULL,1),(794,'Scope, Sheath, 2.7','Scope, Sheath, 2.7','','2023-10-04 11:42:10',NULL,1),(795,'Scope, 3.0','Scope, 3.0','','2023-10-04 11:45:45',NULL,1),(796,'Scope, Case, 3.0','Scope, Case, 3.0','','2023-10-04 11:45:55',NULL,1),(797,'Scope, 5.5, 4K, 30, 300mm','Scope, 5.5, 4K, 30, 300mm','','2023-10-04 11:47:38',NULL,1),(798,'Scope, 5.5, 4K, 0, 300mm','Scope, 5.5, 4K, 0, 300mm','','2023-10-04 11:47:47',NULL,1),(799,'Forceps, Nasal, 13cm, Blakesley Rhinoforce II','Forceps, Nasal, 13cm, Blakesley Rhinoforce II, Karl Storz','','2023-10-04 11:49:06',NULL,1),(800,'Pointed Straight Tip Grasper','Small Joint Pointed Straight Tip Grasper w/ 2.75mm Straight Shaft w/ SR Handle','','2023-10-04 11:49:31','2023-10-04 11:50:00',2),(801,'Straight Tip Punch','Slender Straight Tip Punch w/ 2.75mm Straight Shaft','','2023-10-04 11:50:27',NULL,1),(802,'NR Handle Grasper','Straight Grasper w/ Poionted Straight Tip, 2.75mm with NR Handle','','2023-10-04 11:51:21',NULL,1),(803,'Alligator Grasper','Graspers w/ Alligator Hook Tip and 2.75mm Straight Shaft with SR Handle','','2023-10-04 11:51:46',NULL,1),(804,'Punch, 2.75mm','Punch, 2.75mm','','2023-10-04 11:51:59',NULL,1),(805,'Cannula, 2.9 x 5, Arthroscopy','Cannula, 2.9 x 5, Arthroscopy','','2023-10-04 11:52:14',NULL,1),(806,'Cannula, 3.7 x 5, Arthroscopy','Cannula, 3.7 x 5, Arthroscopy','','2023-10-04 11:52:25',NULL,1),(807,'Cannula, 4.3 x 5, Arthroscopy','Cannula, 4.3 x 5, Arthroscopy','','2023-10-04 11:52:40',NULL,1),(808,'Joint Hook Probe','Small Joint Hook Probe','','2023-10-04 11:52:51',NULL,1),(809,'Probe, Stainless Steel','Probe, Stainless Steel, Arthroscopy','','2023-10-04 11:53:02','2023-10-04 11:53:07',1),(810,'Probe, Hooked, 3.4','Probe w/ Hook 3.4mm Tip w/5mm markings','','2023-10-04 11:53:31','2023-10-04 11:58:47',1),(811,'Probe, Graduated','Graduated black probe w/ 2.5mm tip length','','2023-10-04 11:53:48',NULL,1),(812,'Smilie 3mm Meniscotome','Smilie 3mm Meniscotome','','2023-10-04 11:54:02',NULL,1),(813,'Switching Stick, 3.7','Switching Stick, 3.7 Arthroscopy','','2023-10-04 11:54:29',NULL,1),(814,'Switching Stick, 2.9','Switching Stick, 2.9, Arthroscopy','','2023-10-04 11:54:40',NULL,1),(815,'Syringe, 12mL','Syringe, 12mL','','2023-10-04 11:55:12',NULL,50),(816,'Syringe 6mL','Syringe 6mL','','2023-10-04 11:55:19',NULL,50),(817,'Gauze, Radiopaque','Radiopaque gauze','','2023-10-04 11:55:36','2023-10-04 11:56:19',50),(818,'Obturator, Cannulated','Obturator, Cannulated, Arthroscopy','','2023-10-04 11:58:20',NULL,1),(819,'Probe, Hooked, 4.8','Probe, Hooked, 4.8','','2023-10-04 11:58:37',NULL,1),(820,'Hook Knife','Hook Knife','','2023-10-04 11:58:59',NULL,1),(821,'Switching Stick, 2.6','Switching Stick, 2.6, 305mm length','','2023-10-04 11:59:19',NULL,1),(822,'Osteotome, 5\"','Osteotome, Swiss Pattern, 5\"','','2023-10-04 12:00:08',NULL,1),(823,'Thrust Lever, Standard','Thrust Lever, Standard, Ventura','','2023-10-04 12:00:34',NULL,1),(824,'Thrust Lever, Mini','Thrust Lever, Mini, Ventura','','2023-10-04 12:00:49',NULL,1),(825,'Retractor, Five Finger','Retractor, Five Finger, Laparascopy, 10mm x 32cm','','2023-10-04 12:04:53',NULL,1),(826,'Retractor, Three Finger','Retractor, Three Finger, Laparascopy, 5mm x 32 cm','','2023-10-04 12:05:24',NULL,1),(827,'Needle, Insufflation','Needle, Insufflation, Varess, 100mm','','2023-10-04 12:05:39',NULL,1),(828,'Probe, Graduated, 5mm','Probe, Graduated, 5mm, Palpation','','2023-10-04 12:06:14',NULL,1),(829,'Cannula, Laparascopy','TERNAMIAN EndoTIP Cannula w/o valve, with thread and rotation insufflation stopcock, 6mm, working length 10.5cm','','2023-10-04 12:06:45',NULL,1),(830,'Hemostat, Kelly, Straight','Straight Kelly','','2023-10-04 12:09:48',NULL,50),(831,'Needle Holder, Barraquer, curved non locking','Needle Holder, Barraquer, curved non locking','','2023-10-04 12:39:50',NULL,5),(832,'Blade Holder, Beaver','Blade Holder, Beaver','','2023-10-04 12:40:02',NULL,5),(833,'Caliper, Castroviejo','Caliper, Castroviejo','','2023-10-04 12:40:58',NULL,5),(834,'Forceps, Colibri, 0.12mm','Forceps, Colibri, 0.12mm','','2023-10-04 12:41:11','2023-10-04 12:41:24',5),(835,'Spatula, Cyclodialysis','Spatula, Cyclodialysis','','2023-10-04 12:43:53',NULL,5),(836,'Forceps, tying, curved','Harms tying forceps, curved','','2023-10-04 12:44:29',NULL,5),(837,'Forceps, tying, straight','Harms tying forceps, straight','','2023-10-04 12:45:08',NULL,5),(838,'Forceps, corneal, Pierse','Forceps, corneal, Pierse','','2023-10-04 12:45:21',NULL,5),(839,'Forceps, Colibri, Polack','Forceps, Colibri, Polack','','2023-10-04 12:45:38',NULL,5),(840,'Dissector, corneal, Troutman','Dissector, corneal, Troutman','','2023-10-04 12:46:30',NULL,5),(841,'Scissor, Tenotomy, Blunt, Westcott','Scissor, Tenotomy, Blunt, Westcott','','2023-10-04 12:46:50','2023-10-04 13:01:32',5),(842,'Scissors, Vannas','Scissors, Vannas','','2023-10-04 12:47:01',NULL,5),(843,'Needle Holder, Derf','Derf Needle Holder','','2023-10-04 12:49:31',NULL,5),(844,'Scissor, Tenotomy, Stevens','Scissor, tenotomy, Stevens','','2023-10-04 12:49:43','2023-10-04 12:54:30',5),(845,'Hook, muscle, Jameson','Hook, muscle, Jameson','','2023-10-04 12:50:50',NULL,5),(846,'Scissor, Enucleation','Scissor, Enucleation','','2023-10-04 12:54:07',NULL,5),(847,'Curette, Chalazion, Small','Curette, Chalazion, Small, Meyerhoefer','','2023-10-04 12:58:19',NULL,5),(848,'Curette, Chalazion, Large','Curette, Chalazion, Large, Meyerhoefer','','2023-10-04 12:58:31',NULL,5),(849,'Clamp, Chalazion','Desmarres','','2023-10-04 12:59:04',NULL,5),(850,'Corneal shield, suction remover','Corneal shield, suction remover','','2023-10-04 12:59:22',NULL,5),(851,'Forceps, Colibri, 0.3mm','Forceps, Colibri, 0.3mm','','2023-10-04 13:02:33',NULL,5),(852,'Forceps, fixation, Grafe','Grafe fixation forceps, locking','','2023-10-04 13:03:01',NULL,5),(853,'Plate, eyelid, Jaeger','Plate, eyelid, Jaeger','','2023-10-04 13:03:10',NULL,5),(854,'Calipers, Jameson','Calipers, Jameson','','2023-10-04 13:03:24',NULL,5),(855,'Needle Holder, Castroviejo','Needle Holder, Castroviejo, curved, non-locking','','2023-10-04 13:06:47',NULL,5),(856,'Akahoshi Nucleus Chopper','Akahoshi Nucleus Chopper','','2023-10-04 13:11:38',NULL,5),(857,'Forceps, fixation, Bores','Forceps, fixation, Bores','','2023-10-04 13:11:57',NULL,5),(858,'Scissor, Castroviejo, Left','Scissor, Castroviejo, Left','','2023-10-04 13:12:47',NULL,5),(859,'Scissor, Castroviejo, Right','Scissor, Castroviejo, Right','','2023-10-04 13:12:53',NULL,5),(860,'Scissor, Intraocular','Scissor, Intraocular','','2023-10-04 13:13:12',NULL,5),(861,'Nucleus Rotater','Nucleus Rotater','','2023-10-04 13:13:27',NULL,5),(862,'Singer Sweep Polisher','Singer Sweep Polisher','','2023-10-04 13:13:41',NULL,5),(863,'Troutman Lens Loop','Troutman Lens Loop','','2023-10-04 13:14:05',NULL,5),(864,'Forceps, Utrata','Forceps, Utrata','','2023-10-04 13:14:14',NULL,5),(865,'Forceps, IOL','Forceps, IOL','','2023-10-04 13:16:24',NULL,5),(866,'EasyPHACO handpiece','EasyPHACO handpiece','','2023-10-04 13:23:34',NULL,1),(867,'I/A handpiece','I/A handpiece','','2023-10-04 13:23:44',NULL,1),(868,'Irrigation Sleeve for small animal','Irrigation Sleeve for small animal','','2023-10-04 13:23:58',NULL,2),(869,'Test chamber for phaco','Test chamber for phaco','','2023-10-04 13:24:07',NULL,1),(870,'Key for phaco tips','Key for phaco tips','','2023-10-04 13:24:16',NULL,1),(871,'Tip, Phaco, Straight','Tip, Phaco, Straight','','2023-10-04 13:24:28',NULL,5),(872,'Tip, Phaco, Kelman','Tip, Phaco, Kelman','','2023-10-04 13:24:38',NULL,5),(873,'I/A 45','I/A 45 quick tip','','2023-10-04 13:25:00','2023-10-04 13:25:04',5),(874,'I/A Straight','I/A Straight quick tip','','2023-10-04 13:25:17','2023-10-04 13:25:23',5),(875,'I/A J Hook','I/A J Hook, quick tip','','2023-10-04 13:25:36','2023-10-04 13:25:40',5),(876,'Ophtho bowl','Ophtho bowl','','2023-10-04 13:31:32',NULL,20),(877,'Diamond Burr','Cannot touch fabric, ophtho','','2023-10-04 13:32:41',NULL,10);
/*!40000 ALTER TABLE `instruments` ENABLE KEYS */;
UNLOCK TABLES;

--
-- Table structure for table `instruments_and_procedures`
--

DROP TABLE IF EXISTS `instruments_and_procedures`;
/*!40101 SET @saved_cs_client     = @@character_set_client */;
/*!50503 SET character_set_client = utf8mb4 */;
CREATE TABLE `instruments_and_procedures` (
  `instrument_id` int DEFAULT NULL,
  `procedure_id` int DEFAULT NULL,
  `quantity` int NOT NULL DEFAULT '1',
  KEY `instrument_id` (`instrument_id`),
  KEY `procedure_id` (`procedure_id`),
  CONSTRAINT `instruments_and_procedures_ibfk_1` FOREIGN KEY (`instrument_id`) REFERENCES `instruments` (`id`),
  CONSTRAINT `instruments_and_procedures_ibfk_2` FOREIGN KEY (`procedure_id`) REFERENCES `procedures` (`id`)
) ENGINE=InnoDB DEFAULT CHARSET=utf8mb4 COLLATE=utf8mb4_0900_ai_ci;
/*!40101 SET character_set_client = @saved_cs_client */;

--
-- Dumping data for table `instruments_and_procedures`
--

LOCK TABLES `instruments_and_procedures` WRITE;
/*!40000 ALTER TABLE `instruments_and_procedures` DISABLE KEYS */;
INSERT INTO `instruments_and_procedures` VALUES (5,1,1),(23,3,1);
/*!40000 ALTER TABLE `instruments_and_procedures` ENABLE KEYS */;
UNLOCK TABLES;

--
-- Table structure for table `packs`
--

DROP TABLE IF EXISTS `packs`;
/*!40101 SET @saved_cs_client     = @@character_set_client */;
/*!50503 SET character_set_client = utf8mb4 */;
CREATE TABLE `packs` (
  `id` int NOT NULL AUTO_INCREMENT,
  `name` varchar(255) DEFAULT NULL,
  `created_at` datetime DEFAULT CURRENT_TIMESTAMP,
  `updated_at` datetime DEFAULT NULL,
  `notes` varchar(255) DEFAULT NULL,
  PRIMARY KEY (`id`),
  UNIQUE KEY `ix_packs_name` (`name`),
  KEY `ix_packs_id` (`id`)
) ENGINE=InnoDB AUTO_INCREMENT=55 DEFAULT CHARSET=utf8mb4 COLLATE=utf8mb4_0900_ai_ci;
/*!40101 SET character_set_client = @saved_cs_client */;

--
-- Dumping data for table `packs`
--

LOCK TABLES `packs` WRITE;
/*!40000 ALTER TABLE `packs` DISABLE KEYS */;
INSERT INTO `packs` VALUES (1,'Ortho Pack','2023-09-21 20:17:35','2023-10-02 12:15:47','Ortho pack'),(2,'Arthrex Drill 1','2023-09-23 12:55:21','2023-10-02 12:15:30','No Sagittal Saw attachment'),(3,'Arthrex Drill 2','2023-09-23 12:57:15','2023-10-02 12:15:36','No pin collet'),(4,'Basic Pack','2023-09-26 08:17:33',NULL,'Part of every good setup'),(5,'TPLO Complete Set','2023-09-26 10:02:12',NULL,'Instruments, Screws, and plates.'),(6,'2.7/3.5 TPLO Locking Set','2023-09-26 10:02:27','2023-10-04 10:33:27','All instruments except screwdriver in Chexall pack.'),(7,'TPLO Mini Set','2023-09-26 10:02:36',NULL,'Instruments, Screws, and plates.'),(8,'Mini Frag Set','2023-09-26 10:02:54',NULL,'Instruments, Screws, and plates.'),(9,'Synthes Small Frag Plates (2.7-3.5)','2023-09-26 10:03:00','2023-10-02 15:13:24','Synthes Small Frag Plates (2.7-3.5)'),(10,'MicroAire Drill','2023-09-26 10:03:30',NULL,'Instruments, Screws, and plates.'),(11,'TPLO Saw','2023-09-26 10:04:02',NULL,'Saw, hose, 24 blade.'),(12,'Saggital Saw','2023-09-26 10:04:16',NULL,'Saw, hose.'),(13,'Oscillating Saw','2023-09-26 10:04:29',NULL,'Saw, hose.'),(14,'Minor Pack','2023-09-26 10:05:11',NULL,'Blue towel with gauze, needle holders, scissors.'),(15,'Pin Pack','2023-09-26 10:05:34',NULL,'Variety of pins.'),(16,'Back Pack','2023-09-26 10:06:00',NULL,'Stuff and a Hall air drill.'),(17,'Dental Pack','2023-09-26 10:06:16',NULL,'Stuff for dentals.'),(18,'Laparoscopy Tray','2023-09-26 10:06:46',NULL,'Stuff for laparoscopies.'),(19,'2.7 Scope','2023-09-26 10:07:03','2023-10-02 15:09:28','Stuff for arthroscopies.'),(20,'Scope camera and light source','2023-09-26 10:07:25',NULL,'Scope camera and light source.'),(21,'Arthroscopy Tray','2023-09-26 10:07:49','2023-10-04 11:48:34','Instruments for Arthroscopy.'),(22,'1.9 Scope','2023-09-26 10:08:19',NULL,'Scope.'),(23,'2.4 Mini Set','2023-09-26 10:08:26','2023-10-02 15:49:59','Non-Locking, No Screws'),(24,'Tabletop Plate Bender','2023-09-26 10:08:44',NULL,'Bends plates on the table.'),(25,'Tightrope Pack','2023-09-26 10:09:03',NULL,'Has stuff.'),(26,'K-Wire Pack','2023-09-26 10:09:21',NULL,'Has k-wires of a variety of sizes.'),(27,'Cruciate Crimping Pack','2023-09-26 10:12:11',NULL,'Has stuff.'),(28,'1.5-4.0 Instruments and Plates','2023-09-26 10:12:28',NULL,'Has stuff.'),(29,'Laceration Pack','2023-10-02 11:24:56',NULL,'ER Lac Pack'),(30,'2.7-4.0 Instruments And Plates','2023-10-02 14:04:39',NULL,'No Screws. 40x40 outer wrap.'),(31,'TPS Micro Driver','2023-10-02 14:30:12',NULL,'TPS Micro Driver'),(32,'1.5-4.0 Corts & Cancellous ','2023-10-02 14:38:43','2023-10-02 14:45:47','1.5-4.0 Corts & Cancellous '),(33,'Mini Cort Screw Caddie (1.5-2.4)','2023-10-02 14:45:55',NULL,'Mini Cort Screw Caddie (1.5-2.4)'),(34,'2.4 Scope','2023-10-02 15:11:56',NULL,'Stuff for Arthroscopies'),(35,'2.7-4.0 Screw Caddy','2023-10-04 08:45:14',NULL,'2.7-4.0 Screw Caddy'),(36,'1.5-2.4 Mini Set','2023-10-04 09:03:31',NULL,'1.5-2.4 Miniset, Plates and instruments'),(37,'2.0/2.4 PAX System','2023-10-04 10:03:09',NULL,'2.0/2.4 PAX System'),(38,'2.0/2.4 PAX SP System','2023-10-04 10:13:38',NULL,'2.0/2.4 PAX SP System'),(39,'2.7/3.5 PAX System','2023-10-04 10:14:47',NULL,'2.7/3.5 PAX System'),(40,'2.7/3.5 PAX SP System','2023-10-04 10:28:57',NULL,'2.7/3.5 PAX SP System'),(41,'2.0/2.4 TPLO Locking Set','2023-10-04 10:33:53',NULL,''),(43,'1.5/4.0 Instrument Caddy','2023-10-04 11:00:54',NULL,'1.5/4.0 Instrument Caddy'),(44,'2.7/4.0 Instrument/Plate Caddy','2023-10-04 11:22:35',NULL,'2.7/4.0 Instrument/Plate Caddy'),(45,'3.0 Scope','2023-10-04 11:45:02',NULL,'3.0 Scope'),(46,'Laparoscopy 5.5 Scope','2023-10-04 11:46:54',NULL,'Laparoscopy 5.5 Scope'),(47,'Cornea-Conjunctiva Pack','2023-10-04 12:47:18',NULL,'Cornea-Conjunctiva Pack'),(48,'Enucleation Pack','2023-10-04 12:51:14',NULL,'Enucleation Pack'),(49,'Eyelid Mass Pack','2023-10-04 12:56:26',NULL,'Eyelid Mass Pack'),(50,'Eyelid Pack','2023-10-04 13:01:58',NULL,'Eyelid Pack'),(51,'Intraocular Pack','2023-10-04 13:10:48',NULL,'Intraocular Pack'),(52,'Phaco handpiece pack','2023-10-04 13:23:17','2023-10-04 13:27:10','Phaco handpiece pack - special cleaning notes'),(53,'Intraocular Prep Pack','2023-10-04 13:30:15','2023-10-04 13:31:05','Intraocular Prep Pack'),(54,'Ophtho Prep Pack','2023-10-04 13:31:16',NULL,'Ophtho Prep Pack (no bowl)');
/*!40000 ALTER TABLE `packs` ENABLE KEYS */;
UNLOCK TABLES;

--
-- Table structure for table `packs_and_instruments`
--

DROP TABLE IF EXISTS `packs_and_instruments`;
/*!40101 SET @saved_cs_client     = @@character_set_client */;
/*!50503 SET character_set_client = utf8mb4 */;
CREATE TABLE `packs_and_instruments` (
  `pack_id` int DEFAULT NULL,
  `instrument_id` int DEFAULT NULL,
  `quantity` int NOT NULL DEFAULT '1',
  KEY `pack_id` (`pack_id`),
  KEY `instrument_id` (`instrument_id`),
  CONSTRAINT `packs_and_instruments_ibfk_1` FOREIGN KEY (`pack_id`) REFERENCES `packs` (`id`),
  CONSTRAINT `packs_and_instruments_ibfk_2` FOREIGN KEY (`instrument_id`) REFERENCES `instruments` (`id`)
) ENGINE=InnoDB DEFAULT CHARSET=utf8mb4 COLLATE=utf8mb4_0900_ai_ci;
/*!40101 SET character_set_client = @saved_cs_client */;

--
-- Dumping data for table `packs_and_instruments`
--

LOCK TABLES `packs_and_instruments` WRITE;
/*!40000 ALTER TABLE `packs_and_instruments` DISABLE KEYS */;
INSERT INTO `packs_and_instruments` VALUES (1,4,1),(1,120,2),(1,71,1),(1,72,1),(1,6,1),(1,11,1),(4,17,20),(4,135,2),(4,12,4),(4,15,1),(4,32,1),(4,33,1),(4,13,4),(4,30,1),(4,133,4),(4,97,1),(4,31,1),(4,29,1),(4,246,1),(4,73,1),(4,52,6),(4,259,2),(29,13,1),(29,133,1),(29,134,1),(29,97,1),(29,27,1),(29,260,1),(29,29,1),(29,30,1),(29,33,1),(29,135,1),(29,259,1),(14,13,2),(14,133,2),(14,52,4),(14,97,1),(14,261,1),(14,29,1),(14,30,1),(14,31,1),(14,33,1),(14,15,1),(14,259,2),(6,80,1),(6,74,1),(6,82,1),(6,81,1),(6,62,1),(6,263,1),(6,262,1),(6,196,2),(6,197,2),(6,198,2),(6,199,2),(6,201,2),(6,200,2),(6,202,2),(6,203,2),(6,153,3),(6,154,3),(6,155,3),(6,156,3),(6,158,3),(6,157,3),(6,159,3),(6,160,3),(6,161,3),(6,162,3),(6,163,3),(6,164,3),(6,165,3),(6,166,3),(6,167,3),(6,168,3),(6,169,3),(6,170,3),(6,172,3),(6,171,3),(6,173,3),(6,174,3),(6,175,3),(6,176,3),(6,177,3),(6,178,3),(6,179,3),(6,180,3),(6,181,3),(6,182,3),(6,183,3),(6,184,3),(6,185,3),(6,264,1),(5,242,1),(5,241,1),(5,99,1),(5,266,2),(5,267,1),(5,244,1),(5,268,1),(5,104,1),(5,293,1),(5,269,1),(5,270,4),(5,272,4),(5,271,4),(5,273,4),(5,274,1),(5,275,1),(5,276,2),(5,67,2),(5,68,2),(5,278,2),(5,168,4),(5,169,4),(5,170,4),(5,171,4),(5,172,4),(5,173,4),(5,174,4),(5,175,4),(5,176,4),(5,177,4),(5,178,4),(5,179,4),(5,180,4),(5,181,4),(5,279,2),(5,280,2),(5,281,2),(5,282,2),(5,283,2),(5,284,2),(5,285,2),(5,286,2),(5,288,2),(5,289,2),(5,290,2),(5,291,2),(5,292,2),(5,287,2),(5,264,1),(1,46,1),(1,296,1),(1,297,1),(1,294,1),(1,295,1),(1,298,2),(1,299,2),(1,300,2),(15,302,4),(15,301,4),(15,298,4),(15,300,4),(15,303,4),(15,304,4),(15,305,4),(15,306,4),(15,307,4),(15,271,4),(11,192,1),(11,193,1),(11,194,1),(11,195,1),(11,86,1),(12,308,1),(12,309,1),(12,310,1),(12,311,1),(13,312,1),(13,313,1),(13,314,1),(13,315,1),(7,316,1),(7,241,1),(7,101,1),(7,100,1),(7,318,1),(7,319,1),(7,320,1),(7,321,1),(7,324,1),(7,325,1),(7,243,1),(7,322,1),(7,269,1),(7,267,2),(7,266,1),(7,300,2),(7,273,2),(7,272,2),(7,299,2),(7,59,1),(7,276,1),(7,277,1),(7,323,1),(30,242,1),(30,366,1),(30,269,1),(30,332,1),(30,101,1),(30,319,1),(30,293,1),(30,334,1),(30,333,1),(30,335,1),(30,336,1),(30,337,1),(30,338,1),(30,339,1),(30,340,1),(30,341,1),(30,342,1),(30,343,1),(30,344,1),(30,345,1),(30,346,1),(30,347,1),(30,348,1),(30,349,1),(30,350,1),(30,351,1),(30,352,1),(30,353,1),(30,354,1),(30,355,1),(30,356,1),(30,357,1),(30,358,1),(30,359,1),(30,360,1),(30,361,1),(30,276,2),(30,67,4),(30,61,4),(30,64,4),(30,278,2),(30,68,2),(30,323,2),(30,362,2),(30,363,2),(10,367,1),(10,368,1),(10,369,1),(10,370,1),(10,371,1),(10,372,1),(10,373,1),(10,374,1),(10,375,1),(10,296,1),(31,376,1),(31,377,1),(31,378,1),(31,379,1),(31,380,1),(31,381,1),(31,382,1),(32,383,4),(32,384,4),(32,385,4),(32,386,4),(32,387,4),(32,388,4),(32,389,4),(32,390,4),(32,391,4),(32,392,4),(32,326,6),(32,327,6),(32,328,4),(32,329,4),(32,330,4),(32,331,2),(32,394,2),(32,395,3),(32,396,6),(32,397,6),(32,398,6),(32,399,6),(32,400,6),(32,401,6),(32,402,2),(32,403,2),(33,383,6),(33,384,6),(33,385,6),(33,386,6),(33,387,6),(33,388,6),(33,389,6),(33,390,6),(33,391,6),(33,392,6),(33,393,6),(33,394,6),(33,395,6),(33,396,6),(33,397,6),(33,398,6),(33,399,6),(33,400,6),(33,401,6),(33,326,6),(33,327,6),(33,328,6),(33,329,6),(33,330,2),(33,331,2),(33,402,2),(33,403,2),(33,404,2),(33,405,2),(33,406,6),(33,407,6),(33,408,6),(33,409,6),(33,410,6),(33,411,6),(33,412,6),(33,413,6),(33,414,6),(33,415,6),(33,416,6),(33,417,2),(33,418,2),(33,419,2),(33,420,2),(33,421,2),(33,422,2),(32,423,2),(32,424,6),(32,425,6),(32,426,6),(32,427,6),(32,428,6),(32,429,6),(32,430,6),(32,431,6),(32,432,6),(32,433,6),(32,434,6),(32,435,6),(32,439,3),(32,440,3),(32,441,6),(32,224,6),(32,225,6),(32,226,6),(32,227,6),(32,228,6),(32,229,6),(32,230,6),(32,231,6),(32,232,6),(32,233,6),(32,234,6),(32,235,6),(32,236,6),(32,237,6),(32,238,6),(32,239,6),(32,240,6),(32,443,4),(32,445,4),(32,204,4),(32,205,4),(32,206,4),(32,207,4),(32,208,4),(32,209,4),(32,210,4),(32,211,4),(32,212,4),(32,213,4),(32,214,4),(32,216,4),(32,218,4),(32,221,4),(32,223,4),(32,444,4),(19,446,1),(34,449,1),(9,450,2),(9,451,2),(9,452,2),(9,453,2),(9,454,2),(9,455,2),(9,456,2),(9,457,2),(9,458,2),(9,459,2),(9,460,2),(9,461,2),(9,462,2),(9,463,2),(9,464,2),(9,465,2),(9,466,2),(9,467,2),(9,468,2),(9,469,2),(9,470,2),(9,471,2),(9,472,2),(9,473,2),(9,474,2),(9,475,2),(9,476,2),(9,477,2),(9,478,2),(9,479,2),(9,480,2),(9,481,2),(9,483,2),(9,482,2),(9,484,2),(2,189,1),(2,188,1),(2,191,1),(2,187,1),(2,186,1),(3,186,1),(3,187,1),(3,189,1),(3,190,1),(3,191,1),(16,485,1),(16,486,1),(16,487,1),(16,488,1),(16,11,2),(16,118,1),(16,258,1),(16,489,1),(16,491,1),(16,490,1),(16,492,1),(16,494,1),(16,493,1),(16,257,1),(16,73,1),(16,495,1),(16,496,1),(16,497,1),(16,18,1),(23,535,1),(23,100,1),(23,532,1),(23,533,1),(23,320,1),(23,534,1),(23,536,1),(23,501,1),(23,502,1),(23,503,1),(23,504,1),(23,505,1),(23,506,1),(23,507,1),(23,508,1),(23,509,1),(23,510,1),(23,511,1),(23,512,1),(23,513,1),(23,514,1),(23,515,1),(23,516,1),(23,517,1),(23,518,1),(23,519,1),(23,520,1),(23,362,1),(23,363,1),(23,500,1),(23,523,1),(23,524,1),(23,499,1),(23,526,1),(23,525,1),(23,528,1),(23,530,1),(23,529,1),(23,531,1),(23,56,2),(23,59,2),(23,60,2),(23,276,2),(23,58,2),(23,277,2),(23,498,3),(35,423,6),(35,424,6),(35,425,6),(35,426,6),(35,427,6),(35,428,6),(35,429,6),(35,430,6),(35,431,6),(35,432,6),(35,433,6),(35,434,6),(35,435,6),(35,436,3),(35,437,3),(35,438,3),(35,439,3),(35,440,3),(35,441,6),(35,224,6),(35,225,6),(35,226,6),(35,227,6),(35,228,6),(35,229,6),(35,230,6),(35,231,6),(35,232,6),(35,233,6),(35,234,6),(35,235,6),(35,236,6),(35,237,6),(35,238,4),(35,445,2),(35,204,2),(35,205,2),(35,206,2),(35,207,2),(35,208,2),(35,209,2),(35,210,2),(35,211,2),(35,212,1),(35,213,2),(35,214,2),(35,215,2),(35,216,2),(35,217,2),(35,218,2),(35,221,2),(36,537,1),(36,535,1),(36,100,1),(36,538,1),(36,536,1),(36,539,1),(36,543,1),(36,540,1),(36,542,1),(36,541,1),(36,501,1),(36,502,1),(36,503,1),(36,504,1),(36,505,1),(36,506,1),(36,507,1),(36,508,1),(36,509,1),(36,510,1),(36,511,1),(36,512,1),(36,513,1),(36,514,1),(36,515,1),(36,516,1),(36,517,1),(36,518,1),(36,519,1),(36,520,1),(36,545,1),(36,546,1),(36,547,1),(36,548,1),(36,549,1),(36,550,1),(36,362,1),(36,363,1),(36,498,3),(36,56,2),(36,59,2),(36,60,2),(36,276,2),(36,58,2),(36,277,2),(37,74,1),(37,551,1),(37,653,1),(37,654,1),(37,552,1),(37,558,1),(37,559,1),(37,560,1),(37,561,1),(37,562,1),(37,563,1),(37,564,1),(37,565,1),(37,581,1),(37,582,1),(37,583,1),(37,584,1),(37,585,1),(37,586,1),(37,655,10),(37,656,10),(37,657,10),(37,658,10),(37,659,6),(37,660,6),(37,661,4),(37,662,4),(37,663,10),(37,664,10),(37,665,10),(37,666,10),(37,667,10),(37,668,6),(37,669,6),(37,670,6),(37,671,4),(37,672,4),(37,587,2),(37,59,2),(37,588,2),(38,589,1),(38,590,1),(38,591,1),(38,592,1),(38,593,1),(38,594,1),(38,595,1),(38,596,1),(38,597,1),(38,598,1),(38,599,1),(38,600,1),(38,601,1),(38,602,1),(38,603,1),(38,604,1),(38,605,1),(38,606,1),(39,74,1),(39,82,1),(39,674,1),(39,653,1),(39,607,1),(39,608,1),(39,609,1),(39,610,1),(39,611,1),(39,612,1),(39,613,1),(39,614,1),(39,615,1),(39,616,1),(39,627,1),(39,628,1),(39,629,1),(39,630,1),(39,631,1),(39,632,1),(39,633,1),(39,634,1),(39,635,1),(39,636,1),(39,637,1),(39,638,1),(39,675,5),(39,676,5),(39,677,5),(39,678,5),(39,679,5),(39,680,5),(39,681,5),(39,682,5),(39,683,5),(39,684,1),(39,685,4),(39,686,4),(39,687,2),(39,688,2),(39,689,2),(39,690,2),(39,691,2),(39,692,2),(39,693,2),(39,694,5),(39,695,5),(39,696,5),(39,697,5),(39,698,5),(39,699,5),(39,700,5),(39,701,5),(39,702,5),(39,703,5),(39,704,4),(39,705,4),(39,706,2),(39,707,2),(39,708,2),(39,709,2),(39,710,2),(39,711,2),(39,712,2),(39,713,2),(39,714,2),(39,715,2),(39,716,2),(39,717,2),(39,67,2),(39,276,2),(40,617,1),(40,618,1),(40,619,1),(40,620,1),(40,621,1),(40,622,1),(40,623,1),(40,624,1),(40,625,1),(40,626,1),(40,639,1),(40,640,1),(40,641,1),(40,642,1),(40,643,1),(40,644,1),(40,645,1),(40,646,1),(40,647,1),(40,648,1),(40,649,1),(40,650,1),(40,651,1),(40,652,1),(41,537,1),(41,543,1),(41,79,1),(41,718,1),(41,736,1),(41,737,1),(41,719,1),(41,720,1),(41,721,1),(41,722,1),(41,723,3),(41,724,3),(41,725,3),(41,726,3),(41,727,3),(41,728,3),(41,729,3),(41,730,3),(41,731,2),(41,732,2),(41,733,2),(41,734,2),(41,735,2),(41,394,2),(41,395,2),(41,396,2),(41,397,2),(41,398,2),(41,399,2),(41,400,2),(41,401,2),(41,407,2),(41,408,2),(41,409,2),(41,410,2),(41,411,2),(41,412,2),(41,413,2),(41,414,2),(41,415,2),(41,416,2),(41,417,2),(41,738,3),(41,739,3),(41,740,3),(41,741,3),(41,742,3),(41,743,3),(41,744,3),(41,745,3),(41,746,3),(41,747,3),(41,748,3),(41,749,3),(41,750,3),(43,501,1),(43,502,1),(43,503,1),(43,504,1),(43,505,1),(43,506,1),(43,507,1),(43,544,1),(43,545,1),(43,546,1),(43,547,1),(43,548,1),(43,508,1),(43,509,1),(43,510,1),(43,511,1),(43,512,1),(43,513,1),(43,514,1),(43,362,1),(43,336,1),(43,337,1),(43,338,1),(43,339,1),(43,340,1),(43,341,1),(43,342,1),(43,343,1),(43,344,1),(43,756,1),(43,757,1),(43,758,1),(43,759,1),(43,764,1),(43,761,1),(43,762,1),(43,763,1),(43,345,1),(43,346,1),(43,347,1),(43,348,1),(43,349,1),(43,350,1),(43,351,1),(43,352,1),(43,353,1),(43,760,1),(43,354,1),(43,355,1),(43,356,1),(43,357,1),(43,358,1),(43,359,1),(43,360,1),(43,361,1),(43,765,1),(43,766,1),(43,767,1),(43,768,1),(43,769,1),(43,770,1),(43,498,3),(43,335,3),(43,383,4),(43,384,4),(43,385,4),(43,386,4),(43,387,4),(43,388,4),(43,389,4),(43,390,4),(43,392,4),(43,393,4),(43,394,4),(43,395,6),(43,396,6),(43,397,6),(43,398,6),(43,399,6),(43,400,6),(43,401,6),(43,326,4),(43,327,4),(43,328,4),(43,329,4),(43,330,2),(43,331,2),(43,423,6),(43,424,6),(43,425,6),(43,426,6),(43,427,6),(43,428,6),(43,429,6),(43,430,6),(43,431,6),(43,432,6),(43,433,4),(43,434,4),(43,435,2),(43,436,2),(43,437,2),(43,438,2),(43,441,8),(43,224,8),(43,225,8),(43,226,8),(43,227,8),(43,228,8),(43,229,8),(43,230,8),(43,231,8),(43,232,8),(43,233,8),(43,234,8),(43,235,8),(43,236,8),(43,237,8),(43,238,8),(43,445,2),(43,204,2),(43,205,2),(43,206,2),(43,207,2),(43,208,2),(43,209,2),(43,210,2),(43,211,2),(43,212,2),(43,213,2),(43,214,2),(43,215,2),(43,216,2),(43,217,2),(43,218,2),(43,221,2),(43,223,2),(43,444,2),(44,242,1),(44,2,1),(44,751,1),(44,101,1),(44,333,1),(44,332,1),(44,753,1),(44,754,1),(44,319,1),(44,755,1),(44,771,1),(44,336,1),(44,337,1),(44,338,1),(44,339,1),(44,340,1),(44,341,1),(44,342,1),(44,343,1),(44,344,1),(44,345,1),(44,346,1),(44,347,1),(44,348,1),(44,349,1),(44,350,1),(44,351,1),(44,352,1),(44,353,1),(44,354,1),(44,355,1),(44,356,1),(44,357,1),(44,358,1),(44,359,1),(44,360,1),(44,361,1),(44,335,3),(44,363,2),(44,276,2),(44,67,2),(44,61,2),(44,64,2),(44,323,2),(44,68,2),(44,278,2),(25,772,1),(25,773,1),(25,775,1),(25,774,1),(25,776,1),(25,777,1),(25,778,1),(25,272,2),(25,273,2),(25,70,2),(25,779,1),(25,780,4),(22,781,1),(22,782,1),(22,447,1),(22,791,1),(34,783,1),(34,792,1),(34,789,1),(19,784,1),(19,794,1),(19,789,1),(20,785,1),(20,786,1),(20,787,1),(45,796,1),(45,795,1),(45,793,1),(45,790,1),(46,797,1),(46,798,1),(21,799,1),(21,800,1),(21,803,1),(21,801,1),(21,804,1),(21,805,1),(21,806,1),(21,807,1),(21,808,1),(21,810,1),(21,812,1),(21,813,1),(21,814,1),(21,821,1),(21,818,1),(21,244,1),(21,820,1),(21,823,1),(21,824,1),(21,822,1),(21,259,1),(21,33,1),(21,31,1),(21,134,1),(21,135,1),(21,97,1),(21,830,1),(18,825,1),(18,826,1),(18,827,1),(18,829,1),(18,828,1),(47,831,1),(47,832,1),(47,496,1),(47,833,1),(47,834,1),(47,839,1),(47,835,1),(47,836,1),(47,837,1),(47,838,1),(47,840,1),(47,841,1),(47,842,1),(48,135,1),(48,259,1),(48,496,1),(48,33,1),(48,843,1),(48,845,1),(48,13,1),(48,133,2),(48,844,1),(48,846,1),(49,832,1),(49,496,1),(49,849,1),(49,847,1),(49,848,1),(49,850,1),(49,841,1),(50,33,1),(50,259,1),(50,832,1),(50,855,1),(50,851,1),(50,843,1),(50,852,2),(50,853,1),(50,854,1),(50,133,2),(50,844,1),(50,52,2),(50,841,1),(51,856,1),(51,831,1),(51,832,1),(51,496,1),(51,857,1),(51,858,1),(51,859,1),(51,851,1),(51,836,1),(51,837,1),(51,860,1),(51,845,1),(51,861,1),(51,862,1),(51,863,1),(51,864,1),(51,841,1),(51,865,1),(52,866,1),(52,869,1),(52,870,1),(52,871,1),(52,872,1),(52,867,1),(52,873,1),(52,874,1),(52,875,1),(52,868,2),(53,17,20),(53,53,10),(53,876,1),(54,17,20),(54,53,5);
/*!40000 ALTER TABLE `packs_and_instruments` ENABLE KEYS */;
UNLOCK TABLES;

--
-- Table structure for table `packs_and_procedures`
--

DROP TABLE IF EXISTS `packs_and_procedures`;
/*!40101 SET @saved_cs_client     = @@character_set_client */;
/*!50503 SET character_set_client = utf8mb4 */;
CREATE TABLE `packs_and_procedures` (
  `pack_id` int DEFAULT NULL,
  `procedure_id` int DEFAULT NULL,
  KEY `pack_id` (`pack_id`),
  KEY `procedure_id` (`procedure_id`),
  CONSTRAINT `packs_and_procedures_ibfk_1` FOREIGN KEY (`pack_id`) REFERENCES `packs` (`id`),
  CONSTRAINT `packs_and_procedures_ibfk_2` FOREIGN KEY (`procedure_id`) REFERENCES `procedures` (`id`)
) ENGINE=InnoDB DEFAULT CHARSET=utf8mb4 COLLATE=utf8mb4_0900_ai_ci;
/*!40101 SET character_set_client = @saved_cs_client */;

--
-- Dumping data for table `packs_and_procedures`
--

LOCK TABLES `packs_and_procedures` WRITE;
/*!40000 ALTER TABLE `packs_and_procedures` DISABLE KEYS */;
INSERT INTO `packs_and_procedures` VALUES (1,1),(2,1);
/*!40000 ALTER TABLE `packs_and_procedures` ENABLE KEYS */;
UNLOCK TABLES;

--
-- Table structure for table `procedures`
--

DROP TABLE IF EXISTS `procedures`;
/*!40101 SET @saved_cs_client     = @@character_set_client */;
/*!50503 SET character_set_client = utf8mb4 */;
CREATE TABLE `procedures` (
  `id` int NOT NULL AUTO_INCREMENT,
  `name` varchar(255) DEFAULT NULL,
  `description` varchar(255) DEFAULT NULL,
  `created_at` datetime DEFAULT CURRENT_TIMESTAMP,
  `updated_at` datetime DEFAULT NULL,
  PRIMARY KEY (`id`)
) ENGINE=InnoDB AUTO_INCREMENT=10 DEFAULT CHARSET=utf8mb4 COLLATE=utf8mb4_0900_ai_ci;
/*!40101 SET character_set_client = @saved_cs_client */;

--
-- Dumping data for table `procedures`
--

LOCK TABLES `procedures` WRITE;
/*!40000 ALTER TABLE `procedures` DISABLE KEYS */;
INSERT INTO `procedures` VALUES (1,'TPLO','Tibial Plateau Leveling Osteotomy','2023-09-21 18:41:48',NULL),(2,'OVH','Spay','2023-09-25 13:53:20',NULL),(3,'Arthroscopy','Using a camera to look at joints.','2023-09-25 13:54:06',NULL),(4,'R/U Fracture Repair','Radial Ulna fracture repair','2023-09-25 13:54:37',NULL),(5,'TPLO MD','Dosch TPLO','2023-09-25 13:54:51',NULL),(6,'TPLO TK','Tiffany TPLO','2023-09-25 13:55:00',NULL),(7,'TPLO MA','Marty TPLO','2023-09-25 13:55:42',NULL),(8,'Femur Fracture','Femur Fracture Repair','2023-09-25 13:55:57',NULL),(9,'Humeral Condylar Fracture','Humeral Condylar Fracture Repair','2023-09-25 13:56:38',NULL);
/*!40000 ALTER TABLE `procedures` ENABLE KEYS */;
UNLOCK TABLES;

--
-- Table structure for table `users`
--

DROP TABLE IF EXISTS `users`;
/*!40101 SET @saved_cs_client     = @@character_set_client */;
/*!50503 SET character_set_client = utf8mb4 */;
CREATE TABLE `users` (
  `id` int NOT NULL AUTO_INCREMENT,
  `email` varchar(255) DEFAULT NULL,
  `password` varchar(255) DEFAULT NULL,
  `created_at` datetime DEFAULT CURRENT_TIMESTAMP,
  `updated_at` datetime DEFAULT NULL,
  PRIMARY KEY (`id`),
  UNIQUE KEY `ix_users_email` (`email`),
  KEY `ix_users_id` (`id`)
) ENGINE=InnoDB DEFAULT CHARSET=utf8mb4 COLLATE=utf8mb4_0900_ai_ci;
/*!40101 SET character_set_client = @saved_cs_client */;

--
-- Dumping data for table `users`
--

LOCK TABLES `users` WRITE;
/*!40000 ALTER TABLE `users` DISABLE KEYS */;
/*!40000 ALTER TABLE `users` ENABLE KEYS */;
UNLOCK TABLES;

--
-- Table structure for table `users_and_clinics`
--

DROP TABLE IF EXISTS `users_and_clinics`;
/*!40101 SET @saved_cs_client     = @@character_set_client */;
/*!50503 SET character_set_client = utf8mb4 */;
CREATE TABLE `users_and_clinics` (
  `clinic_id` int DEFAULT NULL,
  `user_id` int DEFAULT NULL,
  KEY `clinic_id` (`clinic_id`),
  KEY `user_id` (`user_id`),
  CONSTRAINT `users_and_clinics_ibfk_1` FOREIGN KEY (`clinic_id`) REFERENCES `clinics` (`id`),
  CONSTRAINT `users_and_clinics_ibfk_2` FOREIGN KEY (`user_id`) REFERENCES `users` (`id`)
) ENGINE=InnoDB DEFAULT CHARSET=utf8mb4 COLLATE=utf8mb4_0900_ai_ci;
/*!40101 SET character_set_client = @saved_cs_client */;

--
-- Dumping data for table `users_and_clinics`
--

LOCK TABLES `users_and_clinics` WRITE;
/*!40000 ALTER TABLE `users_and_clinics` DISABLE KEYS */;
/*!40000 ALTER TABLE `users_and_clinics` ENABLE KEYS */;
UNLOCK TABLES;
/*!40103 SET TIME_ZONE=@OLD_TIME_ZONE */;

/*!40101 SET SQL_MODE=@OLD_SQL_MODE */;
/*!40014 SET FOREIGN_KEY_CHECKS=@OLD_FOREIGN_KEY_CHECKS */;
/*!40014 SET UNIQUE_CHECKS=@OLD_UNIQUE_CHECKS */;
/*!40101 SET CHARACTER_SET_CLIENT=@OLD_CHARACTER_SET_CLIENT */;
/*!40101 SET CHARACTER_SET_RESULTS=@OLD_CHARACTER_SET_RESULTS */;
/*!40101 SET COLLATION_CONNECTION=@OLD_COLLATION_CONNECTION */;
/*!40111 SET SQL_NOTES=@OLD_SQL_NOTES */;

-- Dump completed on 2023-10-04 13:49:08
